/* ML-DSA octet-boundary KAT vectors for the TI C2000 C28x example.
 *
 * GENERATED - do not edit by hand.  Produced by gen_kat.c against a
 * wolfSSL host build; every value is seed driven so a regeneration
 * reproduces this file exactly.
 *
 * Keys come from wc_MlDsaKey_MakeKeyFromSeed() with a fixed 32 octet
 * seed; signatures from wc_MlDsaKey_SignCtx*WithSeed() with a fixed
 * 32 octet rnd.  The message is msg[i] = i & 0xFF, 512 octets, the
 * same one wolfcrypt/test/test.c uses.
 *
 * The _packed arrays hold the same octets two per 16-bit cell, low
 * octet first: the layout an octet stream has coming off flash or a
 * byte oriented link on a CHAR_BIT == 16 target.  wc_UnpackOctets()
 * converts them to the one-octet-per-cell form the APIs take. */
#ifndef MLDSA_OCTET_KAT_H
#define MLDSA_OCTET_KAT_H

#define KAT_MLDSA_CTX  "wolfSSL-C28x"

static const unsigned char kat_mldsa44_pub[] = {
    0xd7, 0xb2, 0xb4, 0x72, 0x54, 0xaa, 0xe0, 0xdb, 0x45, 0xe7, 0x93, 0x0d,
    0x4a, 0x98, 0xd2, 0xc9, 0x7d, 0x8f, 0x13, 0x97, 0xd1, 0x78, 0x9d, 0xaf,
    0xa1, 0x70, 0x24, 0xb3, 0x16, 0xe9, 0xbe, 0xc9, 0x4f, 0xc9, 0x94, 0x6d,
    0x42, 0xf1, 0x9b, 0x79, 0xa7, 0x41, 0x3b, 0xba, 0xa3, 0x3e, 0x71, 0x49,
    0xcb, 0x42, 0xed, 0x51, 0x15, 0x69, 0x3a, 0xc0, 0x41, 0xfa, 0xcb, 0x98,
    0x8a, 0xde, 0xb5, 0xfe, 0x0e, 0x1d, 0x86, 0x31, 0x18, 0x49, 0x95, 0xb5,
    0x92, 0xc3, 0x97, 0xd2, 0x29, 0x4e, 0x2e, 0x14, 0xf9, 0x0a, 0xa4, 0x14,
    0xba, 0x38, 0x26, 0x89, 0x9a, 0xc4, 0x3f, 0x4c, 0xcc, 0xac, 0xbc, 0x26,
    0xe9, 0xa8, 0x32, 0xb9, 0x51, 0x18, 0xd5, 0xcb, 0x43, 0x3c, 0xbe, 0xf9,
    0x66, 0x0b, 0x00, 0x13, 0x8e, 0x08, 0x17, 0xf6, 0x1e, 0x76, 0x2c, 0xa2,
    0x74, 0xc3, 0x6a, 0xd5, 0x54, 0xeb, 0x22, 0xaa, 0xc1, 0x16, 0x2e, 0x4a,
    0xb0, 0x1a, 0xcb, 0xa1, 0xe3, 0x8c, 0x4e, 0xfd, 0x8f, 0x80, 0xb6, 0x5b,
    0x33, 0x3d, 0x0f, 0x72, 0xe5, 0x5d, 0xfe, 0x71, 0xce, 0x9c, 0x1e, 0xbb,
    0x98, 0x89, 0xe7, 0xc5, 0x61, 0x06, 0xc0, 0xfd, 0x73, 0x80, 0x3a, 0x2a,
    0xec, 0xfe, 0xaf, 0xde, 0xd7, 0xaa, 0x3c, 0xb2, 0xce, 0xda, 0x54, 0xd1,
    0x2b, 0xd8, 0xcd, 0x36, 0xa7, 0x8c, 0xf9, 0x75, 0x94, 0x3b, 0x47, 0xab,
    0xd2, 0x5e, 0x88, 0x0a, 0xc4, 0x52, 0xe5, 0x74, 0x2e, 0xd1, 0xe8, 0xd1,
    0xa8, 0x2a, 0xfa, 0x86, 0xe5, 0x90, 0xc7, 0x58, 0xc1, 0x5a, 0xe4, 0xd2,
    0x84, 0x0d, 0x92, 0xbc, 0xa1, 0xa5, 0x09, 0x0f, 0x40, 0x49, 0x65, 0x97,
    0xfc, 0xa7, 0xd8, 0xb9, 0x51, 0x3f, 0x1a, 0x1b, 0xda, 0x6e, 0x95, 0x0a,
    0xaa, 0x98, 0xde, 0x46, 0x75, 0x07, 0xd4, 0xa4, 0xf5, 0xa4, 0xf0, 0x59,
    0x92, 0x16, 0x58, 0x2c, 0x35, 0x72, 0xf6, 0x2e, 0xda, 0x89, 0x05, 0xab,
    0x35, 0x81, 0x67, 0x0c, 0x4a, 0x02, 0x77, 0x7a, 0x33, 0xe0, 0xca, 0x72,
    0x95, 0xfd, 0x8f, 0x4f, 0xf6, 0xd1, 0xa0, 0xa3, 0xa7, 0x68, 0x3d, 0x65,
    0xf5, 0xf5, 0xf7, 0xfc, 0x60, 0xda, 0x02, 0x3e, 0x82, 0x6c, 0x5f, 0x92,
    0x14, 0x4c, 0x02, 0xf7, 0xd1, 0xba, 0x10, 0x75, 0x98, 0x75, 0x53, 0xea,
    0x93, 0x67, 0xfc, 0xd7, 0x6d, 0x99, 0x0b, 0x7f, 0xa9, 0x9c, 0xd4, 0x5a,
    0xfd, 0xb8, 0x83, 0x6d, 0x43, 0xe4, 0x59, 0xf5, 0x18, 0x7d, 0xf0, 0x58,
    0x47, 0x97, 0x09, 0xa0, 0x1e, 0xa6, 0x83, 0x59, 0x35, 0xfa, 0x70, 0x46,
    0x09, 0x90, 0xcd, 0x3d, 0xc1, 0xba, 0x40, 0x1b, 0xa9, 0x4b, 0xab, 0x1d,
    0xde, 0x41, 0xac, 0x67, 0xab, 0x33, 0x19, 0xdc, 0xac, 0xa0, 0x60, 0x48,
    0xd4, 0xc4, 0xee, 0xf2, 0x7e, 0xe1, 0x3a, 0x9c, 0x17, 0xd0, 0x53, 0x8f,
    0x43, 0x0f, 0x2d, 0x64, 0x2d, 0xc2, 0x41, 0x56, 0x60, 0xde, 0x78, 0x87,
    0x7d, 0x8d, 0x8a, 0xbc, 0x72, 0x52, 0x39, 0x78, 0xc0, 0x42, 0xe4, 0x28,
    0x5f, 0x43, 0x19, 0x84, 0x6c, 0x44, 0x12, 0x62, 0x42, 0x97, 0x68, 0x44,
    0xc1, 0x0e, 0x55, 0x6b, 0xa2, 0x15, 0xb5, 0xa7, 0x19, 0xe5, 0x9d, 0x0c,
    0x6b, 0x2a, 0x96, 0xd3, 0x98, 0x59, 0x07, 0x1f, 0xdc, 0xc2, 0xcd, 0xe7,
    0x52, 0x4a, 0x7b, 0xed, 0xae, 0x54, 0xe8, 0x5b, 0x31, 0x8e, 0x85, 0x4e,
    0x8f, 0xe2, 0xb2, 0xf3, 0xed, 0xfa, 0xc9, 0x71, 0x91, 0x28, 0x27, 0x0a,
    0xaf, 0xd1, 0xe5, 0x04, 0x4c, 0x3a, 0x4f, 0xda, 0xfd, 0x9f, 0xf3, 0x1f,
    0x90, 0x78, 0x4b, 0x8e, 0x8e, 0x45, 0x96, 0x14, 0x4a, 0x0d, 0xaf, 0x58,
    0x65, 0x11, 0xd3, 0xd9, 0x96, 0x2b, 0x9e, 0xa9, 0x5a, 0xf1, 0x97, 0xb4,
    0xe5, 0xfc, 0x60, 0xf2, 0xb1, 0xed, 0x15, 0xde, 0x3a, 0x5b, 0xef, 0x5f,
    0x89, 0xbd, 0xc7, 0x9d, 0x91, 0x05, 0x1d, 0x9b, 0x28, 0x16, 0xe7, 0x4f,
    0xa5, 0x45, 0x31, 0xef, 0xdc, 0x1c, 0xbe, 0x74, 0xd4, 0x48, 0x85, 0x7f,
    0x47, 0x6b, 0xcd, 0x58, 0xf2, 0x1c, 0x0b, 0x65, 0x3b, 0x3b, 0x76, 0xa4,
    0xe0, 0x76, 0xa6, 0x55, 0x9a, 0x30, 0x27, 0x18, 0x55, 0x5c, 0xc6, 0x3f,
    0x74, 0x85, 0x9a, 0xab, 0xab, 0x92, 0x5f, 0x02, 0x38, 0x61, 0xca, 0x8c,
    0xd0, 0xf7, 0xba, 0xdb, 0x28, 0x71, 0xf6, 0x7d, 0x55, 0x32, 0x6d, 0x74,
    0x51, 0x13, 0x5a, 0xd4, 0x5f, 0x4a, 0x1b, 0xa6, 0x91, 0x18, 0xfb, 0xb2,
    0xc8, 0xa3, 0x0e, 0xec, 0x93, 0x92, 0xef, 0x3f, 0x97, 0x70, 0x66, 0xc9,
    0xad, 0xd5, 0xc7, 0x10, 0xcc, 0x64, 0x7b, 0x15, 0x14, 0xd2, 0x17, 0xd9,
    0x58, 0xc7, 0x01, 0x7c, 0x3e, 0x90, 0xfd, 0x20, 0xc0, 0x4e, 0x67, 0x4b,
    0x90, 0x48, 0x6e, 0x93, 0x70, 0xa3, 0x1a, 0x00, 0x1d, 0x32, 0xf4, 0x73,
    0x97, 0x9e, 0x49, 0x06, 0x74, 0x9e, 0x7e, 0x47, 0x7f, 0xa0, 0xb7, 0x45,
    0x08, 0xf8, 0xa5, 0xf2, 0x37, 0x83, 0x12, 0xb8, 0x3c, 0x25, 0xbd, 0x38,
    0x8c, 0xa0, 0xb0, 0xff, 0xf7, 0x47, 0x8b, 0xaf, 0x42, 0xb7, 0x16, 0x67,
    0xed, 0xaa, 0xc9, 0x7c, 0x46, 0xb1, 0x29, 0x64, 0x3e, 0x58, 0x6e, 0x5b,
    0x05, 0x5a, 0x0c, 0x21, 0x19, 0x46, 0xd4, 0xf3, 0x6e, 0x67, 0x5b, 0xed,
    0x58, 0x60, 0xfa, 0x04, 0x2a, 0x31, 0x5d, 0x98, 0x26, 0x16, 0x4d, 0x6a,
    0x92, 0x37, 0xc3, 0x5a, 0x5f, 0xbf, 0x49, 0x54, 0x90, 0xa5, 0xbd, 0x4d,
    0xf2, 0x48, 0xb9, 0x5c, 0x4a, 0xae, 0x77, 0x84, 0xb6, 0x05, 0x67, 0x31,
    0x66, 0xac, 0x42, 0x45, 0xb5, 0xb4, 0xb0, 0x82, 0xa0, 0x9e, 0x93, 0x23,
    0xe6, 0x2f, 0x20, 0x78, 0xc5, 0xb7, 0x67, 0x83, 0x44, 0x6d, 0xef, 0xd7,
    0x36, 0xad, 0x3a, 0x37, 0x02, 0xd4, 0x9b, 0x08, 0x98, 0x44, 0x90, 0x0a,
    0x61, 0x83, 0x33, 0x97, 0xbc, 0x44, 0x19, 0xb3, 0x0d, 0x7a, 0x97, 0xa0,
    0xb3, 0x87, 0xc1, 0x91, 0x14, 0x74, 0xc4, 0xd4, 0x1b, 0x53, 0xe3, 0x2a,
    0x97, 0x7a, 0xcb, 0x6f, 0x0e, 0xa7, 0x5d, 0xb6, 0x5b, 0xb3, 0x9e, 0x59,
    0xe7, 0x01, 0xe7, 0x69, 0x57, 0xde, 0xf6, 0xf2, 0xd4, 0x45, 0x59, 0xc3,
    0x1a, 0x77, 0x12, 0x2b, 0x52, 0x04, 0xe3, 0xb5, 0xc2, 0x19, 0xf1, 0x68,
    0x8b, 0x14, 0xed, 0x0b, 0xc0, 0xb8, 0x01, 0xb3, 0xe6, 0xe8, 0x2d, 0xcd,
    0x43, 0xe9, 0xc0, 0xe9, 0xf4, 0x17, 0x44, 0xcd, 0x98, 0x15, 0xbd, 0x1b,
    0xc8, 0x82, 0x0d, 0x8b, 0xb1, 0x23, 0xf0, 0x4f, 0xac, 0xd1, 0xb1, 0xb6,
    0x85, 0xdd, 0x5a, 0x2b, 0x1b, 0x8d, 0xbb, 0xf3, 0xed, 0x93, 0x36, 0x70,
    0xf0, 0x95, 0xa1, 0x80, 0xb4, 0xf1, 0x92, 0xd0, 0x8b, 0x10, 0xb8, 0xfa,
    0xbb, 0xdf, 0xcc, 0x2b, 0x24, 0x51, 0x8e, 0x32, 0xee, 0xa0, 0xa5, 0xe0,
    0xc9, 0x04, 0xca, 0x84, 0x47, 0x80, 0x08, 0x3f, 0x3b, 0x0c, 0xd2, 0xd0,
    0xb8, 0xb6, 0xaf, 0x67, 0xbc, 0x35, 0x5b, 0x94, 0x94, 0x02, 0x5d, 0xc7,
    0xb0, 0xa7, 0x8f, 0xa8, 0x0e, 0x3a, 0x2d, 0xbf, 0xeb, 0x51, 0x32, 0x88,
    0x51, 0xd6, 0x07, 0x81, 0x98, 0xe9, 0x49, 0x36, 0x51, 0xae, 0x78, 0x7e,
    0xc0, 0x25, 0x1f, 0x92, 0x2b, 0xa3, 0x0e, 0x9f, 0x51, 0xdf, 0x62, 0xa6,
    0xd7, 0x27, 0x84, 0xcf, 0x3d, 0xd2, 0x05, 0x39, 0x31, 0x76, 0xdf, 0xa3,
    0x24, 0xa5, 0x12, 0xbd, 0x94, 0x97, 0x0a, 0x36, 0xdd, 0x34, 0xa5, 0x14,
    0xa8, 0x67, 0x91, 0xf0, 0xeb, 0x36, 0xf0, 0x14, 0x5b, 0x09, 0xab, 0x64,
    0x65, 0x1b, 0x4a, 0x03, 0x13, 0xb2, 0x99, 0x61, 0x1a, 0x2a, 0x1c, 0x48,
    0x89, 0x16, 0x27, 0x59, 0x87, 0x68, 0xa3, 0x11, 0x40, 0x60, 0xba, 0x44,
    0x43, 0x48, 0x6d, 0xf5, 0x15, 0x22, 0xa1, 0xce, 0x88, 0xb3, 0x09, 0x85,
    0xc2, 0x16, 0xf8, 0xe6, 0xed, 0x17, 0x8d, 0xd5, 0x67, 0xb3, 0x04, 0xa0,
    0xd4, 0xca, 0xfb, 0xa8, 0x82, 0xa2, 0x83, 0x42, 0xf1, 0x7a, 0x9a, 0xa2,
    0x6a, 0xe5, 0x8d, 0xb6, 0x30, 0x08, 0x3d, 0x2c, 0x35, 0x8f, 0xdf, 0x56,
    0x6c, 0x3f, 0x5d, 0x62, 0xa4, 0x28, 0x56, 0x7b, 0xc9, 0xea, 0x8c, 0xe9,
    0x5c, 0xaa, 0x0f, 0x35, 0x47, 0x4b, 0x0b, 0xfa, 0x8f, 0x33, 0x9a, 0x25,
    0x0a, 0xb4, 0xdf, 0xcf, 0x20, 0x83, 0xbe, 0x8e, 0xef, 0xbc, 0x10, 0x55,
    0xe1, 0x8f, 0xe1, 0x53, 0x70, 0xee, 0xcb, 0x26, 0x05, 0x66, 0xd8, 0x3f,
    0xf0, 0x6b, 0x21, 0x1a, 0xae, 0xc4, 0x3c, 0xa2, 0x9b, 0x54, 0xcc, 0xd0,
    0x0f, 0x88, 0x15, 0xa2, 0x46, 0x5e, 0xf0, 0xb4, 0x65, 0x15, 0xcc, 0x7e,
    0x41, 0xf3, 0x12, 0x4f, 0x09, 0xef, 0xff, 0x73, 0x93, 0x09, 0xab, 0x58,
    0xb2, 0x9a, 0x14, 0x59, 0xa0, 0x0b, 0xce, 0x50, 0x38, 0xe9, 0x38, 0xc9,
    0x67, 0x8f, 0x72, 0xeb, 0x0e, 0x4e, 0xe5, 0xfd, 0xaa, 0xe6, 0x6d, 0x9f,
    0x85, 0x73, 0xfc, 0x97, 0xfc, 0x42, 0xb4, 0x95, 0x9f, 0x4b, 0xf8, 0xb6,
    0x1d, 0x78, 0x43, 0x3e, 0x86, 0xb0, 0x33, 0x5d, 0x6e, 0x91, 0x91, 0xc4,
    0xd8, 0xbf, 0x48, 0x7b, 0x39, 0x05, 0xc1, 0x08, 0xcf, 0xd6, 0xac, 0x24,
    0xb0, 0xce, 0xb7, 0xdc, 0xb7, 0xcf, 0x51, 0xf8, 0x4d, 0x0e, 0xd6, 0x87,
    0xb9, 0x5e, 0xae, 0xb1, 0xc5, 0x33, 0xc0, 0x6f, 0x0d, 0x97, 0x02, 0x3d,
    0x92, 0xa7, 0x08, 0x25, 0x83, 0x7b, 0x59, 0xba, 0x6c, 0xb7, 0xd4, 0xe5,
    0x6b, 0x0a, 0x87, 0xc2, 0x03, 0x86, 0x2a, 0xe8, 0xf3, 0x15, 0xba, 0x59,
    0x25, 0xe8, 0xed, 0xef, 0xa6, 0x79, 0x36, 0x9a, 0x22, 0x02, 0x76, 0x61,
    0x51, 0xf1, 0x6a, 0x96, 0x5f, 0x9f, 0x81, 0xec, 0xe7, 0x6c, 0xc0, 0x70,
    0xb5, 0x58, 0x69, 0xe4, 0xdb, 0x97, 0x84, 0xcf, 0x05, 0xc8, 0x30, 0xb3,
    0x24, 0x2c, 0x83, 0x12
};
static const unsigned char kat_mldsa44_sig[] = {
    0xb5, 0xbf, 0x80, 0xfc, 0x92, 0x5a, 0x4f, 0x13, 0xcb, 0xb5, 0x2a, 0xf0,
    0x37, 0xe8, 0xbb, 0x70, 0xa6, 0x3f, 0x32, 0x81, 0x3b, 0x6b, 0x57, 0xd3,
    0x5f, 0xc4, 0x59, 0xbd, 0xc5, 0x1c, 0x81, 0x81, 0xec, 0xfc, 0x8e, 0xfd,
    0xce, 0x00, 0xb8, 0x5e, 0xdc, 0xae, 0x8c, 0x05, 0xc9, 0x6f, 0x22, 0xac,
    0x75, 0xf4, 0x3e, 0x8b, 0xf7, 0xbe, 0x0c, 0xf5, 0x7f, 0x3d, 0xd9, 0xbf,
    0x40, 0xdb, 0x86, 0xf8, 0x52, 0xf3, 0x4a, 0x6f, 0x7d, 0x9c, 0x00, 0xf5,
    0x83, 0x15, 0xeb, 0xaa, 0x2c, 0xad, 0x11, 0xb8, 0x23, 0xe4, 0x30, 0x2e,
    0xa3, 0x42, 0x8b, 0x1c, 0x2b, 0xdb, 0xbc, 0xdf, 0x40, 0xda, 0x3d, 0x6a,
    0x42, 0x92, 0xdb, 0x56, 0x52, 0x24, 0x29, 0x8a, 0x84, 0x0a, 0x39, 0x5d,
    0x14, 0x12, 0x52, 0x5c, 0x93, 0x50, 0xd6, 0x16, 0xa7, 0x48, 0x76, 0xf2,
    0x0b, 0xcf, 0x51, 0xad, 0x86, 0x83, 0x2f, 0xa9, 0xb9, 0x6c, 0x25, 0xe0,
    0x8f, 0xea, 0x96, 0x4e, 0xf6, 0x1f, 0x14, 0x18, 0x13, 0xad, 0x95, 0x0b,
    0x9e, 0xfa, 0x4b, 0x21, 0x18, 0x8d, 0xfc, 0xac, 0x54, 0x09, 0x78, 0x3b,
    0xcd, 0xea, 0x7a, 0xd1, 0x98, 0xaf, 0x54, 0x31, 0x75, 0x87, 0xa5, 0x92,
    0xda, 0x65, 0x1a, 0xf3, 0xe0, 0xc9, 0x1b, 0xc1, 0x89, 0x50, 0x0f, 0xd9,
    0x36, 0x31, 0xf5, 0xf5, 0xbd, 0x35, 0x65, 0x0f, 0xda, 0x91, 0x33, 0xf9,
    0xe3, 0xeb, 0x86, 0x5e, 0x9b, 0x1d, 0xc6, 0x31, 0x85, 0xad, 0xa1, 0xb6,
    0xd6, 0x2c, 0x2b, 0x50, 0x1b, 0x9c, 0x0d, 0x03, 0x7b, 0xd5, 0x9c, 0xf8,
    0x37, 0x56, 0xbd, 0xef, 0x05, 0x90, 0x65, 0x08, 0xf7, 0x9e, 0xe6, 0x51,
    0xe8, 0xc2, 0xd5, 0xcf, 0x6d, 0x16, 0x96, 0x9a, 0xf0, 0x1c, 0x1f, 0xaa,
    0x51, 0x97, 0xcd, 0xab, 0x3c, 0xc6, 0x3c, 0xd6, 0xd1, 0xbb, 0xb9, 0x09,
    0x21, 0x5c, 0xd1, 0x60, 0x62, 0x97, 0x32, 0x15, 0xe3, 0x11, 0x7a, 0x37,
    0x0a, 0xfa, 0xf3, 0xbb, 0x07, 0xdf, 0xec, 0x68, 0xbb, 0x89, 0x00, 0x53,
    0x35, 0xb2, 0x14, 0xaf, 0xe0, 0xf7, 0x7e, 0x48, 0x6d, 0x14, 0x82, 0x04,
    0x67, 0x4e, 0xcc, 0x0d, 0xb7, 0x0a, 0x67, 0x43, 0x74, 0x70, 0xb7, 0x6f,
    0xb2, 0x12, 0x35, 0xea, 0x7d, 0xc5, 0x32, 0xd4, 0xf8, 0xb1, 0x84, 0x70,
    0x46, 0x34, 0x04, 0x9d, 0xed, 0xe6, 0x7a, 0xe4, 0xe6, 0xc0, 0x5e, 0x3a,
    0xfa, 0x90, 0x6a, 0xa0, 0x58, 0x76, 0x79, 0x00, 0x07, 0xde, 0x3b, 0x26,
    0xb3, 0xcd, 0x10, 0x02, 0x14, 0x1b, 0x9c, 0x52, 0x4d, 0x3e, 0xf9, 0xdb,
    0xe5, 0x86, 0x6f, 0x63, 0xb6, 0x8c, 0x8f, 0x28, 0x99, 0x2d, 0x0b, 0xcd,
    0x00, 0xd8, 0x93, 0x2b, 0x8d, 0x14, 0x9c, 0x47, 0xf6, 0x2a, 0xfd, 0xca,
    0x16, 0x97, 0xc4, 0xd3, 0x97, 0x60, 0x88, 0x2c, 0x67, 0x9f, 0x1e, 0xa3,
    0x6c, 0x1b, 0xd0, 0xf3, 0xa7, 0xb5, 0x89, 0xe0, 0x0a, 0xbc, 0x2e, 0x14,
    0x28, 0x40, 0x29, 0x76, 0xac, 0x5a, 0x66, 0x5a, 0xaa, 0xe2, 0x62, 0x83,
    0x32, 0x6e, 0x10, 0x11, 0x70, 0x96, 0x7b, 0x7f, 0xb1, 0x0d, 0x52, 0x8d,
    0x31, 0x0e, 0x1e, 0xbd, 0x27, 0x2d, 0x07, 0x04, 0x34, 0xce, 0x28, 0xd4,
    0x69, 0x76, 0xed, 0xcc, 0x2a, 0x4d, 0x08, 0xd7, 0x99, 0x9a, 0x66, 0x97,
    0x1f, 0xdd, 0x76, 0xac, 0xfa, 0xb4, 0x9e, 0xdc, 0x37, 0xd9, 0x67, 0xc4,
    0x06, 0x01, 0x58, 0x25, 0xdf, 0x5a, 0xef, 0xb2, 0x1a, 0xa7, 0xbf, 0xfd,
    0xb1, 0x1a, 0x93, 0x4f, 0x35, 0x53, 0x18, 0x8f, 0xf8, 0x3f, 0x73, 0xac,
    0xc1, 0xe6, 0xdc, 0x6d, 0xc3, 0x7a, 0xe2, 0xe3, 0x1c, 0x0d, 0x13, 0x83,
    0x6a, 0x9e, 0xd0, 0xd2, 0xa0, 0x6b, 0x98, 0x4d, 0xea, 0x1d, 0xda, 0x00,
    0xf9, 0xb5, 0xd8, 0x62, 0xe3, 0xb1, 0x62, 0xc2, 0x30, 0x11, 0xaf, 0x2b,
    0xe5, 0xd4, 0x89, 0x06, 0x4a, 0xff, 0x0b, 0xe0, 0xf5, 0x79, 0x22, 0x33,
    0x58, 0xc7, 0xc8, 0x77, 0xaf, 0xc1, 0xcb, 0xa7, 0x64, 0xef, 0x1f, 0xa1,
    0xc0, 0x1e, 0x7b, 0x0b, 0x85, 0x18, 0x8e, 0x29, 0x14, 0x62, 0x7a, 0x6b,
    0x8a, 0x7a, 0x5f, 0xdc, 0xe8, 0x9c, 0x5c, 0x32, 0x76, 0x48, 0xe1, 0x2f,
    0x99, 0x37, 0x3b, 0xcb, 0x31, 0x5f, 0x3d, 0x8a, 0xe1, 0x4e, 0x78, 0x12,
    0x6e, 0x5a, 0x1e, 0x2e, 0x81, 0xe4, 0xe7, 0x93, 0x64, 0x99, 0x1b, 0xb5,
    0x00, 0xc8, 0xa2, 0xce, 0x0b, 0x8b, 0xe6, 0xda, 0x71, 0xfd, 0xf9, 0x92,
    0x8a, 0x13, 0x4b, 0x2c, 0xc2, 0xbf, 0x52, 0xf2, 0x64, 0x5a, 0xc7, 0xd1,
    0x63, 0x45, 0xb7, 0xdc, 0x38, 0x76, 0x99, 0x77, 0x95, 0xa7, 0x51, 0x47,
    0xbf, 0x1f, 0x94, 0x50, 0xa8, 0x87, 0x6d, 0x01, 0xa9, 0x73, 0x6b, 0x13,
    0x39, 0xf4, 0x15, 0x54, 0x27, 0x38, 0x9a, 0x2a, 0xdc, 0xb7, 0x6e, 0x1d,
    0xb4, 0xc4, 0xc1, 0x01, 0x89, 0xd9, 0x46, 0xa1, 0xe0, 0xf3, 0xe5, 0x91,
    0x0d, 0x1b, 0x13, 0x88, 0x12, 0x91, 0xd0, 0x10, 0xaa, 0xc0, 0x82, 0xae,
    0xef, 0xc2, 0xe9, 0x61, 0x2c, 0xe2, 0xe2, 0x3b, 0x48, 0xac, 0xf0, 0x31,
    0x0b, 0xa1, 0x34, 0x7a, 0x24, 0x99, 0x62, 0xec, 0xbd, 0xce, 0x93, 0x33,
    0x2b, 0xd0, 0x88, 0xae, 0x94, 0xc5, 0xf3, 0x1e, 0xc4, 0x63, 0x1e, 0x55,
    0xba, 0xae, 0x78, 0xdd, 0xc0, 0xa6, 0xfe, 0x2d, 0xa2, 0x5e, 0x93, 0x5b,
    0x29, 0x02, 0x1d, 0x97, 0xb0, 0x09, 0x75, 0x70, 0xec, 0x55, 0xe7, 0xa8,
    0xc4, 0x66, 0xd4, 0xbb, 0xc0, 0x88, 0xf8, 0xb8, 0x62, 0x6b, 0xda, 0xea,
    0x5e, 0x49, 0x11, 0x84, 0xe1, 0xa5, 0x13, 0x2c, 0x41, 0x3a, 0x3c, 0x12,
    0x6d, 0x3f, 0x78, 0xb4, 0xc7, 0xd2, 0x8a, 0x39, 0x06, 0xa7, 0x2f, 0x99,
    0x34, 0x97, 0xc5, 0x43, 0x9e, 0x46, 0xee, 0x6d, 0x0e, 0xf0, 0x41, 0x57,
    0xc0, 0xff, 0x5b, 0x4d, 0x33, 0x03, 0x82, 0x07, 0x0d, 0xe8, 0xd3, 0xe5,
    0x7b, 0xb9, 0xd3, 0xaa, 0x4c, 0x2e, 0x12, 0x45, 0xed, 0x0b, 0xa2, 0xa4,
    0xb7, 0x34, 0x62, 0xc1, 0x4a, 0x85, 0xd0, 0x8a, 0xb5, 0x7f, 0xd8, 0xbd,
    0x9e, 0x72, 0x01, 0xf8, 0x11, 0x7a, 0x27, 0xcf, 0x42, 0x67, 0xb1, 0xda,
    0xcf, 0x4c, 0x6c, 0x57, 0x9a, 0x0c, 0x03, 0x45, 0xe0, 0x94, 0x34, 0x74,
    0x33, 0x64, 0x57, 0x7a, 0x34, 0x1d, 0x30, 0x52, 0xd3, 0x50, 0x85, 0x34,
    0xa1, 0x1c, 0xcd, 0xba, 0xcd, 0xf1, 0x8a, 0xaa, 0xe6, 0x85, 0xf6, 0xd5,
    0x79, 0xf1, 0x79, 0x01, 0x76, 0x53, 0x58, 0x49, 0xbb, 0x9f, 0x96, 0x31,
    0xba, 0x6e, 0x9c, 0x74, 0xf8, 0x69, 0x93, 0x2b, 0xf0, 0x81, 0xf7, 0xbc,
    0x78, 0xc6, 0xca, 0x18, 0xeb, 0x04, 0xad, 0xe4, 0x47, 0x33, 0x28, 0x06,
    0xdb, 0xd3, 0xf5, 0x11, 0x2a, 0x5d, 0x52, 0x9b, 0xf3, 0xaf, 0xda, 0x25,
    0x29, 0xc5, 0x00, 0x1b, 0x3f, 0x13, 0xf4, 0x5f, 0x62, 0x4c, 0x7d, 0x5b,
    0x9e, 0x4b, 0xad, 0x5a, 0x44, 0x47, 0x39, 0x69, 0x63, 0xa8, 0xb7, 0xb1,
    0x40, 0xbc, 0xeb, 0xf9, 0xe4, 0x4d, 0x4e, 0x55, 0x6f, 0xeb, 0xe9, 0x1d,
    0xc2, 0x0b, 0x39, 0xdb, 0x4b, 0x70, 0x1f, 0x83, 0x8c, 0x47, 0x46, 0xfe,
    0x73, 0x17, 0x38, 0x58, 0x18, 0x89, 0x3e, 0xb8, 0x12, 0x6e, 0xb6, 0x49,
    0x32, 0x1d, 0x17, 0x3b, 0xc4, 0x38, 0x76, 0xb0, 0xa0, 0x15, 0xd0, 0x1b,
    0x67, 0xd9, 0xa6, 0xe0, 0x36, 0xd7, 0x66, 0x78, 0xd8, 0x44, 0x5e, 0xbf,
    0xde, 0xec, 0x22, 0xf5, 0x91, 0x8a, 0xd3, 0x81, 0xe0, 0x71, 0x6c, 0x93,
    0xec, 0x8e, 0x33, 0x98, 0x8c, 0x4c, 0x0c, 0xba, 0x78, 0x4c, 0xec, 0xc1,
    0xc2, 0x8a, 0xf1, 0x2c, 0x93, 0x92, 0xc5, 0x0c, 0x13, 0xcc, 0x73, 0x9e,
    0x3b, 0xd7, 0xa9, 0xb5, 0x6b, 0x22, 0xcc, 0x7c, 0xfd, 0xfc, 0xf2, 0x3d,
    0x45, 0x05, 0x6b, 0x83, 0xfc, 0xc6, 0x1f, 0x8c, 0xdf, 0x59, 0x4f, 0x51,
    0xf8, 0xfd, 0x20, 0x79, 0x4a, 0xc0, 0x8f, 0x05, 0x69, 0xbf, 0x04, 0x8a,
    0x70, 0xde, 0xaf, 0x98, 0xe8, 0x2e, 0xc3, 0xbb, 0x61, 0x2a, 0x69, 0x14,
    0xa0, 0xa2, 0x4d, 0xc6, 0xdf, 0x45, 0x2b, 0x52, 0xf9, 0xcc, 0xf3, 0x24,
    0xfc, 0xea, 0x3c, 0xaf, 0x26, 0xa6, 0xbf, 0x7c, 0x6b, 0x26, 0xb2, 0x1e,
    0x4b, 0x41, 0x56, 0x8c, 0x79, 0x74, 0x78, 0x0e, 0x38, 0x12, 0x4b, 0x98,
    0x66, 0x96, 0xdc, 0xc9, 0xe1, 0xed, 0x42, 0xf7, 0x03, 0x59, 0x1a, 0x4d,
    0x94, 0xbb, 0x33, 0x99, 0xe5, 0x2f, 0xbe, 0x55, 0x82, 0x1c, 0x21, 0x49,
    0xac, 0xb3, 0x84, 0xbb, 0xc0, 0x6a, 0x6d, 0x6a, 0xb7, 0x97, 0x1e, 0x39,
    0x80, 0xad, 0x06, 0xa4, 0x4b, 0xc6, 0x4c, 0x25, 0xc3, 0xa9, 0xb7, 0x25,
    0x90, 0xa5, 0xd3, 0x4f, 0xf4, 0x72, 0xfa, 0x30, 0xc8, 0x47, 0x11, 0x52,
    0x7e, 0xce, 0x56, 0xa8, 0x93, 0x96, 0x1a, 0x62, 0x12, 0xcd, 0x8d, 0xbb,
    0x93, 0xe1, 0x26, 0x42, 0x1e, 0xc2, 0xe7, 0x2c, 0x7d, 0xe8, 0xea, 0x20,
    0x58, 0x62, 0xc9, 0xa7, 0x28, 0xc2, 0x96, 0x22, 0xe3, 0xbc, 0x22, 0xe4,
    0xbd, 0xca, 0xde, 0xce, 0x0a, 0x1e, 0x89, 0x29, 0x24, 0xaf, 0x89, 0x94,
    0x7c, 0x02, 0x41, 0x2a, 0x07, 0xe7, 0xe7, 0x4b, 0x08, 0x77, 0x21, 0x56,
    0x89, 0x0d, 0xbf, 0x84, 0xc5, 0x53, 0xcf, 0xc8, 0x1e, 0xcc, 0xeb, 0x61,
    0x6c, 0x65, 0x2b, 0x04, 0xe1, 0x22, 0xe7, 0x96, 0xbd, 0x21, 0x26, 0x7b,
    0x18, 0x70, 0x83, 0x34, 0x31, 0xed, 0x43, 0x0c, 0x61, 0x33, 0xc7, 0x9e,
    0x9f, 0x18, 0x29, 0x74, 0xe7, 0x19, 0x99, 0x41, 0x7b, 0x8c, 0x46, 0x8b,
    0x84, 0xee, 0x1b, 0x0c, 0xe2, 0x13, 0x95, 0x5f, 0x05, 0xc8, 0xaa, 0x2a,
    0xc3, 0x7c, 0x7c, 0x24, 0xbe, 0xcb, 0x18, 0x07, 0x7b, 0x73, 0x82, 0x65,
    0x8c, 0x79, 0x60, 0x27, 0xec, 0xcd, 0x8f, 0x02, 0x9a, 0x05, 0x57, 0xc0,
    0x4c, 0xab, 0x9e, 0x15, 0x6a, 0x6e, 0x27, 0x4a, 0xe2, 0x03, 0x84, 0x28,
    0x1d, 0xc0, 0x99, 0xa5, 0x0a, 0xe8, 0xae, 0x84, 0x5a, 0x1e, 0xe3, 0xc8,
    0xe5, 0x9e, 0x0e, 0xa0, 0xcd, 0x44, 0xc1, 0xa8, 0xcc, 0x95, 0x35, 0x97,
    0xd0, 0x5e, 0xa6, 0x4e, 0x49, 0x98, 0x6c, 0x48, 0xaf, 0x9d, 0xd0, 0x0b,
    0x4a, 0x1a, 0x20, 0xc1, 0xac, 0xed, 0xec, 0xc1, 0x11, 0xf7, 0x55, 0x6a,
    0x1d, 0x82, 0x84, 0xd9, 0x66, 0x53, 0x30, 0x2b, 0xd5, 0x38, 0x6d, 0xd7,
    0xe0, 0xfa, 0x7a, 0xb7, 0xa4, 0xcd, 0x50, 0xf2, 0x1d, 0x61, 0x8f, 0x46,
    0xab, 0x4f, 0xe2, 0x2f, 0x8e, 0x2f, 0x10, 0x47, 0x58, 0xdf, 0x4d, 0x60,
    0x85, 0xfd, 0x62, 0x8c, 0x54, 0xc4, 0xdf, 0x20, 0x40, 0x00, 0x24, 0xd9,
    0x41, 0xf0, 0xa3, 0x03, 0xc5, 0xc1, 0xfd, 0xb6, 0x94, 0xab, 0xd3, 0x9a,
    0x34, 0x20, 0xa8, 0xd8, 0xa1, 0xae, 0x1b, 0xd4, 0x59, 0xc7, 0xf0, 0x9b,
    0x0d, 0xfa, 0x98, 0x8b, 0xa2, 0x55, 0x87, 0x63, 0x73, 0x04, 0x7f, 0xac,
    0x5c, 0xa0, 0xe0, 0x9b, 0xde, 0x5a, 0xdd, 0x44, 0x60, 0x49, 0x12, 0x1e,
    0x08, 0x8c, 0x18, 0xa5, 0x07, 0x3c, 0xa1, 0x3e, 0x39, 0x20, 0x85, 0x09,
    0xa7, 0x40, 0x08, 0x1d, 0x6f, 0x35, 0x4b, 0x83, 0x12, 0xd8, 0xf5, 0xa1,
    0x2a, 0x5a, 0x9f, 0xca, 0x7a, 0xf9, 0x14, 0xec, 0x66, 0x98, 0xa6, 0x3b,
    0x6f, 0x0a, 0x20, 0x9a, 0x99, 0xd4, 0xfa, 0x8c, 0x21, 0x50, 0xfc, 0x6c,
    0xd4, 0x86, 0xad, 0xa3, 0x30, 0xd5, 0x4c, 0x91, 0xa6, 0xd0, 0x64, 0xaa,
    0x83, 0xbb, 0xf8, 0xa1, 0x9f, 0x6a, 0x64, 0x06, 0x07, 0x88, 0x16, 0x3b,
    0x84, 0xde, 0x36, 0x5b, 0x2f, 0x45, 0x5c, 0xcf, 0xa5, 0x9c, 0x32, 0xae,
    0xb9, 0x53, 0x62, 0xa4, 0xd5, 0x46, 0xaf, 0x88, 0xd2, 0x9c, 0x4b, 0xb7,
    0xd8, 0x25, 0x66, 0xb9, 0x2f, 0x2e, 0x18, 0x17, 0xce, 0x07, 0x6b, 0x31,
    0x0b, 0x4b, 0x80, 0x24, 0x8d, 0xe4, 0x2a, 0x9f, 0xf5, 0x8c, 0x05, 0xa2,
    0x26, 0x7d, 0x9c, 0x75, 0x7b, 0x5e, 0xf1, 0x1c, 0x81, 0x8e, 0xce, 0x92,
    0x5d, 0x5b, 0xff, 0x3d, 0x0e, 0x4d, 0x02, 0x55, 0xf2, 0x8a, 0xac, 0x76,
    0xdf, 0x21, 0x72, 0x3a, 0xcc, 0xf7, 0x23, 0xe1, 0x51, 0xf7, 0x3c, 0x19,
    0xb7, 0xf0, 0x37, 0xea, 0x56, 0xf8, 0xf5, 0xfb, 0x7b, 0x90, 0xde, 0x8c,
    0x20, 0x7f, 0xaa, 0x0c, 0xd5, 0x0d, 0x97, 0xc6, 0xa3, 0xa2, 0xac, 0x63,
    0xf1, 0xde, 0x3e, 0xd9, 0xc3, 0x9c, 0xac, 0x79, 0xf4, 0xbc, 0x79, 0xa7,
    0xcb, 0x8a, 0xc7, 0x9c, 0x6b, 0x7a, 0xff, 0x4f, 0x96, 0x57, 0xc5, 0xfb,
    0xd3, 0xfc, 0x3c, 0xc1, 0xe0, 0x90, 0xcd, 0x17, 0x1e, 0x8c, 0x9c, 0x35,
    0xdd, 0xc7, 0x3d, 0x40, 0x72, 0x36, 0x3f, 0xe9, 0xfc, 0xb6, 0x0f, 0x37,
    0x5e, 0x39, 0x37, 0x1d, 0x27, 0x71, 0x97, 0x4a, 0xbf, 0x4b, 0x8e, 0x4c,
    0x20, 0x0c, 0x87, 0x2c, 0x9b, 0x38, 0x14, 0x59, 0x61, 0x21, 0x35, 0x67,
    0xf0, 0xf1, 0xb4, 0x99, 0x52, 0xfc, 0xb0, 0x9c, 0xc7, 0x5e, 0xee, 0xc7,
    0x83, 0x47, 0x38, 0x62, 0x37, 0x63, 0x20, 0x9f, 0x3c, 0xdb, 0x37, 0xbf,
    0xc1, 0xb5, 0x1e, 0x6e, 0x31, 0x48, 0xf5, 0x3b, 0xf8, 0xbb, 0x4a, 0x7b,
    0x0c, 0x2f, 0xff, 0x1b, 0x31, 0xa8, 0xa5, 0x67, 0x54, 0x83, 0x6d, 0x13,
    0xc3, 0x4d, 0xf9, 0x76, 0xf3, 0x9f, 0x77, 0x89, 0x16, 0x1e, 0xaa, 0xd8,
    0xec, 0x6b, 0x23, 0x44, 0xa3, 0x41, 0x85, 0x1b, 0x12, 0x01, 0x50, 0x62,
    0xb5, 0x60, 0xb7, 0xf4, 0x85, 0xd0, 0x2a, 0x4a, 0xce, 0xcc, 0xd4, 0x76,
    0x13, 0xbb, 0x9a, 0x69, 0x47, 0x43, 0x73, 0x1e, 0x0c, 0xa3, 0x27, 0xab,
    0x65, 0x11, 0x08, 0x2e, 0xc0, 0x32, 0xb2, 0x4e, 0x95, 0xc5, 0x35, 0xf2,
    0x00, 0x91, 0xa5, 0x98, 0x5e, 0x24, 0xd2, 0xe0, 0xce, 0x36, 0x3b, 0x29,
    0x20, 0x72, 0x16, 0x7e, 0xad, 0xe7, 0x52, 0x4b, 0x38, 0xaf, 0xba, 0x84,
    0xc3, 0x39, 0xc2, 0xa7, 0x19, 0x86, 0xbe, 0xb1, 0x43, 0x82, 0xcc, 0xe8,
    0x54, 0x97, 0xfb, 0xe8, 0x2c, 0xe0, 0xb0, 0x6b, 0x2e, 0xb0, 0xcd, 0xb6,
    0xd6, 0x76, 0xc4, 0xb2, 0x22, 0x8a, 0xc7, 0x5f, 0xc8, 0x99, 0x52, 0xa5,
    0x0d, 0x65, 0x0c, 0xf0, 0xf8, 0x5e, 0x81, 0xea, 0x87, 0x4d, 0x5a, 0x3e,
    0x36, 0x0a, 0x45, 0x55, 0xf3, 0xa1, 0x51, 0xb0, 0x07, 0x0a, 0x24, 0x39,
    0x18, 0xec, 0x4f, 0x50, 0x91, 0xf4, 0x4a, 0x18, 0x9f, 0x38, 0x42, 0x69,
    0xe5, 0x14, 0x86, 0x97, 0x1b, 0x07, 0x1e, 0x62, 0x7c, 0xae, 0x5e, 0xed,
    0xa3, 0x80, 0x51, 0xd1, 0xbe, 0xb8, 0xba, 0x7f, 0xca, 0x64, 0x4c, 0x29,
    0x6c, 0x74, 0xc3, 0xdc, 0x33, 0x09, 0x54, 0xb4, 0x7e, 0xc8, 0x06, 0x74,
    0x4d, 0xb2, 0x3d, 0x4c, 0x43, 0x2b, 0x15, 0xbb, 0x83, 0xba, 0x59, 0x7d,
    0x76, 0xd1, 0x9e, 0x36, 0x32, 0x01, 0xf0, 0xd1, 0x35, 0xda, 0x06, 0x03,
    0x67, 0xf3, 0x54, 0x5a, 0xd6, 0x92, 0xf9, 0x5d, 0x52, 0x41, 0xfd, 0xbb,
    0xd8, 0xe9, 0x21, 0xb6, 0x48, 0xff, 0x6f, 0x2d, 0x4d, 0x66, 0xe6, 0x23,
    0x9a, 0x41, 0x70, 0xf3, 0x0d, 0x37, 0x3a, 0x0a, 0x71, 0xf0, 0x47, 0x3b,
    0x2f, 0x80, 0x9c, 0x20, 0x93, 0x74, 0xc8, 0xca, 0x9b, 0x33, 0xba, 0x0c,
    0x70, 0x4d, 0x42, 0x19, 0xf0, 0xb6, 0x59, 0x07, 0xd0, 0x96, 0xd8, 0x0c,
    0x90, 0xd7, 0xe3, 0x58, 0xc9, 0x48, 0x47, 0x13, 0x9b, 0x73, 0xd3, 0x52,
    0x40, 0x39, 0xe8, 0xbc, 0x31, 0x2e, 0x80, 0x26, 0x3e, 0xf3, 0x46, 0xa0,
    0x83, 0x72, 0x1a, 0x41, 0x59, 0x39, 0x15, 0x2c, 0x28, 0x74, 0x10, 0x1e,
    0x37, 0xa9, 0x1f, 0x9e, 0xc6, 0xf7, 0xa7, 0x9a, 0x50, 0xc4, 0x6b, 0x7a,
    0x10, 0x8c, 0x67, 0xd2, 0xcb, 0xc5, 0x12, 0x0e, 0x2c, 0x6c, 0x09, 0xff,
    0x4a, 0x9f, 0x6d, 0xc9, 0xd0, 0x1a, 0x75, 0x18, 0x2b, 0xbb, 0x24, 0xb9,
    0xe5, 0x91, 0xab, 0x90, 0xe9, 0xab, 0xd3, 0x17, 0x8a, 0xae, 0xd6, 0x9d,
    0xdc, 0xff, 0xa1, 0x0b, 0x7a, 0x3f, 0x0f, 0x7e, 0x92, 0x5b, 0xab, 0x43,
    0xa2, 0xc4, 0x6e, 0x90, 0x01, 0xb7, 0x83, 0xfc, 0xaa, 0x33, 0x38, 0xc5,
    0x8c, 0x75, 0x75, 0xad, 0xba, 0x38, 0xb4, 0xe2, 0xbd, 0x11, 0x2e, 0x76,
    0x46, 0x80, 0x10, 0x20, 0xbf, 0xb7, 0x56, 0x44, 0x6c, 0x48, 0x53, 0xb1,
    0xbe, 0x1d, 0x0b, 0x7e, 0xd4, 0xce, 0xa0, 0x95, 0x47, 0xf3, 0xfe, 0x8e,
    0x78, 0xe3, 0x97, 0x29, 0xab, 0x0b, 0x07, 0xbf, 0x33, 0x69, 0x7f, 0x83,
    0x5c, 0x15, 0xf3, 0x1c, 0x47, 0x6a, 0x25, 0xe1, 0x3a, 0x4a, 0x02, 0xab,
    0xa6, 0x2b, 0xc0, 0x8c, 0x69, 0x21, 0xd4, 0x9c, 0x39, 0x41, 0x27, 0x09,
    0x2c, 0x52, 0x74, 0xac, 0xa1, 0x5f, 0xbd, 0x59, 0x56, 0xd3, 0x8d, 0x8c,
    0x2e, 0xb4, 0x45, 0x3b, 0xee, 0xa0, 0x40, 0x61, 0xe1, 0xff, 0x75, 0x55,
    0xa6, 0x30, 0x1f, 0x7c, 0x99, 0xed, 0xaa, 0x69, 0x79, 0x23, 0x5e, 0x73,
    0xf8, 0x68, 0x30, 0x57, 0xf2, 0x52, 0x26, 0xec, 0xf7, 0xd1, 0x33, 0xbf,
    0x59, 0x39, 0x6c, 0x9e, 0x53, 0xb7, 0xe9, 0x66, 0x09, 0x4f, 0x5b, 0x35,
    0xa5, 0xb4, 0x34, 0x46, 0xb7, 0xc9, 0xbe, 0x9f, 0xbc, 0x62, 0x82, 0x97,
    0x6b, 0x2d, 0xdd, 0x40, 0xfa, 0x94, 0xe7, 0x2d, 0xd1, 0x75, 0xf8, 0x62,
    0xd7, 0xbd, 0x92, 0xd7, 0xc8, 0x0a, 0x6b, 0x2e, 0x43, 0x14, 0x47, 0x97,
    0xc9, 0x63, 0x15, 0x4c, 0xa3, 0xbc, 0x9b, 0x54, 0x03, 0x12, 0x25, 0x36,
    0x42, 0x49, 0x4e, 0x5f, 0x73, 0x85, 0x8a, 0x8f, 0xa2, 0xa5, 0xa7, 0xab,
    0xac, 0xb2, 0xb8, 0xc7, 0xd2, 0xdb, 0xe7, 0xe9, 0x08, 0x0c, 0x12, 0x34,
    0x43, 0x4c, 0x53, 0x5e, 0x60, 0x79, 0x80, 0x86, 0xa8, 0xbd, 0xec, 0xef,
    0xf0, 0x01, 0x17, 0x1c, 0x24, 0x30, 0x4f, 0x70, 0x77, 0xa0, 0xb7, 0xbc,
    0xc4, 0xc7, 0xca, 0xd3, 0xe6, 0xff, 0x12, 0x15, 0x1e, 0x35, 0x74, 0x75,
    0x93, 0xa8, 0xbe, 0xbf, 0xc1, 0xdf, 0xe2, 0xed, 0xf8, 0x00, 0x00, 0x00,
    0x00, 0x00, 0x00, 0x00, 0x18, 0x29, 0x3a, 0x49
};
static const unsigned char kat_mldsa44_sig_ph256[] = {
    0xd4, 0x21, 0x01, 0x6e, 0x44, 0xcb, 0x73, 0x7b, 0x36, 0x38, 0x3a, 0x63,
    0x16, 0x2a, 0x15, 0xbf, 0x76, 0xc0, 0x19, 0xe3, 0xcc, 0x3f, 0x43, 0x5c,
    0x91, 0xc7, 0x01, 0x9e, 0xaf, 0x98, 0x71, 0x31, 0x02, 0x8c, 0x4e, 0xd3,
    0xeb, 0x06, 0x10, 0x9e, 0xc4, 0x93, 0xe2, 0x96, 0xa2, 0x09, 0x80, 0x96,
    0xee, 0x48, 0xa1, 0x4d, 0xdb, 0xeb, 0xbb, 0x86, 0x4e, 0xda, 0x72, 0xe0,
    0x98, 0x8e, 0x09, 0x48, 0xdc, 0x5d, 0x58, 0x26, 0xf5, 0x8b, 0x6d, 0x2b,
    0xa6, 0xc2, 0xa9, 0xc1, 0x82, 0x53, 0xa4, 0xae, 0xdb, 0xc6, 0x0a, 0x11,
    0x36, 0x43, 0x0a, 0x03, 0x51, 0x9c, 0x24, 0x05, 0xa3, 0x2a, 0x35, 0xf3,
    0xb1, 0x05, 0x30, 0x02, 0xf1, 0x1e, 0x3c, 0x32, 0x28, 0x9f, 0xb5, 0x1c,
    0x17, 0x35, 0x91, 0x4d, 0xe8, 0x23, 0x56, 0xfc, 0xbc, 0x66, 0x69, 0x71,
    0xc6, 0xc9, 0xab, 0x73, 0x8d, 0xd6, 0xbe, 0x1d, 0xde, 0x7c, 0x21, 0x0b,
    0xf3, 0xc3, 0xcd, 0x1e, 0xbf, 0xb5, 0xc2, 0x38, 0x5f, 0x3d, 0x61, 0x9c,
    0x7b, 0x6f, 0x01, 0x0b, 0x63, 0x4a, 0x67, 0x06, 0xf1, 0xb9, 0xd2, 0x27,
    0xa5, 0xdc, 0x65, 0x05, 0x12, 0x4f, 0x32, 0xef, 0x09, 0x42, 0xc6, 0x7b,
    0x18, 0x45, 0xad, 0xbe, 0x4b, 0x99, 0x46, 0x32, 0xcf, 0xbd, 0x0d, 0xc8,
    0x5f, 0x5b, 0xaf, 0xf3, 0x91, 0x0a, 0xe6, 0x6c, 0x24, 0x67, 0x87, 0x75,
    0x95, 0x7f, 0x36, 0x67, 0x20, 0x91, 0x06, 0x49, 0x85, 0x1a, 0x68, 0x83,
    0x65, 0x2c, 0x11, 0xc8, 0x8e, 0xa9, 0x4b, 0xe1, 0x77, 0x24, 0x09, 0xc6,
    0xcb, 0x33, 0xdc, 0x53, 0x52, 0xa0, 0x1a, 0x4d, 0x4d, 0x8c, 0x48, 0x8d,
    0xd8, 0x8f, 0x1e, 0x91, 0x1f, 0xd5, 0x61, 0xa0, 0x31, 0xea, 0x83, 0x1d,
    0x29, 0x21, 0x51, 0x4a, 0xc2, 0x83, 0xdb, 0x22, 0xd5, 0x8a, 0xf8, 0xb0,
    0xb7, 0x59, 0x52, 0xad, 0xc5, 0x1d, 0xef, 0x9e, 0x61, 0xfa, 0x1c, 0x11,
    0x40, 0x28, 0x8b, 0xad, 0x5b, 0x48, 0x11, 0x97, 0x4d, 0xbe, 0xbf, 0xc6,
    0x91, 0xe2, 0x51, 0xe2, 0x0d, 0xc6, 0xaa, 0x1e, 0xb0, 0x98, 0x38, 0x0f,
    0x95, 0x07, 0x57, 0x2c, 0x69, 0x1b, 0xcf, 0xd2, 0x3b, 0xd6, 0x79, 0xa7,
    0xf4, 0x1b, 0x8b, 0xb4, 0x50, 0xad, 0x38, 0x00, 0x38, 0xd1, 0x7d, 0xb5,
    0x9c, 0xa9, 0x35, 0xff, 0x17, 0x5b, 0x5d, 0xa8, 0x0a, 0x70, 0x6e, 0xf7,
    0x2c, 0x53, 0x29, 0x95, 0x39, 0x1b, 0x06, 0x28, 0x8a, 0xf9, 0xb2, 0x5e,
    0x08, 0x3d, 0x2c, 0xd4, 0xad, 0x21, 0x7e, 0x79, 0x96, 0x23, 0x3a, 0x03,
    0xfb, 0xb1, 0x6a, 0x70, 0x2c, 0x1e, 0x30, 0x36, 0xd1, 0x99, 0x0a, 0x71,
    0x08, 0x56, 0x8f, 0x2e, 0x86, 0xdf, 0x90, 0x45, 0x6c, 0xf0, 0x6c, 0x68,
    0xb4, 0x06, 0x0a, 0xcd, 0xec, 0x42, 0xbb, 0x0a, 0x35, 0x88, 0x40, 0x8e,
    0xcd, 0xd0, 0x5c, 0x34, 0xe1, 0x7d, 0x46, 0x27, 0x14, 0xa0, 0xd6, 0xff,
    0xe4, 0x8e, 0xee, 0x7f, 0x84, 0x40, 0x24, 0xf7, 0x60, 0xa1, 0xcb, 0xfc,
    0x28, 0x0d, 0x24, 0xdb, 0x42, 0x70, 0x57, 0x5c, 0xde, 0x22, 0x57, 0x39,
    0xce, 0xdc, 0xe1, 0xe6, 0x95, 0x8a, 0x83, 0x92, 0x64, 0x71, 0xea, 0xcf,
    0x8a, 0xe4, 0x1c, 0x66, 0x25, 0x05, 0x66, 0xb2, 0x3d, 0x3f, 0x1e, 0xe2,
    0x2b, 0x88, 0xaa, 0x86, 0x03, 0x2c, 0x9d, 0x52, 0x94, 0x0e, 0x33, 0xcb,
    0x5c, 0x3f, 0xd1, 0x03, 0x79, 0xf0, 0x84, 0x99, 0xef, 0xa1, 0x7f, 0xe4,
    0xd3, 0x56, 0xeb, 0x9d, 0x21, 0x44, 0x51, 0x2c, 0x12, 0x2e, 0x59, 0x23,
    0x8d, 0xf0, 0x4f, 0x86, 0x8e, 0x7b, 0xdc, 0x41, 0x6d, 0x84, 0xac, 0x04,
    0xb3, 0x6e, 0x8f, 0x85, 0xfc, 0x61, 0x24, 0x5d, 0xb6, 0xd7, 0x99, 0xc3,
    0x49, 0xda, 0x6d, 0x13, 0x3d, 0x8d, 0xfc, 0x9b, 0x84, 0xab, 0x34, 0x2b,
    0x0e, 0xa7, 0xf8, 0x81, 0x24, 0x92, 0x5c, 0x03, 0x7e, 0xb4, 0xcc, 0x2d,
    0xbb, 0x32, 0x2a, 0xcd, 0xf0, 0x0f, 0x91, 0x64, 0xad, 0x62, 0x18, 0xba,
    0x6b, 0x5a, 0x97, 0x07, 0x4e, 0xc8, 0x10, 0x0c, 0xe3, 0x2b, 0x15, 0x2d,
    0x0d, 0xc7, 0xb8, 0x8a, 0xde, 0xcd, 0x7b, 0xe2, 0x8d, 0xf7, 0x32, 0x08,
    0x99, 0x3f, 0x03, 0xb0, 0x2d, 0x11, 0x3d, 0x93, 0xd1, 0x93, 0x25, 0x84,
    0x21, 0xb9, 0x0f, 0x27, 0x6a, 0x61, 0x01, 0x2a, 0xd5, 0xdb, 0xdc, 0x7c,
    0xab, 0x26, 0x52, 0x27, 0x65, 0x01, 0x82, 0x25, 0x63, 0xd4, 0x68, 0x09,
    0xa5, 0x27, 0xcb, 0x92, 0x69, 0x84, 0x81, 0xcd, 0xd5, 0xc1, 0x7e, 0x11,
    0x6e, 0x37, 0xac, 0x4a, 0xbd, 0x8d, 0x1d, 0x5d, 0x40, 0xf6, 0x0a, 0x59,
    0x4e, 0x33, 0x2a, 0xdc, 0x63, 0xd2, 0xba, 0x4f, 0x06, 0xe0, 0x27, 0x86,
    0x16, 0xf3, 0xf6, 0xe5, 0xce, 0xcb, 0x2c, 0x4a, 0x50, 0x4c, 0x91, 0x02,
    0xeb, 0x88, 0x59, 0xd2, 0xe9, 0xff, 0x1d, 0xca, 0x2b, 0x52, 0x26, 0x09,
    0xba, 0xe1, 0x9f, 0xa9, 0xcf, 0x0b, 0xac, 0x59, 0x22, 0xea, 0x54, 0x6c,
    0x12, 0xb1, 0xcb, 0x74, 0x44, 0x08, 0xd5, 0x6c, 0xda, 0x1f, 0x2e, 0x3e,
    0x68, 0x20, 0x54, 0x0a, 0xf6, 0x87, 0xdd, 0xf0, 0x2b, 0x65, 0x26, 0xa1,
    0xbd, 0xa7, 0xbd, 0xca, 0x5b, 0x2c, 0xdf, 0xec, 0xff, 0x1d, 0x19, 0x2e,
    0x3b, 0x6c, 0xa3, 0x2a, 0x94, 0x39, 0x98, 0x45, 0x17, 0xcc, 0x15, 0xce,
    0x0a, 0x3a, 0x32, 0xbe, 0x0a, 0x03, 0xcf, 0xd4, 0xde, 0xfe, 0x78, 0x6c,
    0xb8, 0xf5, 0x09, 0x21, 0x5e, 0xbb, 0x91, 0xb8, 0xd5, 0x22, 0xec, 0xa8,
    0xf4, 0xd7, 0x0a, 0xcc, 0xdc, 0x06, 0x75, 0x48, 0xeb, 0xa0, 0x0f, 0xb7,
    0xcf, 0x20, 0xf5, 0x04, 0x9e, 0x74, 0x23, 0x05, 0xdc, 0x11, 0xa6, 0x35,
    0x38, 0x7f, 0xb3, 0x73, 0xd4, 0x46, 0x6f, 0x78, 0xd9, 0xf2, 0x49, 0x39,
    0x3b, 0xa2, 0x43, 0xfa, 0x6a, 0x7f, 0xdf, 0xdb, 0xc1, 0xbc, 0x2d, 0xe8,
    0x13, 0xc8, 0x7e, 0xe6, 0x97, 0x3a, 0xa1, 0x74, 0x09, 0xe8, 0x3e, 0x92,
    0xa0, 0xc7, 0xe4, 0x31, 0xd8, 0x03, 0xa9, 0xff, 0x9e, 0xd8, 0x86, 0x6a,
    0x8b, 0x2d, 0xf2, 0x70, 0x66, 0xf6, 0x3d, 0x97, 0xcd, 0x55, 0x6a, 0xf5,
    0x62, 0xb1, 0x2c, 0xbb, 0xbf, 0x94, 0x04, 0xe4, 0xf1, 0x7b, 0x3f, 0x4a,
    0x5d, 0x20, 0xac, 0x7c, 0xd2, 0x8e, 0x11, 0x11, 0x12, 0x62, 0x32, 0x71,
    0x72, 0x4c, 0xf1, 0x0e, 0xd8, 0x44, 0xdd, 0x19, 0xb0, 0x1a, 0xf3, 0xc8,
    0xd7, 0xae, 0x31, 0x4d, 0xf9, 0x38, 0x72, 0xfe, 0xe1, 0xde, 0x51, 0x65,
    0x1f, 0xc2, 0xf0, 0x5f, 0x79, 0x25, 0x78, 0x68, 0x04, 0x91, 0x10, 0xef,
    0x73, 0xb6, 0x3f, 0x4f, 0x94, 0x07, 0x1d, 0x55, 0xbb, 0x65, 0x88, 0xa6,
    0xc2, 0xac, 0xb3, 0x41, 0xc3, 0x66, 0xe8, 0x73, 0x4b, 0x32, 0x31, 0xa8,
    0x71, 0xe2, 0x49, 0x5f, 0x0e, 0x81, 0x44, 0x97, 0xf7, 0x79, 0xeb, 0x64,
    0x7d, 0x80, 0xe6, 0xa8, 0x89, 0xa7, 0x55, 0xc3, 0x95, 0x25, 0xdf, 0xd9,
    0x3e, 0xa2, 0x09, 0x3e, 0xf8, 0x5f, 0x50, 0xb2, 0x2d, 0x24, 0xf4, 0x95,
    0x36, 0x14, 0x65, 0x9d, 0x07, 0xa1, 0x47, 0x87, 0x43, 0x51, 0x59, 0x69,
    0xd2, 0x78, 0x33, 0x89, 0xe0, 0x7f, 0x15, 0x68, 0x9d, 0x46, 0xe9, 0x67,
    0x24, 0xdb, 0x20, 0x38, 0x40, 0xdb, 0x75, 0x8d, 0x79, 0x6e, 0x7d, 0xfe,
    0xbc, 0xab, 0x59, 0x3d, 0xdb, 0x3e, 0x7a, 0x1e, 0x28, 0x12, 0x80, 0xc3,
    0x1c, 0xdb, 0x34, 0x19, 0x6c, 0x39, 0xbd, 0x3c, 0x8e, 0x60, 0xb9, 0x2f,
    0xb9, 0xa3, 0xb3, 0x08, 0x91, 0x2d, 0xbc, 0xd1, 0xc4, 0x87, 0x73, 0xa4,
    0x73, 0x73, 0xd7, 0xdd, 0xc1, 0x69, 0xae, 0xb2, 0xc1, 0x2a, 0x16, 0xa1,
    0x69, 0x1d, 0xb6, 0x7a, 0x21, 0x17, 0x12, 0x2c, 0xb9, 0xe3, 0x34, 0x9a,
    0x6b, 0x73, 0x45, 0xb8, 0x91, 0x54, 0xac, 0x96, 0x28, 0x25, 0x04, 0xf4,
    0x92, 0x9d, 0xf4, 0x8a, 0xc7, 0x00, 0x73, 0xa9, 0xbf, 0xfc, 0xea, 0xc7,
    0x01, 0xf8, 0xea, 0xc6, 0xc5, 0xa4, 0x53, 0x0a, 0x79, 0x29, 0x3c, 0xb3,
    0x01, 0x7d, 0xad, 0x3e, 0x90, 0x30, 0x04, 0xce, 0x66, 0x39, 0x37, 0x5e,
    0x1b, 0x93, 0x8f, 0x9a, 0xe7, 0xc6, 0x97, 0xf9, 0xe7, 0xa1, 0xda, 0x4f,
    0x28, 0xe5, 0xed, 0x56, 0x24, 0x92, 0x9d, 0x9c, 0x08, 0xff, 0x76, 0x93,
    0xc6, 0x4a, 0x31, 0x6c, 0xe3, 0xe7, 0x78, 0xc8, 0x56, 0x00, 0x3b, 0x6d,
    0x47, 0x7a, 0x96, 0x0e, 0x60, 0x5f, 0x68, 0x2f, 0xa9, 0x09, 0xca, 0xee,
    0x26, 0x60, 0xe1, 0x07, 0x22, 0x5a, 0xb6, 0xd4, 0xb4, 0xe2, 0xf8, 0xb2,
    0x5f, 0x06, 0x3d, 0x8b, 0xb2, 0xfa, 0x16, 0xd0, 0xb1, 0x97, 0x4e, 0x97,
    0x67, 0x7b, 0x00, 0x0c, 0xe3, 0x40, 0xb8, 0x18, 0x20, 0xb8, 0xa2, 0xc4,
    0xb4, 0xcd, 0x5c, 0x5b, 0x66, 0x19, 0x54, 0xf7, 0xe4, 0x5c, 0xd4, 0xc8,
    0x2c, 0xed, 0xd2, 0x11, 0xce, 0xc3, 0xb7, 0xc8, 0xaf, 0x05, 0x48, 0xe8,
    0xd4, 0x9a, 0x35, 0x9c, 0xba, 0xd3, 0x25, 0xc1, 0x07, 0x78, 0xbc, 0x55,
    0xd8, 0x16, 0x3b, 0x6c, 0xc9, 0x2a, 0x4a, 0x00, 0x13, 0x7f, 0xf4, 0xb6,
    0x5d, 0xa2, 0x07, 0xd6, 0x82, 0x43, 0x50, 0xc5, 0xd3, 0x1f, 0x69, 0xfd,
    0xb1, 0x8e, 0x36, 0xb8, 0x88, 0xaf, 0xad, 0xee, 0xca, 0x9a, 0x3e, 0x9b,
    0xba, 0x6e, 0x98, 0x90, 0x5c, 0x81, 0x01, 0x18, 0xd7, 0xd7, 0xbc, 0x2d,
    0xc7, 0xf2, 0xfb, 0x5d, 0xc9, 0xc4, 0x6b, 0xf4, 0x0e, 0xe2, 0xfa, 0xba,
    0x31, 0x1d, 0x96, 0x3e, 0x8e, 0xa2, 0xae, 0xcf, 0xe2, 0xcc, 0x38, 0xdb,
    0xe8, 0xf4, 0x21, 0xee, 0xc0, 0x11, 0x2d, 0x14, 0xf3, 0x36, 0x60, 0xad,
    0x73, 0x98, 0xf1, 0xd4, 0xf6, 0x93, 0x82, 0x18, 0x7b, 0x40, 0x19, 0x68,
    0xc8, 0x1a, 0xfa, 0x73, 0xc6, 0xa9, 0xa7, 0xfa, 0x88, 0xde, 0xd5, 0x48,
    0x21, 0xe6, 0xc8, 0xfc, 0xe4, 0x1d, 0xee, 0x2d, 0xe1, 0xac, 0xda, 0xd6,
    0xf7, 0xc6, 0x1e, 0x1c, 0x2b, 0x1d, 0xb7, 0x39, 0x75, 0xcf, 0x7d, 0xa1,
    0xea, 0x15, 0x7d, 0x44, 0x4f, 0x0a, 0xd6, 0x36, 0x4d, 0xd0, 0xfa, 0xa7,
    0x99, 0xe8, 0xa6, 0xf1, 0xc6, 0xb6, 0x39, 0x69, 0x52, 0xc5, 0xc0, 0x86,
    0x7c, 0x89, 0x2e, 0x18, 0x46, 0xe9, 0x15, 0xcf, 0xe9, 0x4a, 0x01, 0xe6,
    0x85, 0x49, 0x03, 0xfc, 0x44, 0xda, 0x7a, 0x64, 0xa9, 0x86, 0x7b, 0x91,
    0x03, 0xeb, 0xf7, 0x59, 0x97, 0xbc, 0x3a, 0x5f, 0x87, 0xe5, 0x73, 0x64,
    0xcd, 0x40, 0xb9, 0x6d, 0x9e, 0x12, 0x49, 0x78, 0xd8, 0xe8, 0x6b, 0x5a,
    0x5f, 0xc1, 0x6f, 0xa3, 0xf2, 0x88, 0x01, 0x77, 0xb9, 0xa5, 0x92, 0xfe,
    0x17, 0x41, 0xa2, 0x1c, 0x03, 0x96, 0x71, 0x65, 0x04, 0x66, 0xe0, 0xba,
    0x41, 0x2f, 0x21, 0x7d, 0x0c, 0x09, 0xc1, 0x62, 0xa8, 0xcd, 0x63, 0x41,
    0xf9, 0x1d, 0x8a, 0xfe, 0x92, 0xce, 0xa2, 0x31, 0x30, 0x1b, 0x3d, 0x69,
    0xc4, 0x57, 0x07, 0xb0, 0x26, 0xa2, 0x74, 0x03, 0xfc, 0x91, 0x64, 0x9a,
    0xbc, 0xd0, 0xa3, 0xd2, 0x08, 0xd6, 0xc4, 0x34, 0xf2, 0x1a, 0x3b, 0xe0,
    0x2c, 0xf7, 0x2e, 0x18, 0x0e, 0x04, 0xb5, 0x45, 0xb7, 0xfd, 0x0a, 0x79,
    0x1b, 0xf7, 0xda, 0xf6, 0xaf, 0xef, 0xc9, 0xa3, 0x05, 0x62, 0xdc, 0x32,
    0x8a, 0xa5, 0xef, 0x2d, 0x0e, 0xba, 0xf1, 0x59, 0x62, 0x1a, 0x28, 0xee,
    0xc4, 0xc5, 0x04, 0x5e, 0x73, 0xdb, 0x6f, 0xa5, 0x09, 0xbe, 0x47, 0x1e,
    0xac, 0x38, 0x55, 0x1f, 0xf2, 0xc2, 0xac, 0x6f, 0x5f, 0x1e, 0x69, 0xdb,
    0x63, 0xe2, 0x06, 0xc4, 0x78, 0x9c, 0xc5, 0x28, 0x21, 0x9d, 0xf9, 0x91,
    0x55, 0xae, 0xa6, 0x1b, 0x84, 0xe0, 0x39, 0xc7, 0x0d, 0x82, 0x81, 0x3c,
    0x44, 0x72, 0x8f, 0x68, 0x9d, 0xb8, 0x53, 0xb5, 0x7c, 0xf8, 0x33, 0x60,
    0xdf, 0xec, 0x0d, 0x77, 0x42, 0xa9, 0x17, 0xfe, 0xd9, 0x47, 0xb3, 0xa6,
    0x1e, 0x17, 0x98, 0xd2, 0x63, 0xdf, 0x54, 0x0e, 0x3d, 0x3f, 0xd2, 0xe9,
    0x6b, 0xdd, 0x7e, 0x8f, 0x86, 0xf8, 0x5b, 0xe6, 0x93, 0x4e, 0xc9, 0x60,
    0xf8, 0xb1, 0xf9, 0x02, 0xbc, 0xdd, 0x07, 0x8f, 0xea, 0xdf, 0xa6, 0x05,
    0x4d, 0x6d, 0x0d, 0x3c, 0x0c, 0xda, 0x86, 0xcd, 0x56, 0xb8, 0x1c, 0x6c,
    0x93, 0x49, 0xa4, 0xd5, 0xfe, 0xa9, 0x21, 0x00, 0x30, 0x17, 0xd4, 0xd4,
    0x50, 0x44, 0x1d, 0xf2, 0x6a, 0xc8, 0x2b, 0xf5, 0x94, 0xa2, 0x68, 0x09,
    0x53, 0x29, 0xc2, 0x8a, 0x25, 0x13, 0xd7, 0x2f, 0xd9, 0x18, 0xca, 0xc1,
    0x61, 0x87, 0xd8, 0xb5, 0x8a, 0x27, 0x3e, 0x6a, 0x89, 0x8a, 0xb6, 0xd8,
    0x33, 0x86, 0x60, 0x66, 0x04, 0xf4, 0x2e, 0xe6, 0x24, 0x5d, 0x4c, 0xf0,
    0x89, 0xd5, 0x8b, 0xdb, 0xc6, 0x4a, 0x6f, 0x8b, 0x0b, 0x40, 0x1c, 0x77,
    0xce, 0x21, 0x4d, 0x03, 0xa5, 0xcb, 0x4f, 0x87, 0xb5, 0x16, 0x3b, 0x2a,
    0x2e, 0x65, 0x09, 0xc5, 0x16, 0xaa, 0x3b, 0x6e, 0x0f, 0x7d, 0x2e, 0xa6,
    0x44, 0xe0, 0x7f, 0xde, 0xa4, 0xd5, 0x33, 0x30, 0xdd, 0x64, 0xe6, 0x99,
    0xc8, 0x20, 0x0b, 0xfe, 0x8e, 0xf9, 0x6b, 0xdc, 0x71, 0xd0, 0x71, 0x58,
    0x0a, 0x57, 0xe7, 0xf2, 0x0b, 0x60, 0x54, 0x8b, 0x00, 0x26, 0x10, 0x05,
    0x91, 0x4d, 0x44, 0x72, 0x8e, 0x12, 0xe4, 0xea, 0x95, 0x1b, 0x34, 0x61,
    0xf4, 0x40, 0xbe, 0x84, 0x8c, 0x64, 0x39, 0x08, 0x0d, 0xb9, 0x87, 0x21,
    0xd7, 0x1b, 0xc4, 0x27, 0x91, 0x56, 0x44, 0x67, 0x16, 0x70, 0x28, 0x73,
    0x4b, 0x24, 0xb3, 0x40, 0x08, 0x67, 0x4f, 0xa6, 0x1a, 0xce, 0x7d, 0x48,
    0x13, 0xfc, 0x43, 0x6c, 0xae, 0x99, 0x35, 0x22, 0xe9, 0x3e, 0xa4, 0xa4,
    0x1e, 0xdc, 0xfc, 0xf5, 0x75, 0xac, 0x29, 0xca, 0x79, 0xac, 0xad, 0xbc,
    0xf6, 0x64, 0xe4, 0xfd, 0x15, 0xeb, 0x93, 0x99, 0xf5, 0x86, 0x70, 0xfb,
    0x5b, 0xd3, 0xc5, 0x78, 0xf0, 0xf6, 0x7d, 0xb7, 0x56, 0xe1, 0x03, 0xdb,
    0xb9, 0xca, 0x91, 0xea, 0xdb, 0xe8, 0x28, 0xdb, 0x18, 0xe1, 0x52, 0xc0,
    0x23, 0x7e, 0x81, 0xe7, 0x60, 0xb6, 0x5c, 0xb8, 0x42, 0x94, 0x14, 0xcf,
    0x21, 0x44, 0x58, 0xc7, 0x73, 0xae, 0xed, 0xa0, 0xde, 0x76, 0x26, 0x94,
    0xed, 0xf0, 0xb4, 0x4a, 0x05, 0xd8, 0xb3, 0x28, 0xc8, 0x61, 0x52, 0x3b,
    0x76, 0x8f, 0x95, 0xb3, 0x71, 0xb4, 0x49, 0xae, 0x00, 0x7d, 0x9f, 0x11,
    0x80, 0x3f, 0x74, 0x52, 0x70, 0x46, 0x6b, 0xcd, 0x21, 0xf7, 0x6b, 0x1d,
    0x2e, 0x75, 0x5f, 0x0d, 0xdd, 0xb7, 0x8f, 0xed, 0xf7, 0x43, 0x8b, 0x72,
    0x96, 0xeb, 0x69, 0x88, 0xf7, 0xf3, 0x13, 0x80, 0x1b, 0x3e, 0x19, 0x06,
    0xc8, 0x95, 0x25, 0x6e, 0x52, 0xb1, 0xe9, 0xbb, 0xc1, 0xd8, 0xcd, 0x92,
    0xb1, 0xab, 0x6b, 0xbf, 0xe3, 0x08, 0x6f, 0x61, 0x21, 0xe2, 0x90, 0x90,
    0x15, 0xdd, 0xec, 0x9d, 0x38, 0xcd, 0x28, 0xda, 0x18, 0xc5, 0x82, 0xda,
    0x3e, 0x26, 0x73, 0x80, 0x13, 0xf7, 0xfa, 0x72, 0x7b, 0x55, 0x39, 0x85,
    0x52, 0x4a, 0x64, 0xff, 0x56, 0x89, 0x0b, 0x04, 0x4f, 0xe2, 0x52, 0xe7,
    0x12, 0x58, 0x16, 0xf7, 0x6c, 0xe8, 0xf0, 0x60, 0xd3, 0xfd, 0x84, 0x0a,
    0xd3, 0xde, 0x40, 0x25, 0xb6, 0x23, 0xf8, 0x6c, 0xdc, 0x4d, 0xe7, 0x90,
    0x2b, 0x24, 0x41, 0xa0, 0xfa, 0x47, 0x2c, 0x5c, 0xc3, 0x6c, 0x54, 0x73,
    0xe2, 0xad, 0xc7, 0x05, 0x91, 0x23, 0xc1, 0x2a, 0x11, 0x0a, 0x42, 0x26,
    0x68, 0x36, 0x35, 0x91, 0x5d, 0xc0, 0x31, 0xa8, 0x50, 0xc9, 0xd5, 0xb8,
    0xf9, 0xd7, 0x3a, 0xa2, 0x03, 0x53, 0x13, 0xb1, 0x5c, 0x82, 0xc4, 0xde,
    0x7d, 0xac, 0x83, 0x85, 0x06, 0xc9, 0xd7, 0xba, 0x6a, 0x87, 0x4a, 0x8b,
    0x0f, 0xd0, 0x17, 0xf4, 0x87, 0x09, 0x16, 0xb5, 0xb8, 0x10, 0xbc, 0x7f,
    0x62, 0xa5, 0x3f, 0xcb, 0xa7, 0x51, 0x07, 0xde, 0xff, 0x3a, 0x7b, 0x5c,
    0x36, 0x39, 0x5d, 0xc1, 0x08, 0x02, 0x8d, 0x2e, 0xbe, 0x12, 0x82, 0x33,
    0x0f, 0xcd, 0xe1, 0x52, 0xd1, 0x57, 0x74, 0x9b, 0x37, 0xa4, 0x5b, 0xdc,
    0x4a, 0x24, 0x46, 0xb4, 0xbf, 0xc1, 0x6f, 0x7e, 0x42, 0x93, 0x63, 0x64,
    0xf1, 0x71, 0xff, 0x39, 0xbb, 0x80, 0x0a, 0xde, 0xd3, 0xd4, 0xe7, 0x4e,
    0x57, 0x97, 0x2c, 0x8f, 0x0a, 0x3a, 0x8c, 0xd5, 0x83, 0x66, 0xad, 0x0d,
    0xf6, 0xd9, 0xae, 0x0f, 0xb3, 0xc7, 0x59, 0xc5, 0x95, 0x8a, 0x3a, 0xb5,
    0x79, 0x9a, 0x5a, 0x5d, 0x38, 0x4f, 0x59, 0xa9, 0xa9, 0x30, 0x38, 0x98,
    0xbc, 0xfd, 0x87, 0x9b, 0x3c, 0x55, 0x24, 0x51, 0x32, 0x7e, 0xf6, 0xc1,
    0xd4, 0x68, 0x87, 0xd1, 0xeb, 0x32, 0x28, 0x47, 0xc2, 0x99, 0x58, 0xcd,
    0x6f, 0x3b, 0x88, 0x76, 0x04, 0x50, 0x34, 0x8a, 0xd0, 0x06, 0xc9, 0x91,
    0x11, 0xc5, 0x56, 0xe9, 0x20, 0x47, 0x95, 0xc5, 0x53, 0x4e, 0x16, 0xfb,
    0xcf, 0x37, 0x79, 0x9c, 0xbd, 0xbf, 0x7f, 0xf5, 0x8d, 0xd2, 0x28, 0xa5,
    0xdb, 0x96, 0x4f, 0x55, 0xbe, 0x85, 0x12, 0x2e, 0xc2, 0x2e, 0x12, 0xe7,
    0xc9, 0x1b, 0x31, 0xff, 0x4c, 0x34, 0xa4, 0x7b, 0xf8, 0xbb, 0x40, 0x6a,
    0xf5, 0xe0, 0x51, 0x68, 0x5e, 0x71, 0x1e, 0x73, 0xfd, 0xcf, 0xdc, 0x7a,
    0x45, 0x4e, 0x77, 0xc7, 0x1d, 0x33, 0xf4, 0x7d, 0x54, 0xfc, 0xb5, 0xa4,
    0x1f, 0x11, 0x7d, 0x22, 0xef, 0xdb, 0x8b, 0xd1, 0x2d, 0x2f, 0x30, 0x52,
    0x69, 0x74, 0x7b, 0x7c, 0x82, 0x9c, 0xa2, 0xb3, 0xb6, 0xcb, 0xeb, 0x0e,
    0x12, 0x14, 0x2d, 0x34, 0x46, 0x54, 0x76, 0x77, 0x84, 0x87, 0x9d, 0xc8,
    0x03, 0x16, 0x3c, 0x5c, 0x5f, 0x62, 0x69, 0x71, 0xc3, 0xd5, 0xf8, 0xf9,
    0xfd, 0x0a, 0x21, 0x23, 0x47, 0x4e, 0x7f, 0x90, 0x9e, 0xa7, 0xd3, 0xee,
    0xf8, 0x00, 0x00, 0x00, 0x00, 0x00, 0x00, 0x00, 0x00, 0x00, 0x00, 0x00,
    0x00, 0x00, 0x00, 0x00, 0x00, 0x00, 0x00, 0x00, 0x00, 0x00, 0x00, 0x00,
    0x00, 0x00, 0x00, 0x00, 0x0f, 0x1c, 0x29, 0x35
};
static const unsigned char kat_mldsa44_sig_ph512[] = {
    0x69, 0xec, 0xb0, 0x4e, 0xf4, 0x1d, 0x97, 0x98, 0x88, 0x00, 0x44, 0x98,
    0x55, 0x54, 0x51, 0xd3, 0xff, 0x79, 0x1d, 0xd2, 0x5a, 0x6e, 0x95, 0x44,
    0x1d, 0x80, 0x6b, 0xc6, 0x7e, 0x57, 0xcf, 0xfa, 0x7a, 0xb7, 0x82, 0x06,
    0xff, 0x35, 0x65, 0x07, 0xee, 0xd3, 0x47, 0xef, 0x1e, 0x4c, 0x21, 0x03,
    0x14, 0x14, 0x71, 0x1b, 0xbe, 0x1d, 0xff, 0x30, 0x62, 0xec, 0xe6, 0x1f,
    0x9e, 0x1c, 0x80, 0xf9, 0x7d, 0xa1, 0x88, 0x8d, 0xaa, 0xf8, 0xd8, 0xfa,
    0xe9, 0x43, 0x65, 0x79, 0x67, 0xf3, 0x22, 0xbc, 0x0d, 0x1a, 0x2a, 0x98,
    0xae, 0x09, 0x3b, 0x0f, 0x72, 0x51, 0x81, 0xf4, 0x15, 0xbe, 0xe3, 0x11,
    0x7a, 0x7d, 0x7a, 0xe3, 0x54, 0x99, 0x9b, 0xea, 0x2b, 0xf4, 0x19, 0x06,
    0x99, 0x9e, 0x76, 0x53, 0x93, 0xb7, 0x09, 0x54, 0xe4, 0x2c, 0xa1, 0x3e,
    0x1b, 0x70, 0xf1, 0x1c, 0xc4, 0xcf, 0x3e, 0xbb, 0x35, 0x07, 0x26, 0x0b,
    0x4f, 0x5b, 0xcf, 0xde, 0xda, 0xd0, 0x75, 0xb7, 0xa2, 0x26, 0x1f, 0x2f,
    0xbc, 0x5f, 0x72, 0xdd, 0xa9, 0xda, 0xc3, 0xa7, 0x10, 0x55, 0x12, 0xbc,
    0x59, 0x24, 0x39, 0x42, 0x9c, 0xe6, 0x66, 0x72, 0x9d, 0xd1, 0x33, 0x6c,
    0x9e, 0x91, 0xf3, 0x0d, 0x75, 0x3e, 0x90, 0xa9, 0x79, 0xaf, 0x88, 0xf3,
    0x05, 0xf3, 0x75, 0x29, 0x9c, 0x22, 0xf6, 0x30, 0x71, 0xa3, 0x9e, 0x7e,
    0xd5, 0x26, 0x94, 0x0b, 0x8d, 0xfb, 0x1b, 0xd4, 0xd1, 0x0d, 0x53, 0x84,
    0x9e, 0xcd, 0x6f, 0xd0, 0xa3, 0x90, 0x24, 0x65, 0x61, 0x19, 0x1b, 0x92,
    0xed, 0xec, 0x0a, 0x27, 0x20, 0x8c, 0x58, 0x6e, 0x35, 0x03, 0xde, 0xf7,
    0xf1, 0xe7, 0xbd, 0xfc, 0xc6, 0x6b, 0x74, 0xfb, 0x85, 0x47, 0x6d, 0xc6,
    0x9a, 0x1c, 0x99, 0x76, 0x4e, 0x3d, 0x8e, 0xed, 0x0f, 0x62, 0x3b, 0x3c,
    0x22, 0x25, 0x0b, 0x24, 0x4f, 0xcf, 0x86, 0x1f, 0x74, 0x18, 0xc8, 0xcd,
    0xc0, 0xd7, 0x47, 0x02, 0x3e, 0x04, 0x4c, 0x5e, 0xd6, 0x7f, 0x9a, 0x26,
    0xef, 0x50, 0xa6, 0x23, 0xb6, 0x47, 0x02, 0xd5, 0xd2, 0xf4, 0x6e, 0x87,
    0xc8, 0x15, 0x2f, 0xdb, 0x6f, 0x86, 0x5b, 0x2e, 0xcf, 0x25, 0xdf, 0x85,
    0x55, 0xa8, 0x8b, 0x75, 0x35, 0x92, 0xab, 0xed, 0x52, 0x53, 0xaf, 0x1d,
    0xe8, 0x10, 0x55, 0x16, 0x16, 0xec, 0x9e, 0x1c, 0xdd, 0xc2, 0x26, 0x8e,
    0x12, 0x11, 0x99, 0x33, 0x00, 0x4d, 0x50, 0x77, 0x21, 0xaf, 0x06, 0x61,
    0xf7, 0xe5, 0x7c, 0x35, 0xa0, 0x11, 0x2c, 0x10, 0x0a, 0x71, 0x2c, 0xef,
    0x30, 0x81, 0x2c, 0x4f, 0x3e, 0x9b, 0x74, 0x15, 0xb4, 0x19, 0xf1, 0x27,
    0x2a, 0x63, 0x99, 0x34, 0xea, 0x6f, 0x08, 0x4a, 0xcc, 0x4e, 0x02, 0x45,
    0xa1, 0x9f, 0xa0, 0xb4, 0x0d, 0xc7, 0x54, 0x3d, 0xfa, 0x01, 0xd2, 0x18,
    0x6e, 0x9b, 0xb9, 0x1e, 0x0e, 0xd1, 0xbe, 0x7c, 0x21, 0x5d, 0xe4, 0x68,
    0x33, 0xa3, 0x5a, 0xca, 0x83, 0x63, 0x67, 0x8e, 0x2c, 0x1c, 0xce, 0xb4,
    0x42, 0x1c, 0x90, 0x7b, 0x50, 0xae, 0xb1, 0x18, 0x04, 0x57, 0xd9, 0x09,
    0xce, 0x06, 0x4f, 0x4a, 0x6a, 0x6c, 0xba, 0xae, 0xa9, 0x44, 0xa8, 0x64,
    0x9b, 0xed, 0x36, 0x94, 0x49, 0x27, 0xf5, 0xf2, 0x57, 0xf4, 0xdd, 0x3a,
    0x88, 0x1c, 0x0b, 0x1f, 0x28, 0x26, 0x8f, 0x2d, 0x32, 0xbe, 0xc9, 0x46,
    0xef, 0x7f, 0x1c, 0xb7, 0x70, 0x06, 0xfa, 0x07, 0x8b, 0x9d, 0x07, 0x8a,
    0x79, 0xcc, 0x89, 0xea, 0xca, 0x32, 0x4e, 0xd0, 0xf0, 0x5c, 0x08, 0x8b,
    0xb3, 0xfd, 0x78, 0x48, 0x0f, 0xcb, 0x2d, 0x73, 0x8e, 0x32, 0xa0, 0x3b,
    0x7d, 0x9a, 0x8c, 0xbe, 0x11, 0x11, 0xcf, 0x5f, 0x3e, 0x64, 0x83, 0x67,
    0x6f, 0x03, 0x51, 0xbf, 0x7e, 0xbe, 0xbb, 0x43, 0x32, 0x5d, 0xa4, 0x8d,
    0x4d, 0x42, 0xf3, 0xcc, 0x4d, 0x35, 0x29, 0x6b, 0xe4, 0x2c, 0x18, 0xe3,
    0x16, 0xfa, 0x5b, 0x38, 0x29, 0x37, 0xb8, 0x99, 0x0d, 0x56, 0x73, 0x81,
    0x00, 0x92, 0x25, 0x62, 0x53, 0x23, 0x15, 0xca, 0x75, 0xba, 0x6c, 0x9a,
    0x79, 0xc7, 0x2c, 0x59, 0x54, 0x9b, 0x30, 0x27, 0x49, 0xbf, 0x9e, 0xea,
    0xeb, 0xef, 0x4d, 0xf3, 0x02, 0x79, 0xea, 0xe1, 0xb8, 0xcf, 0xe4, 0xf7,
    0x12, 0x81, 0x89, 0x4e, 0xf0, 0x04, 0xe5, 0x35, 0xba, 0x42, 0xc6, 0x3e,
    0xf0, 0x49, 0x47, 0x38, 0xa3, 0xdc, 0x4a, 0x3c, 0xe3, 0x1e, 0x12, 0x7e,
    0xcd, 0xed, 0xd8, 0xf2, 0x0a, 0x75, 0xed, 0xcd, 0x79, 0x63, 0x3d, 0xde,
    0xc2, 0x19, 0xd0, 0x9e, 0xfb, 0x78, 0xe9, 0x18, 0xc8, 0xa2, 0x0e, 0x3c,
    0x0d, 0xab, 0xb9, 0x72, 0xf2, 0x73, 0x39, 0x36, 0x42, 0x93, 0xf0, 0x7e,
    0x7c, 0x0d, 0x3a, 0x15, 0x15, 0x41, 0x6d, 0x7a, 0xc4, 0x68, 0x43, 0xb5,
    0x24, 0x67, 0x97, 0x5c, 0x65, 0x88, 0x59, 0xe8, 0x80, 0xa8, 0x46, 0x4d,
    0x66, 0x31, 0x20, 0x8c, 0xf3, 0x0c, 0xb0, 0x28, 0xfc, 0x49, 0x66, 0x0c,
    0x22, 0xd7, 0x44, 0x92, 0x66, 0x06, 0xc2, 0xfa, 0x63, 0xf9, 0x9b, 0xfd,
    0x8b, 0x67, 0x3a, 0x28, 0xc4, 0x84, 0xf3, 0x0b, 0x20, 0x26, 0x3c, 0x67,
    0x42, 0x01, 0xd4, 0x1d, 0x75, 0xb6, 0xf8, 0xdb, 0x91, 0xb3, 0xf0, 0xf0,
    0xd3, 0x0b, 0x55, 0xf8, 0x77, 0x6d, 0x9d, 0x04, 0xf6, 0x5c, 0xb3, 0xf6,
    0xae, 0xc4, 0xaa, 0x5d, 0x64, 0x23, 0xfc, 0x89, 0x9d, 0x95, 0x38, 0x95,
    0xd1, 0x08, 0x9d, 0x17, 0x73, 0xa0, 0x90, 0x5a, 0x1e, 0xec, 0x3b, 0x32,
    0x3a, 0x01, 0xc6, 0xa4, 0xb8, 0x5d, 0x2f, 0x5e, 0x71, 0x22, 0x12, 0x7c,
    0x21, 0xb7, 0xee, 0xb7, 0x94, 0x8d, 0xe7, 0xe8, 0x8d, 0xd5, 0x1e, 0x0f,
    0x84, 0x68, 0x9f, 0x67, 0x39, 0xc4, 0x26, 0x36, 0xea, 0xe9, 0x03, 0x23,
    0xb9, 0xdf, 0x6d, 0xa0, 0x42, 0x05, 0xd6, 0xf9, 0xb1, 0xd3, 0xe3, 0xcf,
    0x0b, 0x06, 0x54, 0x2b, 0x06, 0x6c, 0x82, 0x5f, 0x90, 0x98, 0x06, 0xd4,
    0x22, 0x2d, 0x30, 0xee, 0x3b, 0x45, 0x76, 0xda, 0x68, 0x37, 0xf1, 0xc5,
    0x9f, 0x5f, 0x48, 0xfa, 0x29, 0x9f, 0xc9, 0x44, 0xdf, 0xa9, 0x8d, 0xc5,
    0x1f, 0x43, 0x0a, 0x8c, 0xb8, 0x0f, 0xfe, 0x22, 0xba, 0xd5, 0xcc, 0xed,
    0xb8, 0x91, 0xc5, 0xf4, 0x04, 0xe3, 0xda, 0x45, 0xd5, 0x3f, 0x48, 0xa8,
    0xc4, 0xc8, 0x4d, 0xbf, 0x0e, 0xdc, 0x64, 0xde, 0x82, 0x9b, 0x01, 0x08,
    0xdd, 0x55, 0xe5, 0xc1, 0xf2, 0x89, 0x27, 0xb5, 0x49, 0x56, 0x0c, 0x6f,
    0x47, 0xb9, 0xcf, 0x92, 0xdc, 0xd6, 0x64, 0x58, 0x58, 0x6b, 0x0a, 0xd9,
    0x5b, 0x1b, 0x7c, 0x84, 0xc5, 0x65, 0x96, 0xbe, 0xef, 0xa9, 0x2d, 0xcf,
    0x27, 0x9a, 0x4d, 0xc9, 0xdd, 0x85, 0xa4, 0x8a, 0xbc, 0x9e, 0xe8, 0x60,
    0xf9, 0x11, 0xea, 0x53, 0xd8, 0x69, 0xc6, 0xa9, 0xa5, 0x7d, 0xa4, 0xd7,
    0xf1, 0xf4, 0xe5, 0x1c, 0x0e, 0x1a, 0xe7, 0xb2, 0x41, 0x6a, 0x09, 0x37,
    0xc6, 0xd5, 0xa9, 0x19, 0xa8, 0x09, 0xe1, 0xac, 0x78, 0x5a, 0x1a, 0x9c,
    0x59, 0x89, 0xe8, 0x36, 0xf4, 0xb9, 0x71, 0x01, 0xc8, 0x93, 0x94, 0xb4,
    0x6f, 0x04, 0x55, 0xeb, 0x62, 0x60, 0x7a, 0xd1, 0xb4, 0x9d, 0x19, 0x07,
    0x75, 0x3a, 0xfe, 0x6e, 0x7a, 0xd2, 0x3f, 0x11, 0x1d, 0x64, 0xea, 0x04,
    0x47, 0x44, 0x8a, 0x88, 0xdf, 0x81, 0x09, 0x1c, 0xb9, 0x68, 0x2a, 0x7a,
    0x9e, 0x23, 0x90, 0xb2, 0x8a, 0x4f, 0x06, 0xae, 0xce, 0xbe, 0xb7, 0xcb,
    0x05, 0x96, 0x52, 0xf3, 0xf3, 0xd8, 0xb6, 0x93, 0xe9, 0xeb, 0x41, 0xd6,
    0x04, 0xc3, 0x2c, 0x58, 0xe3, 0x35, 0xb0, 0x80, 0x4d, 0x3d, 0xf6, 0xb4,
    0x75, 0x43, 0x90, 0x6a, 0x61, 0xbb, 0xeb, 0xab, 0x8c, 0x49, 0x7c, 0xb6,
    0x23, 0x9b, 0x1c, 0x54, 0x83, 0xe2, 0xf0, 0xbe, 0xd0, 0xbd, 0xf3, 0xa2,
    0xd7, 0x58, 0xe0, 0xd7, 0xf4, 0x92, 0x57, 0x97, 0x53, 0xc0, 0x0d, 0x29,
    0xd5, 0x0e, 0xfb, 0x37, 0x57, 0xc6, 0x50, 0x6c, 0x8c, 0xb1, 0xe7, 0xc8,
    0xc9, 0xe3, 0x37, 0x75, 0x86, 0x54, 0x40, 0x12, 0x6f, 0x5a, 0x86, 0xff,
    0x7c, 0xf9, 0x5b, 0x85, 0x34, 0xbd, 0x91, 0xd2, 0x08, 0xe9, 0xa6, 0xdc,
    0xf1, 0x56, 0x36, 0xdc, 0x33, 0x9e, 0xf6, 0x49, 0x3a, 0xa3, 0x59, 0xa0,
    0x04, 0x26, 0x19, 0xe0, 0xd2, 0xbb, 0x48, 0xba, 0x7b, 0x2d, 0x22, 0x30,
    0xe7, 0x4b, 0x44, 0xcc, 0x7f, 0xa0, 0x17, 0x0b, 0x0b, 0xf6, 0xec, 0x34,
    0x51, 0x9b, 0x5c, 0x49, 0x4d, 0xa3, 0x5f, 0xb6, 0x1b, 0xce, 0x22, 0x16,
    0xea, 0xda, 0x97, 0x10, 0x5e, 0x5e, 0x98, 0x36, 0x27, 0x7d, 0xf1, 0x43,
    0xe8, 0xa7, 0x22, 0x0c, 0x51, 0xb3, 0x36, 0x29, 0x4b, 0x1f, 0x86, 0x93,
    0xb7, 0xa6, 0x55, 0x13, 0xbf, 0x7e, 0x67, 0xab, 0xc9, 0xd1, 0xce, 0xc6,
    0x6e, 0x03, 0x69, 0xbb, 0x9d, 0x91, 0xdf, 0x98, 0x1a, 0xbc, 0xe5, 0xd5,
    0x0d, 0xcd, 0x7d, 0x1f, 0x2c, 0x51, 0x9e, 0xda, 0xaf, 0xee, 0x8c, 0xcf,
    0x1a, 0x78, 0x30, 0x10, 0xa8, 0x0b, 0xf7, 0x19, 0x58, 0xac, 0x0e, 0x33,
    0x45, 0xd8, 0x6e, 0x5f, 0x83, 0xc5, 0xc9, 0xb9, 0x06, 0xdd, 0xb9, 0x27,
    0xab, 0x69, 0xe3, 0x65, 0x39, 0x8e, 0xd1, 0x78, 0x00, 0xf7, 0x10, 0x6f,
    0x5a, 0x7f, 0x6a, 0xb9, 0x54, 0x1a, 0x81, 0x2b, 0x19, 0x6b, 0x5d, 0x10,
    0xe6, 0xca, 0xe3, 0x35, 0xd4, 0x80, 0x37, 0x0a, 0x07, 0xa5, 0x9c, 0x99,
    0x63, 0x26, 0x17, 0xd7, 0x9c, 0x9f, 0x74, 0xf5, 0x5a, 0x10, 0x58, 0x4c,
    0x83, 0x85, 0x93, 0xc4, 0xd9, 0x07, 0xa0, 0x22, 0xa4, 0x96, 0xf3, 0x58,
    0xae, 0x57, 0x3c, 0x7f, 0x39, 0xa5, 0x0a, 0x07, 0x72, 0x3a, 0x7d, 0xb2,
    0xf9, 0x8d, 0xbd, 0x28, 0x50, 0x21, 0x2b, 0xb4, 0xc0, 0xce, 0x97, 0x5f,
    0x0c, 0x73, 0xd1, 0x2c, 0x6e, 0xfd, 0xb8, 0xcf, 0xa4, 0xec, 0xef, 0x1f,
    0x82, 0xa8, 0x6d, 0xd2, 0xf7, 0x8a, 0x7c, 0xda, 0x05, 0x53, 0xbb, 0x1d,
    0x91, 0x27, 0x2b, 0xda, 0x58, 0xa3, 0x48, 0x2e, 0x24, 0x20, 0x78, 0x6a,
    0x30, 0x14, 0xe1, 0xa7, 0x8a, 0x94, 0xa8, 0x26, 0x1d, 0x18, 0x8d, 0xf5,
    0xa4, 0xc5, 0x53, 0x67, 0x68, 0x31, 0x16, 0xc8, 0x17, 0xa8, 0x66, 0x8e,
    0x88, 0xa5, 0x1e, 0x2d, 0x82, 0xd4, 0xdc, 0x31, 0x1d, 0x2d, 0x4b, 0xfa,
    0x3c, 0xfb, 0xb9, 0x94, 0xf6, 0xa9, 0x96, 0x23, 0x2c, 0x54, 0xe4, 0x8f,
    0x3f, 0xc2, 0x3c, 0xca, 0x2c, 0x1c, 0xb2, 0x7d, 0xab, 0x0f, 0x64, 0x3a,
    0xb7, 0x52, 0xc0, 0x8f, 0xce, 0xfe, 0xcd, 0x50, 0x41, 0xb0, 0x6e, 0x91,
    0x61, 0xed, 0xbf, 0x74, 0x72, 0x93, 0x58, 0xb4, 0x6c, 0xac, 0xac, 0xec,
    0x31, 0x56, 0x77, 0x3c, 0xa0, 0x7e, 0x79, 0x23, 0x8b, 0xbe, 0x0f, 0x54,
    0x96, 0xf5, 0x6b, 0x86, 0x9d, 0xff, 0x0e, 0x9d, 0x29, 0x5b, 0x06, 0x7e,
    0xdb, 0x56, 0xdb, 0x0b, 0x93, 0x0e, 0xa9, 0xb2, 0xb2, 0xed, 0x60, 0x7a,
    0x6d, 0xa1, 0x89, 0xbb, 0x1d, 0x5f, 0x5f, 0xfd, 0xa3, 0x57, 0x3b, 0xee,
    0x15, 0x14, 0xb5, 0x18, 0x39, 0x1c, 0x30, 0x8f, 0x53, 0xd6, 0x33, 0xbc,
    0x89, 0x87, 0x61, 0x54, 0x46, 0xf8, 0x1a, 0xa2, 0xe1, 0x1e, 0x5f, 0x61,
    0x39, 0x54, 0xb8, 0xbf, 0x71, 0xec, 0x09, 0xb1, 0x45, 0x7e, 0x7d, 0x62,
    0x9d, 0x4c, 0xb8, 0x84, 0xfa, 0x49, 0x0a, 0x20, 0xe7, 0x5b, 0x03, 0x47,
    0x81, 0xe3, 0x80, 0x26, 0x5e, 0x26, 0xb0, 0xff, 0xba, 0xfd, 0x62, 0x44,
    0xb1, 0xcb, 0x66, 0xf9, 0x09, 0xac, 0x26, 0x3d, 0xed, 0xf0, 0xbb, 0xdc,
    0x2a, 0x3c, 0xf5, 0x10, 0xe0, 0x37, 0xbc, 0x87, 0xcc, 0xb8, 0xfb, 0xd7,
    0x16, 0x97, 0x21, 0x9c, 0xa8, 0x78, 0xa9, 0x28, 0xbb, 0x00, 0x31, 0xe6,
    0x25, 0x38, 0x31, 0x5d, 0x52, 0x1b, 0x80, 0x70, 0x6d, 0x23, 0xb1, 0x1c,
    0x88, 0x8e, 0x43, 0x2e, 0xfe, 0xde, 0x3c, 0x5e, 0x61, 0x2a, 0x9c, 0x26,
    0x30, 0xe9, 0x4b, 0x63, 0x9a, 0x99, 0xd7, 0xf9, 0x49, 0xa1, 0x4b, 0x1e,
    0x3f, 0x3c, 0xc6, 0x92, 0x49, 0xd3, 0xa2, 0x71, 0x62, 0x3c, 0xbe, 0x21,
    0xcb, 0xe0, 0x35, 0xd9, 0x6d, 0x0d, 0x26, 0x07, 0x50, 0xc0, 0x94, 0x3f,
    0xa3, 0x72, 0xa0, 0x79, 0x92, 0xfe, 0xc9, 0xf4, 0x31, 0x17, 0x0e, 0x0f,
    0xc6, 0x46, 0x35, 0xa6, 0x00, 0x0a, 0xac, 0xbf, 0x0d, 0x59, 0x8d, 0xcd,
    0x0c, 0x4b, 0xcf, 0xa8, 0xc2, 0x98, 0x5c, 0xaf, 0xb0, 0xa4, 0xc9, 0x10,
    0xaa, 0xdf, 0x32, 0xbe, 0xe5, 0xf5, 0x45, 0x44, 0x6b, 0x51, 0x9d, 0xaf,
    0x7c, 0xc2, 0x63, 0xee, 0x44, 0xfe, 0x7a, 0x6f, 0xde, 0x62, 0x4d, 0x3b,
    0x09, 0xf2, 0x24, 0x72, 0xc8, 0x2c, 0x76, 0xe7, 0x53, 0xfd, 0x64, 0x31,
    0x0d, 0xb5, 0x55, 0xda, 0xd2, 0xd0, 0x01, 0xe7, 0xef, 0x37, 0x4e, 0x50,
    0x5d, 0xa4, 0x8d, 0x4c, 0xeb, 0x31, 0x42, 0x7d, 0x13, 0x37, 0x69, 0x86,
    0xc4, 0x6c, 0x53, 0x33, 0x0b, 0x6e, 0xd4, 0x6c, 0xce, 0xde, 0x69, 0xed,
    0x2f, 0xfe, 0x16, 0xb2, 0xe8, 0xd2, 0xf8, 0x38, 0x31, 0x29, 0xa1, 0xa0,
    0x2f, 0xb1, 0xfb, 0x05, 0x6f, 0xb3, 0x3e, 0x63, 0x5b, 0xbf, 0x78, 0x32,
    0x65, 0x4d, 0x9a, 0x40, 0xf3, 0x27, 0x1f, 0x63, 0xf0, 0x7a, 0x55, 0x89,
    0x7d, 0xc7, 0x5e, 0x9b, 0x7d, 0x5f, 0x11, 0xcc, 0xdc, 0x3d, 0x2c, 0x58,
    0xc2, 0x6e, 0xfb, 0x52, 0x4d, 0xfd, 0xf9, 0x73, 0x38, 0x28, 0xe6, 0x43,
    0x70, 0xac, 0xee, 0x8c, 0x8f, 0xf8, 0x43, 0x83, 0xf7, 0x44, 0xa0, 0x77,
    0x42, 0x1a, 0x00, 0x1b, 0xf7, 0x3c, 0x94, 0xb1, 0x0d, 0xb0, 0x8a, 0xfb,
    0xb3, 0xeb, 0x86, 0x9d, 0xa4, 0x0c, 0x07, 0xc4, 0x28, 0x6d, 0xf2, 0xf9,
    0x2a, 0x31, 0xf0, 0x32, 0xd0, 0x61, 0xe3, 0x55, 0x72, 0xa5, 0x3c, 0x7f,
    0xac, 0xff, 0x58, 0xe1, 0xa9, 0x1e, 0x0f, 0x40, 0x7b, 0xeb, 0x3d, 0x70,
    0x5e, 0x0b, 0xbb, 0x85, 0x64, 0x5f, 0xfa, 0x4b, 0x21, 0x39, 0x1a, 0xa8,
    0x75, 0xda, 0xce, 0xd8, 0x57, 0x3f, 0xf0, 0xc6, 0xb9, 0x6c, 0x9a, 0xb4,
    0x03, 0x67, 0xdb, 0x0c, 0xff, 0x5b, 0x0a, 0x45, 0xe5, 0x9d, 0xbc, 0xd5,
    0xc6, 0x1f, 0xde, 0xf7, 0x3c, 0x6f, 0x29, 0x36, 0x61, 0x4e, 0xa3, 0x13,
    0x1b, 0xf4, 0x3f, 0xc9, 0xda, 0x6c, 0x1a, 0x60, 0x7c, 0xd5, 0xa4, 0xc0,
    0x4a, 0x1a, 0xb9, 0xcc, 0xc7, 0x73, 0xa7, 0x45, 0x8c, 0xd4, 0x69, 0xa7,
    0x92, 0x71, 0x4d, 0x0b, 0xe7, 0x86, 0x30, 0x3a, 0xc3, 0x3e, 0x2d, 0xb9,
    0x25, 0x94, 0x34, 0xc7, 0x1f, 0x9d, 0x85, 0xfe, 0x15, 0xd2, 0xdf, 0xa8,
    0x5e, 0x45, 0x48, 0x42, 0x5f, 0xb6, 0xdb, 0xff, 0x45, 0x11, 0xaf, 0xed,
    0x14, 0xe0, 0xb0, 0xe1, 0xf4, 0x7f, 0x7c, 0x13, 0x65, 0xcb, 0x35, 0x5c,
    0xac, 0x3f, 0x38, 0x1a, 0x92, 0xb5, 0x59, 0x30, 0xb3, 0xa5, 0x37, 0xa9,
    0xd8, 0xee, 0xf4, 0x53, 0xd2, 0xaa, 0x42, 0x3f, 0xc6, 0x4a, 0x12, 0xbd,
    0xbe, 0x9b, 0xa7, 0x6f, 0xa6, 0x76, 0x62, 0x5f, 0x0e, 0x3a, 0xe2, 0xeb,
    0x7f, 0x3e, 0x1a, 0x3c, 0xee, 0xed, 0xe9, 0xb0, 0x29, 0xe6, 0x50, 0xfb,
    0xaa, 0x41, 0xd1, 0xa2, 0x63, 0xf5, 0xa5, 0x54, 0xde, 0xb4, 0x48, 0x2c,
    0x8f, 0x66, 0xda, 0xc8, 0x42, 0x5c, 0xab, 0x7a, 0xd9, 0x00, 0x1b, 0x12,
    0x6e, 0x21, 0xd2, 0xe7, 0xe1, 0x72, 0xc4, 0x36, 0xca, 0xcd, 0xf7, 0x47,
    0x11, 0xa5, 0x1a, 0xdc, 0x9e, 0xaa, 0x20, 0x1f, 0x7b, 0x91, 0xed, 0xe8,
    0xbb, 0x5b, 0xa7, 0x5f, 0x20, 0x99, 0x6d, 0x7d, 0x18, 0x0b, 0xb6, 0x72,
    0xba, 0x51, 0xc7, 0xe2, 0xc6, 0xc6, 0x23, 0x96, 0x15, 0x94, 0xe1, 0x31,
    0x8c, 0x6b, 0x97, 0x9a, 0xc3, 0xc3, 0x19, 0xd0, 0xf8, 0x4c, 0x72, 0x09,
    0x49, 0x78, 0xd4, 0xe0, 0x37, 0x38, 0xa6, 0x20, 0xf6, 0xd1, 0xea, 0xf1,
    0x8d, 0x06, 0x37, 0xf2, 0x16, 0xcf, 0xb7, 0x48, 0xbf, 0x7c, 0x0f, 0xba,
    0x78, 0xe3, 0xe1, 0xf6, 0xe4, 0x4e, 0x1f, 0xb9, 0xf1, 0x64, 0xc3, 0x5f,
    0x2e, 0x7f, 0x05, 0xbc, 0xd6, 0xe1, 0x6a, 0x51, 0x7f, 0x09, 0xed, 0xc8,
    0x9c, 0x24, 0x33, 0x36, 0xfd, 0x15, 0x93, 0xee, 0xd5, 0xdd, 0x22, 0x77,
    0x7c, 0x98, 0xcd, 0xc2, 0x7f, 0x70, 0x58, 0x6b, 0x1c, 0x12, 0x38, 0x4c,
    0x53, 0x49, 0x6e, 0xc9, 0x24, 0xce, 0x01, 0x70, 0x8d, 0xf1, 0xdb, 0xaa,
    0x8c, 0x83, 0xbf, 0x3b, 0xac, 0xe7, 0x26, 0x6a, 0x32, 0x96, 0xea, 0xd8,
    0xba, 0x71, 0x49, 0x0c, 0x7d, 0x65, 0xb3, 0xba, 0x27, 0xf1, 0x35, 0xaa,
    0x5c, 0xbe, 0x43, 0x32, 0x71, 0xdb, 0xe3, 0xd8, 0xb7, 0xfb, 0xea, 0x87,
    0xb4, 0xc6, 0xfc, 0x74, 0x12, 0x41, 0x63, 0xd4, 0xb0, 0x46, 0x39, 0x4b,
    0x63, 0x6a, 0x5e, 0xc2, 0x05, 0xe6, 0x3f, 0x79, 0x58, 0xcd, 0x10, 0x63,
    0xfb, 0x32, 0x5c, 0x59, 0x60, 0x24, 0x18, 0xfb, 0x04, 0x92, 0x8b, 0x3f,
    0x19, 0x6c, 0x62, 0xd4, 0x57, 0x73, 0x6a, 0x76, 0x89, 0xe7, 0xc7, 0x0e,
    0xba, 0x7f, 0x8e, 0x75, 0xf6, 0x3e, 0x1f, 0xd8, 0xb7, 0x9b, 0xa2, 0xb3,
    0xbb, 0x95, 0x59, 0xba, 0xb4, 0xc4, 0x1a, 0xf0, 0x2f, 0xa8, 0x60, 0x5d,
    0xdd, 0xc5, 0x6a, 0x4c, 0x55, 0x5b, 0xba, 0x67, 0x91, 0x0e, 0x99, 0x23,
    0x8d, 0xd4, 0xde, 0x49, 0xb2, 0x02, 0xf9, 0x44, 0x2a, 0x2f, 0x50, 0x52,
    0x6c, 0x99, 0xa6, 0xab, 0xae, 0xba, 0x22, 0x43, 0x50, 0x63, 0x73, 0x81,
    0x87, 0xb6, 0xd1, 0xd5, 0xdb, 0xec, 0xee, 0xf4, 0x07, 0x1a, 0x23, 0x36,
    0x5e, 0x8f, 0xb7, 0xbf, 0xd1, 0xd3, 0xe3, 0xef, 0x22, 0x24, 0x2f, 0x37,
    0x51, 0x5d, 0x62, 0x6c, 0x70, 0x77, 0x7a, 0x7d, 0x80, 0x97, 0xa5, 0xc3,
    0xc6, 0xc8, 0xc9, 0xce, 0xcf, 0xe3, 0xee, 0xef, 0xf1, 0xfe, 0x00, 0x00,
    0x00, 0x00, 0x00, 0x00, 0x00, 0x00, 0x00, 0x00, 0x00, 0x00, 0x00, 0x00,
    0x00, 0x00, 0x00, 0x00, 0x0a, 0x18, 0x24, 0x3e
};
static const unsigned char kat_mldsa65_pub[] = {
    0x48, 0x68, 0x3d, 0x91, 0x97, 0x8e, 0x31, 0xeb, 0x3d, 0xdd, 0xb8, 0xb0,
    0x47, 0x34, 0x82, 0xd2, 0xb8, 0x8a, 0x5f, 0x62, 0x59, 0x49, 0xfd, 0x8f,
    0x58, 0xa5, 0x61, 0xe6, 0x96, 0xbd, 0x4c, 0x27, 0xd0, 0x5b, 0x38, 0xdb,
    0xb2, 0xed, 0xf0, 0x1e, 0x66, 0x4e, 0xfd, 0x81, 0xbe, 0x1e, 0xa8, 0x93,
    0x68, 0x8c, 0xe6, 0x8a, 0xa2, 0xd5, 0x1c, 0x59, 0x58, 0xf8, 0xbb, 0xc6,
    0xeb, 0x4e, 0x89, 0xee, 0x67, 0xd2, 0xc0, 0x32, 0x09, 0x54, 0xd5, 0x72,
    0x12, 0xca, 0xc7, 0x22, 0x9f, 0xf1, 0xd6, 0xea, 0xf0, 0x39, 0x28, 0xbd,
    0x51, 0x51, 0x1f, 0x8d, 0x88, 0xd8, 0x47, 0x73, 0x6c, 0x7d, 0xe2, 0x73,
    0x0d, 0x59, 0x78, 0xe5, 0x41, 0x07, 0x13, 0x16, 0x09, 0x78, 0x86, 0x77,
    0x11, 0xbf, 0x55, 0x39, 0xa0, 0xbf, 0xc4, 0xc3, 0x50, 0xc2, 0xbe, 0x57,
    0x2b, 0xaf, 0x0e, 0xe2, 0xe2, 0xfb, 0x16, 0xcc, 0xfe, 0xa0, 0x80, 0x28,
    0xd9, 0x9a, 0xc4, 0x9a, 0xeb, 0xb7, 0x59, 0x37, 0xdd, 0xce, 0x11, 0x1c,
    0xda, 0xb6, 0x2f, 0xff, 0x3c, 0xea, 0x8b, 0xa2, 0x23, 0x3d, 0x1e, 0x56,
    0xfb, 0xc5, 0xc5, 0xa1, 0xe7, 0x26, 0xde, 0x63, 0xfa, 0xdd, 0x2a, 0xf0,
    0x16, 0xb1, 0x19, 0x17, 0x7f, 0xa3, 0xd9, 0x71, 0xa2, 0xd9, 0x27, 0x71,
    0x73, 0xfc, 0xe5, 0x5b, 0x67, 0x74, 0x5a, 0xf0, 0xb7, 0xc2, 0x1d, 0x59,
    0x7d, 0xbe, 0xb9, 0x3e, 0x6a, 0x32, 0xf3, 0x41, 0xc4, 0x9a, 0x5a, 0x8b,
    0xe9, 0xe8, 0x25, 0x08, 0x8d, 0x1f, 0x2a, 0xa4, 0x51, 0x55, 0xd6, 0xc8,
    0xae, 0x15, 0x36, 0x7e, 0x4e, 0xb0, 0x03, 0xb8, 0xfd, 0xf7, 0x85, 0x10,
    0x71, 0x94, 0x97, 0x39, 0xf9, 0xff, 0xf0, 0x90, 0x23, 0xea, 0xf4, 0x51,
    0x04, 0xd2, 0xa8, 0x4a, 0x45, 0x90, 0x6e, 0xed, 0x46, 0x71, 0xa4, 0x4d,
    0xc2, 0x8d, 0x27, 0x98, 0x7b, 0xb5, 0x5d, 0xf6, 0x9e, 0x9e, 0x85, 0x61,
    0xf6, 0x1a, 0x80, 0xa7, 0x26, 0x99, 0x50, 0x38, 0x65, 0xfe, 0xd9, 0xb7,
    0xee, 0x72, 0xa8, 0xe1, 0x7a, 0x19, 0xc4, 0x08, 0x14, 0x4f, 0x4b, 0x29,
    0xaf, 0xef, 0x70, 0x31, 0xc3, 0xa6, 0xd8, 0x57, 0x16, 0x10, 0xb4, 0x2c,
    0x9f, 0x42, 0x12, 0x45, 0xa8, 0x8f, 0x19, 0x7e, 0x16, 0x81, 0x2b, 0x03,
    0x11, 0x59, 0xb6, 0x5b, 0x96, 0x87, 0xe5, 0xb3, 0xe9, 0x34, 0xc5, 0x22,
    0x5a, 0xe9, 0x8a, 0x79, 0xba, 0x73, 0xd2, 0xb3, 0x99, 0xd7, 0x35, 0x10,
    0xef, 0xfa, 0xd1, 0x9e, 0x53, 0xb8, 0x45, 0x0f, 0x0b, 0xa8, 0xfc, 0xe1,
    0x01, 0x2f, 0xd9, 0x8d, 0x26, 0x0a, 0x74, 0xaa, 0xaa, 0x13, 0xfa, 0xe2,
    0x49, 0xa0, 0x06, 0xb1, 0xc3, 0x4f, 0x5b, 0xa0, 0xb8, 0x82, 0xf2, 0x63,
    0x78, 0x22, 0x2f, 0xb3, 0x6f, 0x22, 0x83, 0xc2, 0x43, 0xf0, 0xff, 0xeb,
    0x5f, 0x1b, 0xb4, 0x14, 0xa0, 0xa7, 0x0d, 0x55, 0xe3, 0xd4, 0x0a, 0x56,
    0xb6, 0xcb, 0xc8, 0x8a, 0xe1, 0xf0, 0x3b, 0x7b, 0x28, 0x82, 0xd9, 0x8d,
    0xee, 0xa2, 0x8e, 0x14, 0x5c, 0x9d, 0xed, 0xfd, 0x8e, 0xaf, 0x1c, 0xef,
    0x2e, 0xd9, 0x4a, 0x8b, 0x05, 0x0f, 0x89, 0x64, 0xf4, 0x6d, 0x1e, 0xa0,
    0xd0, 0xc2, 0xa4, 0x3e, 0x0d, 0xda, 0x61, 0x82, 0xad, 0xbf, 0x4f, 0x6e,
    0xd1, 0x75, 0xb6, 0x74, 0x22, 0x57, 0x85, 0x9b, 0xf2, 0x2f, 0x3a, 0x41,
    0x7e, 0xcf, 0x1f, 0x9d, 0x89, 0x31, 0x7b, 0x5e, 0x53, 0x9d, 0x58, 0x7a,
    0xf1, 0x6b, 0x9e, 0x13, 0x13, 0xe0, 0x45, 0x14, 0xff, 0xa6, 0x4b, 0xa8,
    0xb3, 0xff, 0x2b, 0x83, 0x21, 0xf8, 0x81, 0x1c, 0xb3, 0xfb, 0x02, 0x2c,
    0x8f, 0x64, 0x4e, 0x70, 0xa4, 0xb8, 0x0a, 0x2f, 0xbf, 0xee, 0x60, 0x4a,
    0xbb, 0x73, 0x79, 0x09, 0x1e, 0xa8, 0xe6, 0xc5, 0xc7, 0x4d, 0xfc, 0x02,
    0x83, 0x66, 0x6b, 0x40, 0xc0, 0x79, 0x38, 0x70, 0x02, 0x82, 0x04, 0xa1,
    0x36, 0xbf, 0x5d, 0xa9, 0x56, 0x8e, 0xb7, 0x98, 0xd3, 0x49, 0x03, 0x8b,
    0xdb, 0x0c, 0x11, 0xe0, 0x34, 0x45, 0xe7, 0x84, 0x7c, 0xb5, 0x06, 0x9c,
    0x75, 0xcf, 0x28, 0xac, 0x60, 0x1c, 0x77, 0x99, 0xd9, 0x58, 0x21, 0x0d,
    0xdb, 0xcb, 0x22, 0x6e, 0x51, 0xaf, 0xef, 0x9f, 0x1d, 0xe4, 0x7b, 0x07,
    0x38, 0x73, 0xd6, 0xd3, 0xf9, 0x74, 0x56, 0xbe, 0xde, 0x08, 0x50, 0x82,
    0xe7, 0x4a, 0x29, 0x8b, 0x2c, 0xd4, 0x8f, 0x4b, 0x30, 0x93, 0x15, 0x5f,
    0x36, 0x6c, 0x8f, 0xa6, 0x01, 0xc6, 0xaf, 0x85, 0x8d, 0xfa, 0x32, 0xc0,
    0x84, 0x91, 0xb2, 0xa2, 0x98, 0x87, 0xf9, 0x03, 0x35, 0x94, 0x9a, 0x5d,
    0x6e, 0xda, 0xa6, 0x79, 0x88, 0x2a, 0x3a, 0x95, 0xd6, 0xbf, 0x6d, 0x97,
    0x0a, 0x22, 0x1f, 0x4b, 0x9d, 0x3d, 0x8c, 0xbf, 0x38, 0x4a, 0xf8, 0x1a,
    0xac, 0x95, 0xe2, 0xb3, 0x29, 0x4e, 0x04, 0x78, 0x9a, 0xc8, 0x37, 0x27,
    0xa5, 0xdc, 0x04, 0x55, 0x9f, 0x96, 0xaf, 0x41, 0xd8, 0xa0, 0x53, 0x51,
    0x6f, 0xee, 0xee, 0xbc, 0x52, 0x74, 0x6e, 0xb6, 0xab, 0x28, 0x19, 0xe0,
    0x91, 0x08, 0x71, 0x0d, 0x83, 0x5f, 0x01, 0x1f, 0xa6, 0x30, 0x65, 0x87,
    0x2a, 0xd3, 0x34, 0xd5, 0xcd, 0xff, 0xb2, 0xb2, 0x31, 0x05, 0x07, 0xe9,
    0x2f, 0xc9, 0x93, 0xae, 0x31, 0x7d, 0xa9, 0x7f, 0x4f, 0x30, 0x9c, 0xda,
    0xf0, 0xf6, 0x7e, 0xd9, 0x9d, 0x90, 0x21, 0x55, 0x76, 0x08, 0x38, 0x49,
    0xf9, 0x53, 0xb2, 0x46, 0xd7, 0xfe, 0xdb, 0x3f, 0xdb, 0x67, 0x67, 0x98,
    0x50, 0xa5, 0xad, 0x40, 0x4e, 0x64, 0x14, 0x7f, 0xb7, 0xcf, 0x4f, 0x6a,
    0xed, 0xdd, 0x05, 0xaf, 0xb4, 0xb8, 0x34, 0x96, 0x8d, 0x1f, 0xe8, 0x80,
    0x14, 0x96, 0x0d, 0xce, 0x5d, 0x94, 0x22, 0x36, 0x52, 0x6e, 0x12, 0xa4,
    0x78, 0xd6, 0x9e, 0x5f, 0xbe, 0x69, 0x70, 0x31, 0x0b, 0x30, 0x8c, 0x06,
    0x84, 0x50, 0x18, 0xcf, 0xc7, 0xb2, 0xab, 0x43, 0x0a, 0x13, 0xa6, 0xb1,
    0xac, 0x7b, 0xb0, 0x2c, 0xcc, 0xbb, 0x3d, 0x91, 0x1a, 0xc2, 0xf1, 0x10,
    0x68, 0x61, 0x3f, 0xbe, 0x02, 0x9b, 0xfd, 0xce, 0x02, 0xcf, 0x5c, 0xd3,
    0x89, 0x50, 0xed, 0x72, 0xc8, 0x39, 0x44, 0xed, 0xfb, 0xc7, 0x56, 0x15,
    0xaf, 0x87, 0xf8, 0x64, 0xc0, 0x51, 0xf3, 0xc5, 0x54, 0x56, 0xc5, 0x41,
    0x28, 0x63, 0xa4, 0x0c, 0x06, 0xd1, 0xda, 0xb5, 0x62, 0xbd, 0xff, 0x05,
    0x71, 0xb8, 0xd3, 0xc3, 0x91, 0x7b, 0xbd, 0x30, 0x08, 0x80, 0xbb, 0xa5,
    0xe9, 0x98, 0x23, 0x9b, 0x95, 0xfa, 0x91, 0xb7, 0xd6, 0x41, 0x6d, 0x4f,
    0x39, 0x8b, 0x3a, 0xdb, 0xcd, 0x30, 0x98, 0x3e, 0xd3, 0x59, 0x2b, 0x4d,
    0x9e, 0xf7, 0xd4, 0x23, 0x6f, 0xd0, 0x0f, 0x50, 0xd9, 0x8a, 0xa5, 0x3a,
    0x23, 0x5a, 0xc4, 0x17, 0x27, 0x20, 0xf7, 0x7d, 0x96, 0x17, 0x26, 0x72,
    0x98, 0x0c, 0xfe, 0x8f, 0xf7, 0xa5, 0xa7, 0x02, 0x78, 0x3e, 0xdc, 0x2b,
    0xa3, 0x1b, 0x22, 0x59, 0x01, 0x5a, 0x11, 0x2f, 0xc7, 0xf4, 0x68, 0xa9,
    0xc2, 0xf9, 0x46, 0x40, 0x39, 0x00, 0x2d, 0x30, 0xef, 0x67, 0x8b, 0x4c,
    0xb7, 0x98, 0xbc, 0x11, 0x62, 0x16, 0xbf, 0x7a, 0x9a, 0x7c, 0x18, 0xba,
    0x03, 0xb7, 0xb5, 0x8f, 0xd0, 0x75, 0x15, 0xd3, 0x11, 0x50, 0x49, 0xd3,
    0x61, 0x4b, 0xe7, 0xa0, 0x7e, 0x74, 0x43, 0x00, 0x75, 0x0d, 0xf1, 0xd2,
    0xc5, 0x87, 0x53, 0x38, 0x90, 0x59, 0xea, 0xfc, 0x3d, 0x78, 0x5c, 0xcd,
    0xd3, 0x1c, 0x07, 0x64, 0x8b, 0xed, 0xc0, 0x3a, 0x5c, 0x3b, 0x8a, 0xd4,
    0x6d, 0x06, 0x4d, 0x59, 0xc1, 0x3d, 0x57, 0x37, 0x47, 0x29, 0xfc, 0x4e,
    0x29, 0x53, 0x62, 0xe2, 0xa5, 0x19, 0x12, 0x04, 0x53, 0x04, 0x28, 0xbc,
    0x15, 0x22, 0xaf, 0xa2, 0x8f, 0xf5, 0xfe, 0x16, 0x55, 0xe3, 0x04, 0xca,
    0x5b, 0xc8, 0xc2, 0x7a, 0xd0, 0xe0, 0xc6, 0xa3, 0x9d, 0xd4, 0xdf, 0x28,
    0x95, 0x6c, 0x14, 0xb3, 0x8c, 0xc9, 0x36, 0x82, 0xce, 0xfe, 0x40, 0x2b,
    0xbd, 0x5e, 0x82, 0xd2, 0x9c, 0x46, 0x4e, 0x44, 0xeb, 0x5d, 0x37, 0xb4,
    0x8f, 0xc5, 0x68, 0xdf, 0xe0, 0xcc, 0x6e, 0x8e, 0x16, 0xba, 0xea, 0x05,
    0xe5, 0x13, 0x55, 0x90, 0xf1, 0x92, 0x94, 0xe7, 0x3e, 0x83, 0x67, 0xb0,
    0x21, 0x6d, 0xbb, 0x81, 0x50, 0x30, 0xb9, 0xde, 0x55, 0x91, 0x3f, 0x08,
    0x03, 0x9c, 0x42, 0x35, 0x1c, 0x59, 0xe5, 0x51, 0x5d, 0xd5, 0xaf, 0x8e,
    0x08, 0x9a, 0x15, 0xe6, 0x25, 0xe8, 0xf6, 0xde, 0xe6, 0x39, 0x38, 0x6c,
    0x46, 0x49, 0x7d, 0x7a, 0x26, 0x32, 0x88, 0x77, 0x4d, 0xe5, 0x81, 0xa7,
    0xde, 0x96, 0x29, 0xb4, 0x1b, 0x44, 0x24, 0x14, 0x1f, 0x97, 0x8f, 0xb8,
    0x33, 0x12, 0x08, 0xef, 0xde, 0xc3, 0xc6, 0xe0, 0xde, 0x39, 0xbc, 0x57,
    0x06, 0x3f, 0x3d, 0xcd, 0x6c, 0x47, 0x03, 0x73, 0xc0, 0x88, 0x91, 0xea,
    0x29, 0xcb, 0xc7, 0xcc, 0x6d, 0x64, 0x83, 0xb8, 0x88, 0x90, 0x83, 0xac,
    0xe8, 0x6a, 0xa7, 0xb5, 0x1b, 0x1c, 0x2c, 0xfe, 0x6e, 0x2a, 0xd1, 0x8d,
    0x97, 0xce, 0x36, 0xfb, 0xc5, 0x6e, 0xa4, 0x2f, 0xae, 0x97, 0xe6, 0xa7,
    0xac, 0x11, 0x48, 0x64, 0x47, 0x8c, 0x36, 0x6d, 0xf1, 0xeb, 0xb1, 0xe7,
    0xb1, 0x1a, 0x90, 0x98, 0x50, 0x4f, 0xd5, 0x97, 0x5b, 0xdf, 0x1f, 0x49,
    0xdc, 0x70, 0x00, 0x2b, 0x63, 0xc1, 0x73, 0x9a, 0x9d, 0x26, 0x3f, 0xba,
    0xd4, 0x07, 0x3f, 0x6a, 0x9f, 0x6c, 0x2b, 0x8a, 0xf4, 0xb4, 0xc3, 0x32,
    0xa1, 0x03, 0xa0, 0xcf, 0xfa, 0x5d, 0xee, 0xb2, 0xd0, 0x62, 0xca, 0x3c,
    0x21, 0x5f, 0xd3, 0x60, 0x02, 0x6b, 0xe7, 0xc5, 0x16, 0x4f, 0x4a, 0x44,
    0x24, 0xef, 0x74, 0x94, 0x88, 0x04, 0xd6, 0x6f, 0x46, 0x48, 0x77, 0x32,
    0xc8, 0x20, 0x2c, 0x79, 0x54, 0x78, 0x64, 0x7b, 0x4e, 0xa7, 0x1d, 0x62,
    0x7c, 0x08, 0x60, 0x24, 0xcc, 0xa3, 0x54, 0xa4, 0x1f, 0x08, 0x77, 0xb3,
    0x8f, 0x19, 0xb3, 0x77, 0x4a, 0xd2, 0x09, 0x5c, 0x8d, 0xa5, 0x3b, 0x06,
    0x9e, 0x21, 0xc7, 0x6a, 0xe2, 0xd2, 0x00, 0x7e, 0x16, 0x71, 0x9e, 0xd4,
    0x00, 0x80, 0xd3, 0x34, 0xf7, 0xda, 0x52, 0xe9, 0xf5, 0xa5, 0x99, 0x04,
    0x39, 0xca, 0xf0, 0x83, 0xa9, 0x5b, 0x83, 0x3f, 0x02, 0xad, 0x10, 0xa0,
    0x8c, 0x1a, 0x6d, 0x0f, 0x26, 0x0c, 0x00, 0x72, 0x85, 0xbd, 0x4a, 0x2f,
    0x47, 0x70, 0x3a, 0x5a, 0xef, 0x46, 0x52, 0x87, 0xd2, 0x53, 0xb1, 0x8a,
    0xc2, 0x25, 0x14, 0x31, 0x62, 0x10, 0xff, 0x56, 0x68, 0x14, 0xb1, 0x0f,
    0x87, 0xa2, 0x93, 0xd6, 0xf1, 0x99, 0xd3, 0xc3, 0x95, 0x99, 0x90, 0xd0,
    0xc1, 0x26, 0x8b, 0x4f, 0x50, 0xd5, 0xf9, 0xfc, 0xef, 0xbb, 0xf2, 0x37,
    0xbd, 0x0c, 0x28, 0xb8, 0x01, 0x82, 0xd6, 0x65, 0x97, 0x41, 0xf1, 0x4f,
    0x10, 0xbf, 0xbb, 0x21, 0xbb, 0xa1, 0x2a, 0xb6, 0x20, 0xaa, 0x23, 0x96,
    0xf5, 0x6c, 0x06, 0x86, 0xb4, 0xea, 0x90, 0x17, 0x99, 0x02, 0x24, 0x21,
    0x6b, 0x2f, 0xe8, 0xad, 0x76, 0xc4, 0xa9, 0x14, 0x8e, 0xef, 0x9a, 0x86,
    0xa3, 0x63, 0x5a, 0x6a, 0xa7, 0x7b, 0xc1, 0xdc, 0xfb, 0x6f, 0xba, 0x59,
    0xa7, 0x7d, 0xfd, 0xa9, 0xb7, 0x53, 0x0d, 0xc0, 0xca, 0x86, 0x48, 0xc8,
    0xd9, 0x73, 0x73, 0x8e, 0x01, 0xba, 0xb8, 0xf0, 0x8b, 0x49, 0x05, 0xe8,
    0x4a, 0xa4, 0x64, 0x1b, 0xd6, 0x02, 0x41, 0x0c, 0xd9, 0x75, 0x20, 0x26,
    0x5f, 0x2f, 0x23, 0x1f, 0x2b, 0x35, 0xe1, 0x5e, 0xb2, 0xfa, 0x04, 0xd2,
    0xbd, 0x94, 0xd5, 0xa7, 0x7a, 0xba, 0xf1, 0xe0, 0xe1, 0x61, 0x01, 0x0a,
    0x99, 0x00, 0x87, 0xf5, 0xb4, 0x6e, 0xa9, 0x88, 0xb2, 0xbc, 0x05, 0x12,
    0xfd, 0xa0, 0xfa, 0x92, 0x3d, 0xad, 0xd6, 0xc4, 0x5c, 0x53, 0x01, 0xd0,
    0x94, 0x83, 0x67, 0x32, 0x65, 0xb5, 0xab, 0x2e, 0x10, 0xf4, 0xba, 0x52,
    0x0f, 0x6b, 0xba, 0xd5, 0x64, 0xa5, 0xc3, 0xd5, 0xe2, 0x7b, 0xdb, 0x08,
    0x0f, 0x7d, 0x20, 0xe1, 0x32, 0x96, 0xa3, 0x18, 0x19, 0x54, 0xc3, 0x9c,
    0x64, 0x9c, 0x94, 0x3e, 0xbe, 0x17, 0xdf, 0x5c, 0x1f, 0x7a, 0xae, 0x0a,
    0x8f, 0xe1, 0x26, 0xc4, 0x77, 0x58, 0x5a, 0x5d, 0x4d, 0x64, 0x8a, 0x0d,
    0x00, 0x8b, 0x6a, 0xf5, 0xe8, 0xcd, 0x31, 0xbe, 0x69, 0xa9, 0x29, 0x6d,
    0x4f, 0x3f, 0xd2, 0x5e, 0xd8, 0x6f, 0x22, 0x1e, 0x4b, 0x93, 0xf6, 0x5f,
    0x59, 0x29, 0x96, 0x75, 0x33, 0x62, 0x4b, 0x92, 0x35, 0x75, 0x0c, 0x30,
    0x70, 0x75, 0x50, 0xb5, 0x85, 0x36, 0xd1, 0x09, 0xa7, 0x13, 0x1c, 0x5a,
    0x5b, 0xbe, 0x4a, 0x57, 0x15, 0x56, 0x7c, 0x12, 0x53, 0x4a, 0xec, 0x76,
    0x60, 0x76, 0x1e, 0xeb, 0xb9, 0xfa, 0xe2, 0x89, 0x1c, 0x77, 0x45, 0x89,
    0xb8, 0x0e, 0x56, 0x6a, 0xd5, 0x57, 0xdd, 0xef, 0x73, 0x67, 0x19, 0x6b,
    0x72, 0x27, 0xea, 0x98, 0x70, 0xef, 0x09, 0xdd, 0xfe, 0xc7, 0x9d, 0x6b,
    0x93, 0x19, 0xa6, 0x87, 0x9b, 0x52, 0x05, 0xd7, 0x6b, 0xf7, 0xab, 0xa5,
    0xac, 0xf3, 0x3a, 0xfb, 0x59, 0xd1, 0x7f, 0xc5, 0x4e, 0x68, 0x38, 0x3d,
    0x6b, 0xe5, 0xa0, 0x8e, 0x9b, 0x66, 0xda, 0x53, 0xdc, 0xde, 0x00, 0x8b,
    0xb2, 0x94, 0xb8, 0x58, 0x2b, 0xd1, 0x32, 0xcd, 0xcc, 0x49, 0x95, 0x9f,
    0xdb, 0xc2, 0x1e, 0x52, 0x72, 0x18, 0x80, 0xc8, 0xad, 0x03, 0x52, 0xc7,
    0x9f, 0x03, 0xa4, 0x3b, 0xbd, 0x84, 0xc4, 0xcd, 0xfd, 0xc6, 0xc5, 0x29,
    0x00, 0x5e, 0x1e, 0x7c, 0xd9, 0xa3, 0x49, 0xa7, 0x16, 0x8a, 0x35, 0x56,
    0x9b, 0xa5, 0xde, 0xa8, 0x18, 0x96, 0x8d, 0x5a, 0x91, 0x46, 0x6b, 0xd6,
    0xe6, 0x4e, 0x20, 0xbf, 0x62, 0x41, 0x71, 0x98, 0xaf, 0xc4, 0xe8, 0x1c,
    0x28, 0xdd, 0x77, 0xed, 0x40, 0x28, 0x23, 0x23, 0x98, 0xb5, 0x2f, 0xbd,
    0xe8, 0x6b, 0xc8, 0x4f, 0x47, 0x5b, 0x90, 0x16, 0x71, 0x0c, 0xe2, 0xaa,
    0xbc, 0x11, 0xa0, 0x6b, 0x4d, 0xba, 0xc9, 0x01, 0xec, 0x16, 0xcf, 0x36,
    0x5c, 0xa3, 0xf2, 0xd5, 0x38, 0x13, 0x94, 0x8a, 0x69, 0x3a, 0x0f, 0x93,
    0xe7, 0x9c, 0x46, 0xca, 0x5d, 0x5a, 0x6d, 0xca, 0x3d, 0x28, 0xca, 0x50,
    0xad, 0x18, 0xbd, 0x13, 0xfc, 0xa5, 0x50, 0x59, 0xdd, 0x9b, 0x18, 0x5f,
    0x79, 0xf9, 0xc4, 0x71, 0x96, 0xa4, 0xe8, 0x1b, 0x21, 0x04, 0xbc, 0x46,
    0x0a, 0x05, 0x1e, 0x02, 0xf2, 0xe8, 0x44, 0x4f
};
static const unsigned char kat_mldsa65_sig[] = {
    0x06, 0x5d, 0xe7, 0x49, 0x22, 0x4c, 0x3e, 0x97, 0x5d, 0x8f, 0xff, 0x87,
    0x20, 0x72, 0x92, 0x21, 0xf5, 0x7d, 0x4d, 0x86, 0xe5, 0x27, 0x94, 0xff,
    0x1d, 0x8d, 0x42, 0x35, 0xd8, 0x8a, 0xd5, 0x05, 0x1b, 0xd7, 0x09, 0xb9,
    0x02, 0xa1, 0xde, 0x44, 0xa2, 0xb2, 0x84, 0x3f, 0x19, 0x25, 0x0e, 0xd9,
    0xd6, 0x93, 0x40, 0x3f, 0x7a, 0x5e, 0xab, 0x29, 0x84, 0x7b, 0x46, 0x0e,
    0x8d, 0xf7, 0x2d, 0x0d, 0x8a, 0x96, 0xe1, 0xec, 0xac, 0x01, 0x7a, 0xf6,
    0x3c, 0x46, 0x8d, 0x83, 0x5f, 0x27, 0x8d, 0x6f, 0x94, 0x04, 0x04, 0x48,
    0xa3, 0xb0, 0x94, 0x5e, 0x95, 0x27, 0xe3, 0xcb, 0x7f, 0x2d, 0xfe, 0x97,
    0x5d, 0xf5, 0x08, 0xef, 0xeb, 0xf9, 0xbc, 0xc4, 0x3e, 0x5c, 0x7d, 0x4e,
    0x46, 0xfb, 0x4f, 0x84, 0x28, 0xb3, 0xa2, 0x23, 0x17, 0xf6, 0x1f, 0x7e,
    0x76, 0xe4, 0x0f, 0xcc, 0x44, 0x0e, 0x17, 0xd6, 0x13, 0x47, 0xda, 0xc3,
    0x42, 0x43, 0xa9, 0x66, 0xad, 0x3b, 0x55, 0x9d, 0xdc, 0x24, 0x90, 0x41,
    0x33, 0x9f, 0xe4, 0xd2, 0x3e, 0x8c, 0x69, 0x81, 0xa1, 0xef, 0xb2, 0x37,
    0xc7, 0x94, 0x3d, 0x80, 0x64, 0xa8, 0x2a, 0xb0, 0xaa, 0xe0, 0xfb, 0x18,
    0x32, 0x69, 0x4c, 0xdc, 0x36, 0xfd, 0x59, 0xf4, 0x1d, 0x03, 0x89, 0x1c,
    0xf4, 0xd9, 0xf0, 0xcc, 0x1f, 0xb3, 0x48, 0x96, 0xca, 0x84, 0xe6, 0x0a,
    0xf3, 0x38, 0x73, 0xec, 0xc4, 0xcd, 0xc7, 0x91, 0x84, 0xe2, 0x54, 0xfb,
    0x97, 0xab, 0xac, 0xc8, 0xdd, 0xe6, 0x78, 0xa5, 0x27, 0x5c, 0xa9, 0x9e,
    0x25, 0xc8, 0xda, 0x18, 0xa7, 0xf9, 0x0d, 0x7b, 0xa9, 0xad, 0xce, 0xc7,
    0x6b, 0xb8, 0xc4, 0x99, 0xd5, 0xbd, 0x63, 0x89, 0x6e, 0x67, 0x18, 0x80,
    0x05, 0xd0, 0x42, 0x4c, 0x94, 0x5d, 0x2a, 0x91, 0x10, 0x43, 0x6b, 0x32,
    0xdf, 0xa3, 0x14, 0xbd, 0xc3, 0x0c, 0xb6, 0xc0, 0x44, 0x75, 0xb1, 0xd3,
    0x20, 0x89, 0xb6, 0xa6, 0x70, 0xe5, 0xec, 0x45, 0xed, 0xf2, 0x54, 0x7f,
    0x7b, 0x0c, 0x82, 0x6a, 0x21, 0x3f, 0xc0, 0x23, 0xeb, 0xec, 0x19, 0x97,
    0xe1, 0x79, 0x0c, 0xcd, 0xa0, 0x2f, 0xcd, 0x00, 0xb1, 0xe9, 0xa3, 0xd6,
    0x00, 0x28, 0x86, 0x7d, 0x75, 0x8f, 0x80, 0x49, 0x14, 0x77, 0x64, 0xff,
    0x59, 0xfb, 0x13, 0xe2, 0x70, 0xb2, 0x41, 0x99, 0x82, 0x88, 0x3e, 0x86,
    0xc9, 0x94, 0xe0, 0x92, 0x72, 0x5e, 0xb5, 0x3b, 0xd5, 0xbd, 0xb8, 0x33,
    0xa5, 0x49, 0x11, 0x43, 0xc9, 0xd5, 0x12, 0xe8, 0x4e, 0x23, 0x20, 0x84,
    0x09, 0x69, 0xcb, 0x6a, 0xd1, 0x25, 0xc2, 0x4b, 0xd1, 0xe1, 0xbb, 0x65,
    0xdc, 0x50, 0x0c, 0xff, 0xf7, 0xda, 0xfd, 0x61, 0x76, 0x4d, 0xd6, 0x1a,
    0x07, 0x70, 0x65, 0x16, 0x04, 0x88, 0x66, 0x55, 0xef, 0x9c, 0x7f, 0x4d,
    0x0a, 0xd0, 0x08, 0xc6, 0x0f, 0xeb, 0xc9, 0xa7, 0xd4, 0x74, 0xf4, 0xb4,
    0x6c, 0x8c, 0xb7, 0xef, 0x4b, 0x13, 0x93, 0x43, 0x85, 0x15, 0x0e, 0x9d,
    0xca, 0x76, 0x7d, 0x0f, 0x24, 0x87, 0x62, 0x1c, 0x3f, 0xc1, 0xaf, 0x9d,
    0x7e, 0x75, 0xd8, 0xda, 0xa4, 0x9f, 0x52, 0xb6, 0x08, 0xbb, 0xf2, 0xaf,
    0xbd, 0x3a, 0xcd, 0xaa, 0xf3, 0xd7, 0x09, 0xa0, 0xbd, 0xf0, 0x78, 0x81,
    0x4f, 0x19, 0x64, 0x39, 0x9f, 0x08, 0x79, 0x75, 0x58, 0x91, 0xd8, 0x44,
    0xa3, 0xc0, 0xbd, 0xa4, 0x86, 0x8a, 0xb5, 0xba, 0xb7, 0xb9, 0x0b, 0x79,
    0xbb, 0x6a, 0xce, 0x6d, 0xa9, 0x82, 0x78, 0x3d, 0x3b, 0xff, 0x87, 0xa9,
    0xd7, 0x84, 0x0c, 0xbc, 0x07, 0x6e, 0x8a, 0x25, 0x56, 0xe9, 0xce, 0xb4,
    0x0d, 0x48, 0x56, 0xad, 0x86, 0x72, 0xc6, 0xa0, 0x19, 0x46, 0x38, 0x11,
    0x3e, 0x0b, 0xec, 0xeb, 0x1f, 0xed, 0x49, 0xe4, 0x55, 0xaf, 0xe3, 0x21,
    0x65, 0xf6, 0xa1, 0xd3, 0xe2, 0xf7, 0x40, 0xf9, 0xa4, 0x21, 0x2e, 0xd8,
    0x1c, 0x08, 0xa4, 0x76, 0x3c, 0x71, 0xe5, 0x11, 0x4d, 0x31, 0x28, 0x8c,
    0x80, 0xa9, 0x90, 0x6f, 0xe5, 0x36, 0x58, 0x7d, 0x59, 0x4e, 0xef, 0xb4,
    0x87, 0xa0, 0x1b, 0x79, 0x17, 0x07, 0xbe, 0xbc, 0x1a, 0x90, 0x1e, 0xe6,
    0x45, 0xba, 0x89, 0x93, 0x41, 0x99, 0xa3, 0x3b, 0x53, 0x48, 0x2d, 0xda,
    0xf6, 0xf1, 0x41, 0xc1, 0x76, 0x2c, 0xa8, 0xb9, 0x91, 0xf5, 0xe4, 0x43,
    0x7c, 0x19, 0x83, 0xd2, 0xbd, 0x4a, 0x68, 0x81, 0x5f, 0xb5, 0xfd, 0x67,
    0x75, 0x0d, 0x73, 0x06, 0x2d, 0x9f, 0xcb, 0x08, 0x5f, 0x1b, 0xc7, 0x72,
    0x81, 0x32, 0x4c, 0xc0, 0x4a, 0x49, 0x7a, 0xea, 0xbe, 0x7f, 0x88, 0x95,
    0x33, 0xc8, 0xc5, 0xe3, 0x21, 0x68, 0x45, 0xe6, 0xa8, 0xe8, 0xc2, 0xcb,
    0x96, 0x79, 0x50, 0xdb, 0xea, 0xd0, 0xe3, 0x5f, 0xc8, 0x58, 0xff, 0xa6,
    0x7b, 0x7e, 0x35, 0x79, 0x4f, 0x84, 0x47, 0xde, 0xc6, 0x1c, 0xb2, 0x9d,
    0xe0, 0xf9, 0xaf, 0xaa, 0x8b, 0x09, 0x10, 0xbb, 0x3a, 0xb6, 0x00, 0x8d,
    0xe6, 0x8c, 0x2c, 0x9c, 0x48, 0x66, 0x72, 0x38, 0x0e, 0x88, 0xae, 0x1a,
    0xf1, 0x40, 0x76, 0xc7, 0xa7, 0xaf, 0x07, 0xe3, 0x2c, 0x80, 0x3b, 0x26,
    0x82, 0x4b, 0x45, 0x8f, 0x79, 0xbb, 0x61, 0x4c, 0x24, 0xb3, 0xef, 0x19,
    0x1e, 0x0e, 0x29, 0xec, 0x4f, 0x44, 0x71, 0xd2, 0x89, 0xcc, 0x67, 0x86,
    0x83, 0x54, 0x20, 0xa7, 0xe6, 0xf5, 0xe8, 0x56, 0x2c, 0x0e, 0xa7, 0x2a,
    0xa1, 0xda, 0x6b, 0x9b, 0xa0, 0x33, 0x35, 0xa8, 0x81, 0xc1, 0x38, 0xa2,
    0x43, 0xe6, 0x5a, 0x85, 0xca, 0xfe, 0x8b, 0x65, 0x60, 0x2e, 0x1c, 0x56,
    0x83, 0x41, 0x23, 0xf5, 0x4d, 0x81, 0xb2, 0xab, 0xec, 0xb2, 0xd8, 0x90,
    0xa9, 0x6f, 0xbb, 0xd3, 0xd6, 0x7b, 0xe1, 0xc4, 0xfb, 0x0c, 0x1d, 0x99,
    0x3c, 0xf4, 0x05, 0xbc, 0xf5, 0xdf, 0xd9, 0x01, 0xfb, 0xb8, 0x08, 0x4e,
    0x3f, 0x8f, 0x29, 0xad, 0xdd, 0xdb, 0xd5, 0xcf, 0x9a, 0x3a, 0x93, 0xac,
    0x47, 0x9f, 0xd7, 0x8a, 0x35, 0x95, 0x5a, 0x97, 0x1d, 0x37, 0xfd, 0xc4,
    0xe5, 0xb8, 0x97, 0x8d, 0x5a, 0xc0, 0x33, 0xa0, 0xb9, 0xcb, 0x87, 0x45,
    0x2e, 0x64, 0x03, 0xc1, 0x60, 0xfb, 0xa8, 0x42, 0x00, 0x78, 0xa4, 0x57,
    0x0a, 0x32, 0x7f, 0x70, 0x1e, 0xc8, 0x73, 0x0c, 0xb5, 0xf3, 0x68, 0x3b,
    0xc2, 0x0a, 0xe3, 0x97, 0x23, 0xfd, 0xad, 0x9e, 0x8e, 0xa5, 0x80, 0x31,
    0xf2, 0xd1, 0xa5, 0xff, 0xe6, 0x41, 0x35, 0x05, 0xd2, 0x9d, 0x2c, 0x33,
    0x6b, 0x3f, 0xe3, 0xd1, 0x01, 0x0f, 0x65, 0xf8, 0xab, 0x56, 0x74, 0x0d,
    0xa4, 0xd4, 0x02, 0x36, 0x4e, 0x46, 0x7a, 0x9f, 0xf9, 0x40, 0x2c, 0x1b,
    0xd5, 0x1c, 0x9b, 0x6b, 0x57, 0xa6, 0xc5, 0x08, 0xab, 0x98, 0xc8, 0xe3,
    0x85, 0x1f, 0x27, 0x38, 0x19, 0x6f, 0xd4, 0x3b, 0xb7, 0xc5, 0x08, 0xb5,
    0xa2, 0xf6, 0xc6, 0x96, 0xe7, 0xfa, 0x38, 0xb5, 0x6d, 0xc6, 0xb5, 0x61,
    0xbe, 0x93, 0xa8, 0xe6, 0xd1, 0xa2, 0x23, 0x98, 0xf1, 0x3f, 0x7e, 0x57,
    0x4c, 0xbc, 0x18, 0x0f, 0xc1, 0x9e, 0x33, 0x36, 0x26, 0xa0, 0xca, 0x6e,
    0xec, 0x6f, 0x34, 0x41, 0x74, 0x07, 0x0b, 0xa8, 0xd8, 0x88, 0x26, 0x9f,
    0x84, 0x49, 0xe9, 0x71, 0x95, 0x1f, 0x55, 0x41, 0xaf, 0x59, 0x80, 0x71,
    0x73, 0xbd, 0x1b, 0x9c, 0xd0, 0xb4, 0xc9, 0x8c, 0x53, 0x6e, 0xb3, 0x35,
    0xe8, 0x6e, 0xfa, 0x82, 0x3e, 0x02, 0xa8, 0x55, 0xeb, 0x92, 0x59, 0xa3,
    0x3d, 0xa7, 0xa2, 0x44, 0x2a, 0x80, 0xbe, 0xa3, 0x85, 0x48, 0x42, 0x02,
    0x88, 0x25, 0xf5, 0x92, 0xa2, 0xb5, 0xc4, 0xf3, 0xbe, 0x2e, 0x87, 0x96,
    0x4d, 0xc7, 0x96, 0x80, 0x94, 0x00, 0xed, 0xf0, 0x1e, 0x55, 0x96, 0xb0,
    0x50, 0x1c, 0xd7, 0xc5, 0x4c, 0x8c, 0x2f, 0x2d, 0x47, 0x05, 0xaa, 0x53,
    0x50, 0xe5, 0xc3, 0xe6, 0x0a, 0xd1, 0xfc, 0x82, 0xfe, 0xf5, 0x92, 0xb8,
    0xf0, 0x3c, 0xab, 0x44, 0xc6, 0x47, 0x85, 0xd5, 0x8e, 0x41, 0x29, 0x2b,
    0x5e, 0x93, 0xef, 0x64, 0xf5, 0x46, 0xd4, 0x23, 0xe6, 0xd3, 0xcf, 0xe5,
    0x15, 0x84, 0x09, 0xbe, 0x1a, 0x09, 0xba, 0x89, 0xb2, 0x5d, 0xe7, 0xd6,
    0x06, 0xc9, 0xae, 0x87, 0x05, 0xf2, 0xb3, 0x81, 0x03, 0x7c, 0x80, 0xfc,
    0xdc, 0x02, 0x54, 0xff, 0x34, 0x54, 0x6f, 0x6d, 0x43, 0x02, 0x06, 0x28,
    0xec, 0x6a, 0xcf, 0x25, 0x02, 0x36, 0x7e, 0xd1, 0x2d, 0xb4, 0x16, 0xa8,
    0xef, 0xe8, 0xfe, 0x9d, 0x5a, 0x5d, 0xb1, 0x4e, 0xb2, 0xf0, 0x5b, 0x42,
    0xa0, 0x48, 0x06, 0xe5, 0x99, 0x19, 0xf1, 0xe9, 0xf6, 0x0c, 0xb5, 0xd2,
    0x80, 0xce, 0xad, 0x1c, 0xc7, 0x00, 0xfd, 0xb9, 0x91, 0x5d, 0x4a, 0x7e,
    0x69, 0x5c, 0x21, 0x37, 0x85, 0x3b, 0xaf, 0xe4, 0x04, 0x3a, 0xdf, 0xab,
    0x6d, 0x65, 0x00, 0x2d, 0x96, 0x8a, 0x71, 0x75, 0x17, 0x1b, 0x0c, 0x18,
    0x6e, 0xc3, 0xe5, 0xb0, 0xcd, 0xbb, 0x9e, 0x5e, 0xd1, 0xe9, 0xc6, 0xaa,
    0x94, 0xfd, 0xc0, 0x4f, 0xe3, 0xb2, 0xff, 0x83, 0xee, 0xd0, 0x22, 0xd9,
    0xa5, 0xb5, 0x85, 0x91, 0x24, 0xa0, 0xc2, 0xa2, 0xae, 0x41, 0x4c, 0x0a,
    0x8e, 0xfb, 0xfd, 0x50, 0x63, 0x0e, 0x43, 0xc0, 0x65, 0xa4, 0x3b, 0x55,
    0x0f, 0x7e, 0xc0, 0x33, 0x59, 0xbb, 0xa0, 0x74, 0xf3, 0xdf, 0x6c, 0x3c,
    0x1b, 0x85, 0x7d, 0xa1, 0xcd, 0x35, 0xad, 0x97, 0xf8, 0xa4, 0x93, 0xdd,
    0x06, 0xba, 0x3a, 0xea, 0x6b, 0xfe, 0xa3, 0x62, 0xe0, 0x9b, 0x21, 0xd0,
    0x92, 0x59, 0x5e, 0x6e, 0xe3, 0x25, 0x22, 0x0d, 0xac, 0x8e, 0x60, 0xed,
    0x5b, 0xa5, 0x07, 0xfd, 0x50, 0xac, 0x37, 0x9c, 0x93, 0x8d, 0xc1, 0xec,
    0xa1, 0xd5, 0x20, 0xd1, 0x03, 0x98, 0x63, 0xc3, 0x4a, 0xda, 0xe7, 0xb7,
    0xf8, 0xd9, 0x70, 0x23, 0xdf, 0xc2, 0xb8, 0x75, 0x7c, 0x83, 0xf8, 0x01,
    0xe4, 0x96, 0xaa, 0x2d, 0x53, 0xbb, 0xcd, 0x31, 0x1a, 0xe4, 0x14, 0x9f,
    0xbc, 0x5d, 0x68, 0xc1, 0x7a, 0xbd, 0x57, 0xe6, 0x7d, 0x06, 0x7a, 0x32,
    0xf9, 0xd5, 0xa7, 0x96, 0xb5, 0x81, 0x24, 0xb0, 0x77, 0x15, 0x23, 0x88,
    0x13, 0x35, 0xf1, 0x09, 0xf7, 0x82, 0xdf, 0xcc, 0xab, 0xf4, 0xbe, 0x5c,
    0x73, 0x5f, 0xce, 0xdb, 0x3f, 0xf5, 0x77, 0xa2, 0xfc, 0xb7, 0xf7, 0xa6,
    0xb2, 0x7b, 0xd9, 0x6a, 0x2d, 0xb0, 0xb7, 0xf7, 0xc7, 0x18, 0xa5, 0x9d,
    0xed, 0x5d, 0x4e, 0xb3, 0xbb, 0xcd, 0x8a, 0xcb, 0xf2, 0xbd, 0xd2, 0x51,
    0xa0, 0x21, 0xff, 0xe2, 0x68, 0xff, 0xdb, 0x22, 0xf6, 0x06, 0xfc, 0xd1,
    0x2a, 0x59, 0x59, 0xec, 0xb9, 0xf0, 0xb1, 0xd7, 0x61, 0x95, 0xb1, 0xae,
    0x95, 0xdf, 0xd7, 0xcb, 0xa8, 0x28, 0x76, 0x1b, 0x86, 0xf6, 0xe0, 0xfd,
    0x42, 0xa7, 0x83, 0x3f, 0xed, 0x0d, 0x5d, 0xe2, 0xe3, 0x12, 0x37, 0xf3,
    0xa9, 0xc2, 0xc1, 0x7e, 0x7a, 0x5e, 0xf4, 0x38, 0xa1, 0x12, 0xeb, 0x5a,
    0x96, 0x8e, 0xf1, 0x47, 0xa9, 0xf9, 0x8d, 0xa2, 0xe1, 0x26, 0x11, 0x2a,
    0x34, 0xca, 0x93, 0xe2, 0x7c, 0xec, 0x4f, 0xe1, 0xfd, 0x43, 0x09, 0xb6,
    0x57, 0x0f, 0x20, 0xd8, 0x41, 0x1e, 0x68, 0x7a, 0x0f, 0x27, 0x74, 0x0c,
    0x7a, 0xc7, 0x12, 0xf3, 0xff, 0xf2, 0xae, 0xdf, 0x5b, 0x2b, 0x26, 0x4f,
    0x6c, 0x51, 0xeb, 0xf6, 0x42, 0x4f, 0x80, 0x91, 0x93, 0x80, 0xce, 0x92,
    0x75, 0xbb, 0x7c, 0x20, 0xbd, 0xe9, 0x84, 0x7d, 0xf2, 0x40, 0x59, 0x77,
    0x9e, 0x22, 0xe9, 0xcc, 0xcb, 0xdc, 0x83, 0x59, 0xfa, 0x3d, 0x6f, 0xdb,
    0xab, 0xe9, 0x41, 0x07, 0xcb, 0x2e, 0x7a, 0x29, 0x80, 0x4f, 0x23, 0xbf,
    0x57, 0x6c, 0xf3, 0x9f, 0x16, 0x68, 0x80, 0x74, 0x0c, 0x4e, 0x10, 0xc2,
    0x04, 0x18, 0xac, 0xa6, 0x60, 0xc5, 0x13, 0x4c, 0x8e, 0x4c, 0x39, 0xb7,
    0xc9, 0xe9, 0x7a, 0xf0, 0x27, 0xc3, 0x76, 0x5b, 0x63, 0xe7, 0x53, 0x93,
    0x5a, 0x60, 0x1c, 0x97, 0x9e, 0xa3, 0x57, 0x19, 0x6d, 0xe9, 0xa2, 0x3e,
    0x06, 0xd4, 0x7f, 0x92, 0xd9, 0xba, 0x24, 0x96, 0xdc, 0x6e, 0xc9, 0x00,
    0x59, 0x63, 0xec, 0x74, 0x4d, 0x06, 0x01, 0x7d, 0x32, 0x52, 0xeb, 0x97,
    0x0f, 0xab, 0xb0, 0x41, 0xf8, 0x78, 0x96, 0x5d, 0xae, 0xa1, 0x5d, 0xfe,
    0x6b, 0xd5, 0xe4, 0x16, 0x63, 0xf6, 0x84, 0xce, 0x01, 0x05, 0xb1, 0x6f,
    0xe4, 0x4a, 0x9f, 0x20, 0x55, 0x07, 0x29, 0x15, 0x1a, 0x17, 0xfa, 0xca,
    0xcf, 0x90, 0x1f, 0xda, 0xa6, 0xcc, 0xa3, 0xc7, 0x8d, 0x14, 0x67, 0x3f,
    0xb1, 0x8e, 0xf7, 0x03, 0x21, 0xe8, 0xc0, 0xad, 0xbf, 0x9c, 0xbe, 0x20,
    0x2c, 0xe0, 0xd0, 0x99, 0xfb, 0xbd, 0x55, 0xec, 0x70, 0x36, 0x6c, 0x4d,
    0xb1, 0xb4, 0x13, 0xa0, 0x10, 0xbc, 0x39, 0x63, 0xec, 0x51, 0x28, 0xad,
    0xe1, 0xc0, 0xce, 0x0f, 0x79, 0xac, 0x3e, 0x00, 0xbd, 0xae, 0xf5, 0x84,
    0xa3, 0x6d, 0x09, 0x78, 0x1b, 0x46, 0xa1, 0x81, 0x37, 0x21, 0x8a, 0xc8,
    0xec, 0x21, 0xa1, 0x1e, 0xa4, 0x13, 0x2e, 0x8d, 0x3d, 0x80, 0xb4, 0xc6,
    0xb9, 0x9e, 0xd3, 0xa1, 0x17, 0x6e, 0xa4, 0x21, 0xea, 0xa3, 0x32, 0x13,
    0xb9, 0x53, 0xf1, 0x8c, 0x0f, 0x95, 0xba, 0x85, 0x8d, 0xa0, 0xd8, 0xde,
    0xb2, 0x54, 0xd0, 0x94, 0x9a, 0xdf, 0x50, 0x6b, 0x9e, 0xd4, 0xc7, 0x64,
    0x78, 0x2d, 0x3d, 0xfa, 0x99, 0x86, 0x0e, 0x5c, 0xb2, 0x21, 0xa8, 0xfb,
    0x99, 0x34, 0xea, 0x45, 0x0c, 0x9c, 0x1a, 0x01, 0xaf, 0xdc, 0x07, 0x9b,
    0x60, 0xb2, 0x79, 0x41, 0xc9, 0x72, 0x3c, 0xff, 0x80, 0x4f, 0x98, 0x9f,
    0x86, 0x16, 0x6d, 0xb2, 0x0f, 0x57, 0x0c, 0xb9, 0x85, 0x33, 0x21, 0xcc,
    0xff, 0x8a, 0xb2, 0x7f, 0xd0, 0x52, 0xa0, 0xc8, 0xbc, 0x1c, 0xc8, 0x48,
    0x0d, 0x5e, 0x49, 0x74, 0x80, 0x4a, 0x73, 0x08, 0xdd, 0x82, 0xa7, 0xe2,
    0xa1, 0x8b, 0x42, 0x77, 0xb7, 0xc1, 0xf6, 0xaa, 0x80, 0x7a, 0x5d, 0x34,
    0x02, 0x84, 0x8d, 0x50, 0x19, 0xd4, 0x69, 0xe7, 0x5d, 0x6f, 0x51, 0x94,
    0x51, 0x82, 0x33, 0xdb, 0xc0, 0x83, 0x5b, 0xf6, 0x15, 0x80, 0x00, 0x56,
    0x3e, 0x29, 0xc7, 0xc5, 0x4a, 0x91, 0xf3, 0x5f, 0xaf, 0xad, 0xd6, 0xe1,
    0xb3, 0x8b, 0x69, 0xbb, 0x7f, 0xfd, 0xa5, 0xef, 0xfa, 0xec, 0x1a, 0x6e,
    0x3c, 0x02, 0x7c, 0xfc, 0xb2, 0x03, 0x36, 0x69, 0x1a, 0x9d, 0xf7, 0xff,
    0xfc, 0x3b, 0xd8, 0x27, 0xad, 0x18, 0x6b, 0x22, 0xa7, 0x7d, 0xe5, 0x49,
    0xa9, 0x1d, 0xe3, 0xc0, 0x0c, 0xed, 0xdf, 0x9b, 0xb2, 0xf5, 0x2e, 0xea,
    0xc7, 0x77, 0xf0, 0x34, 0x5b, 0x51, 0xc2, 0x7d, 0x89, 0x31, 0x00, 0x85,
    0x15, 0x5f, 0x5a, 0x3c, 0x9b, 0xa1, 0xc7, 0xdd, 0xd5, 0xeb, 0x53, 0x35,
    0x9e, 0x8f, 0x9c, 0xd2, 0xd0, 0xac, 0x98, 0x63, 0x2c, 0xae, 0x96, 0xc7,
    0xbd, 0x7d, 0x07, 0x86, 0x51, 0x9b, 0xaf, 0x79, 0xe3, 0x50, 0x99, 0x94,
    0x0a, 0x2b, 0xed, 0xb4, 0xcd, 0x7c, 0x1a, 0xc5, 0xa2, 0x2a, 0xd7, 0x72,
    0xe7, 0x74, 0x84, 0x51, 0x3e, 0x8e, 0xaf, 0x50, 0xd5, 0xbf, 0x64, 0x60,
    0x88, 0x41, 0xca, 0x18, 0x96, 0x2f, 0xa7, 0xda, 0xc0, 0x02, 0x63, 0xcf,
    0xfe, 0x5e, 0x36, 0x4a, 0xa9, 0x20, 0x8d, 0x58, 0x25, 0x3a, 0x1c, 0x3e,
    0x1d, 0x5a, 0x58, 0x68, 0x18, 0x63, 0x32, 0x83, 0x40, 0xe3, 0x59, 0xc4,
    0xa9, 0xe0, 0xf5, 0xf8, 0x38, 0x4d, 0x2b, 0x9c, 0x44, 0x41, 0x5b, 0xbe,
    0x7e, 0xaa, 0xb7, 0x05, 0xe0, 0xa2, 0xab, 0xf7, 0x06, 0x1a, 0x1d, 0x37,
    0x21, 0x4e, 0x2b, 0xa3, 0xbd, 0xe0, 0x2d, 0x73, 0x63, 0x57, 0x26, 0x65,
    0x23, 0x81, 0x85, 0x42, 0xf3, 0x57, 0x77, 0xf5, 0x97, 0x17, 0xba, 0x57,
    0x4a, 0xf0, 0x95, 0xc4, 0x6f, 0x55, 0xd9, 0x28, 0x42, 0x20, 0x45, 0xba,
    0x84, 0x0a, 0x14, 0xd0, 0x9c, 0xd5, 0x29, 0x8f, 0x06, 0x2c, 0x3c, 0xf5,
    0x8b, 0xc4, 0x68, 0x8c, 0x42, 0xaa, 0x22, 0xae, 0x11, 0x41, 0xfd, 0x34,
    0x73, 0xb8, 0x5b, 0x3c, 0x19, 0x98, 0x65, 0xe0, 0xee, 0xef, 0x50, 0x78,
    0x42, 0xa4, 0x7d, 0xcf, 0x2b, 0xcd, 0x81, 0xa2, 0x5c, 0xd7, 0xbd, 0xd1,
    0x6b, 0xcd, 0x52, 0xac, 0xd5, 0xa1, 0x67, 0x79, 0xe9, 0x9d, 0x0a, 0x43,
    0xdf, 0x03, 0x93, 0x42, 0xb5, 0x05, 0x85, 0x4c, 0x44, 0x0d, 0xaa, 0xcc,
    0x79, 0xab, 0x67, 0x58, 0x54, 0x0c, 0x68, 0x6d, 0xaf, 0x89, 0xd0, 0xa7,
    0x14, 0xf1, 0xee, 0xbc, 0x69, 0xdd, 0xca, 0x0f, 0x2c, 0x72, 0xf9, 0x36,
    0x7a, 0xf9, 0x40, 0xaf, 0xc3, 0xeb, 0xb9, 0xdf, 0x77, 0x3c, 0x06, 0x0c,
    0xc3, 0x16, 0xaf, 0xee, 0x9d, 0x44, 0x0b, 0x57, 0xec, 0xc6, 0xd9, 0x8e,
    0xc4, 0x32, 0x39, 0x3b, 0xc9, 0x17, 0x87, 0xda, 0x5a, 0xe7, 0xcf, 0x35,
    0x5a, 0xe3, 0x71, 0xa0, 0x3c, 0x8a, 0xfb, 0x10, 0x46, 0x89, 0xef, 0x56,
    0xfb, 0x95, 0x4d, 0x4a, 0xe7, 0xb4, 0xe9, 0xb3, 0xed, 0x5c, 0x55, 0x41,
    0x3e, 0x2b, 0xae, 0x53, 0x4d, 0xe6, 0xf4, 0x17, 0xa1, 0xc7, 0x3e, 0x05,
    0xcb, 0x23, 0x44, 0xb2, 0xb8, 0x93, 0xcb, 0x92, 0x58, 0x10, 0x69, 0x93,
    0xd4, 0x4f, 0xf1, 0xc6, 0x05, 0x6e, 0xf1, 0xb4, 0x13, 0x5a, 0x2b, 0xdc,
    0x11, 0xb2, 0x8e, 0xc3, 0xc2, 0xaf, 0x07, 0xf5, 0x28, 0x9f, 0x1e, 0xc5,
    0xb4, 0x2b, 0x4d, 0x35, 0x20, 0x7d, 0xca, 0x9b, 0xb0, 0xb3, 0x78, 0x47,
    0x40, 0xa8, 0xee, 0x39, 0xb4, 0xb2, 0x2a, 0xc3, 0x70, 0x83, 0x89, 0x3f,
    0x0a, 0x9b, 0x1a, 0x0d, 0x54, 0x4c, 0xff, 0x80, 0x13, 0x25, 0x62, 0xd1,
    0x49, 0x1a, 0xc3, 0xe8, 0x0f, 0x11, 0x70, 0x49, 0xe6, 0x7a, 0x33, 0xd7,
    0xb6, 0x4d, 0x20, 0x7c, 0xaa, 0xe2, 0xe5, 0xc3, 0xa4, 0xe9, 0xc2, 0x61,
    0x73, 0x34, 0xe0, 0x54, 0xb9, 0xeb, 0xff, 0x72, 0x78, 0xcd, 0x09, 0x3f,
    0xcc, 0x77, 0xf0, 0x02, 0xcc, 0x3b, 0xed, 0x44, 0xcd, 0xef, 0xcc, 0x3c,
    0xd9, 0x72, 0xf4, 0xcb, 0x53, 0x8c, 0xdf, 0x01, 0x89, 0xd8, 0x69, 0x5b,
    0x09, 0xc4, 0x07, 0x3c, 0x04, 0xd7, 0x98, 0xd5, 0xcc, 0x8a, 0x48, 0xea,
    0x35, 0xd9, 0x00, 0x35, 0x88, 0xcb, 0x28, 0x80, 0x0d, 0xc0, 0x74, 0x44,
    0x26, 0xb8, 0xa1, 0xb2, 0xe8, 0xf8, 0xfa, 0xca, 0x39, 0x8b, 0x57, 0x50,
    0x4a, 0x02, 0x90, 0xec, 0x4a, 0x17, 0xc1, 0xde, 0x7d, 0x35, 0x12, 0x16,
    0x06, 0xdb, 0xdf, 0x38, 0xa9, 0xc6, 0x8c, 0x75, 0xea, 0x1b, 0xe9, 0x2d,
    0xee, 0x24, 0xc1, 0xe8, 0x8b, 0x1e, 0x4a, 0x0f, 0x7e, 0xcb, 0xa1, 0x48,
    0xaa, 0x20, 0xfc, 0x12, 0x42, 0x57, 0xd8, 0x0d, 0xc8, 0x42, 0xad, 0xc9,
    0xc3, 0xe0, 0x94, 0x90, 0xac, 0x04, 0x1a, 0xad, 0x29, 0x17, 0xcd, 0xbd,
    0x33, 0x55, 0x68, 0xcc, 0x86, 0xe2, 0x74, 0x55, 0x7e, 0x42, 0xec, 0x61,
    0xbe, 0x0e, 0x33, 0x0e, 0x0d, 0x20, 0xfc, 0xb6, 0xee, 0x73, 0x69, 0x41,
    0x59, 0xb5, 0xc4, 0x44, 0xb8, 0x50, 0xff, 0x5b, 0xd5, 0x55, 0x06, 0x88,
    0xb1, 0xb5, 0x81, 0xed, 0x0b, 0xd7, 0x23, 0xd9, 0xff, 0xf8, 0xb7, 0xee,
    0xc3, 0xa6, 0xbc, 0x7d, 0x2d, 0x56, 0x75, 0x41, 0xa1, 0x63, 0xbd, 0xbe,
    0x23, 0xcf, 0x32, 0x9c, 0xee, 0x48, 0x00, 0x49, 0x49, 0x79, 0xfc, 0x30,
    0x7d, 0xb4, 0xdd, 0x62, 0x0f, 0xe9, 0x4a, 0x5a, 0x9e, 0xd2, 0xd9, 0x55,
    0x94, 0x50, 0xa6, 0x27, 0xc2, 0xa0, 0xce, 0x77, 0x93, 0xb0, 0xfc, 0xfb,
    0x06, 0x36, 0xb8, 0x4e, 0x88, 0x21, 0x13, 0xb4, 0xce, 0x3d, 0x03, 0xd4,
    0x00, 0x3c, 0xf0, 0xa8, 0x0b, 0x78, 0x85, 0xb4, 0x3c, 0x03, 0x7e, 0x53,
    0x8d, 0x99, 0x5e, 0x1b, 0xb3, 0x4d, 0x2a, 0xff, 0x48, 0x6e, 0x1c, 0xa3,
    0xf1, 0x8c, 0x50, 0xda, 0x19, 0xa0, 0x19, 0x61, 0x9d, 0xe0, 0x1d, 0xbc,
    0x86, 0xba, 0x13, 0x2e, 0x60, 0x86, 0x7d, 0xe1, 0xae, 0x67, 0xb3, 0x4e,
    0x71, 0x34, 0x4b, 0xe4, 0xab, 0x75, 0x56, 0x09, 0x76, 0x6f, 0x34, 0xef,
    0xbd, 0x5b, 0xbc, 0xcd, 0x8c, 0xc6, 0x6f, 0xf6, 0x20, 0x5f, 0xd9, 0x3d,
    0x34, 0x89, 0x0b, 0xa8, 0x2b, 0x48, 0xc7, 0x2a, 0x80, 0x2b, 0xb2, 0x25,
    0x06, 0x6b, 0xb3, 0xb4, 0xf6, 0x78, 0x66, 0xfa, 0x26, 0x74, 0xf3, 0xe3,
    0xb5, 0x30, 0x5e, 0x91, 0xfc, 0x17, 0x47, 0x78, 0x4a, 0xe3, 0x99, 0x67,
    0x4d, 0x9c, 0x5c, 0xbf, 0x04, 0xf9, 0x60, 0x98, 0xcb, 0xa6, 0x0b, 0x62,
    0x43, 0x1f, 0xe7, 0x65, 0xae, 0x10, 0xf4, 0xb0, 0xf0, 0xbb, 0xae, 0xcf,
    0x6b, 0x0f, 0xf2, 0x12, 0x57, 0x0c, 0x69, 0xd9, 0x8f, 0x75, 0x88, 0x4f,
    0xa9, 0x40, 0x94, 0x01, 0xb5, 0xfb, 0x31, 0x1a, 0xc7, 0xf7, 0x8d, 0x75,
    0x8d, 0xab, 0x1b, 0x70, 0x14, 0x1f, 0xb7, 0x8a, 0x5b, 0x78, 0x22, 0x56,
    0xad, 0x5e, 0xb1, 0xc9, 0x5b, 0x8f, 0xec, 0x68, 0xf6, 0xf9, 0x54, 0xb2,
    0x96, 0x50, 0xe9, 0x1b, 0x90, 0x69, 0x21, 0xb0, 0x11, 0x85, 0x76, 0x07,
    0x88, 0xad, 0x0d, 0xa6, 0xe7, 0xa5, 0x91, 0xa8, 0x33, 0x41, 0x96, 0x97,
    0x3d, 0x89, 0xba, 0xac, 0x4f, 0x3f, 0xc9, 0x79, 0x62, 0x6d, 0x4b, 0x1d,
    0x3f, 0x66, 0x0b, 0xa4, 0xb5, 0xf2, 0xcd, 0x8c, 0xe5, 0xc2, 0xdd, 0x1a,
    0x06, 0xc2, 0xb2, 0xba, 0xbf, 0x23, 0x70, 0xed, 0xc8, 0xae, 0x96, 0xac,
    0x3b, 0x5c, 0xad, 0x7d, 0x08, 0xc6, 0x5c, 0xdd, 0x2c, 0x84, 0x73, 0xdc,
    0x5d, 0x7b, 0x7b, 0x56, 0x44, 0x97, 0xea, 0x4f, 0xa3, 0x57, 0x29, 0x43,
    0xf5, 0x30, 0x64, 0x0b, 0x71, 0xf7, 0xe2, 0xbb, 0xea, 0x08, 0xfe, 0xd0,
    0xda, 0xe6, 0x40, 0x14, 0x19, 0x2d, 0xec, 0xd4, 0x65, 0x74, 0xa1, 0xc3,
    0xeb, 0x70, 0x23, 0x99, 0x9c, 0xb9, 0xd5, 0x37, 0x02, 0xb9, 0x76, 0x5f,
    0x97, 0x13, 0xc3, 0x6a, 0xc5, 0xbb, 0x10, 0x64, 0x2b, 0xb9, 0xea, 0x55,
    0x7f, 0x3d, 0x39, 0x2f, 0xbd, 0xb7, 0x7c, 0x48, 0xa6, 0x4d, 0x68, 0x61,
    0xe6, 0x2a, 0x96, 0x3c, 0x24, 0xbe, 0x24, 0xd6, 0xd2, 0xac, 0x0c, 0x76,
    0x63, 0x08, 0xc6, 0x85, 0x97, 0x4b, 0xf9, 0x6c, 0xa4, 0xaa, 0x1f, 0xd8,
    0x72, 0xf7, 0xea, 0xce, 0x33, 0xb8, 0xd1, 0xb6, 0x18, 0x02, 0x86, 0x30,
    0xf7, 0x83, 0xd2, 0xca, 0x48, 0xe6, 0x8f, 0x13, 0xdd, 0x3b, 0xa8, 0x05,
    0x5a, 0x5c, 0x71, 0x58, 0x07, 0x94, 0x56, 0xb1, 0xc7, 0x35, 0x64, 0xf8,
    0xfe, 0xd1, 0xaf, 0x56, 0x82, 0xa0, 0x17, 0x24, 0xb3, 0x26, 0x8c, 0x21,
    0xc0, 0xd8, 0xbf, 0x53, 0x6f, 0x76, 0x52, 0xe6, 0x72, 0x5d, 0xf9, 0xae,
    0xa0, 0x6f, 0xe8, 0x70, 0xf8, 0x38, 0x10, 0xe2, 0x3d, 0x5a, 0x1b, 0xc4,
    0xe0, 0xf2, 0x68, 0x5c, 0x53, 0x02, 0x08, 0x6b, 0x4a, 0x32, 0xa8, 0xad,
    0xaa, 0x05, 0xe2, 0x03, 0xb2, 0x6b, 0x81, 0xbb, 0x1b, 0x0a, 0x8d, 0x03,
    0x65, 0x24, 0x46, 0xae, 0x14, 0x4c, 0x60, 0xf5, 0x83, 0xf2, 0x7a, 0x4f,
    0x9a, 0xab, 0x0a, 0x13, 0xf5, 0xaf, 0x85, 0x8a, 0x78, 0x77, 0x8c, 0x11,
    0x72, 0x25, 0xb2, 0xe1, 0xef, 0xa7, 0xdd, 0x5b, 0x9e, 0x3b, 0x54, 0xad,
    0x32, 0xf6, 0x5e, 0xc6, 0x01, 0x3f, 0xca, 0x47, 0x97, 0xdd, 0x76, 0xb4,
    0x31, 0x9a, 0x87, 0x21, 0x91, 0xf3, 0x41, 0x09, 0x6e, 0x53, 0x8a, 0x76,
    0xb9, 0xc7, 0x0f, 0x35, 0x13, 0xfb, 0xdd, 0x97, 0x04, 0x77, 0x98, 0xc1,
    0xbb, 0x9b, 0x26, 0x0b, 0xc2, 0x20, 0x42, 0x07, 0xd4, 0x09, 0x25, 0xcc,
    0x4e, 0x85, 0x9a, 0x6e, 0x39, 0x29, 0x60, 0xc0, 0xef, 0x7d, 0xc9, 0x28,
    0x38, 0x75, 0x1f, 0xfa, 0xfa, 0x73, 0x95, 0x7d, 0xea, 0x9c, 0x15, 0x19,
    0xb6, 0xc1, 0xff, 0xf8, 0x81, 0xb0, 0xcc, 0x3f, 0x70, 0x3b, 0x5a, 0xb0,
    0xc6, 0x72, 0x69, 0xda, 0x80, 0x1b, 0x90, 0xac, 0xab, 0x13, 0x39, 0x07,
    0x33, 0xe0, 0x46, 0x8f, 0x5f, 0x73, 0x58, 0x26, 0x7b, 0x2e, 0xaa, 0x60,
    0x9b, 0xa5, 0x6c, 0x18, 0xab, 0x19, 0x44, 0x5a, 0x31, 0xce, 0xa2, 0x54,
    0xdb, 0xf6, 0x9c, 0x18, 0x76, 0x88, 0x7c, 0xfb, 0x32, 0x35, 0x4d, 0x5b,
    0x6c, 0xae, 0xba, 0xe5, 0xf7, 0xf9, 0x13, 0x2c, 0x44, 0x70, 0x9d, 0xb1,
    0xea, 0xf1, 0x02, 0x5d, 0x74, 0x96, 0xe3, 0x13, 0x38, 0x3d, 0x4a, 0xcf,
    0xdb, 0xe5, 0x23, 0x6d, 0x85, 0x89, 0xea, 0xfa, 0x13, 0x39, 0x93, 0xb5,
    0xc7, 0xc9, 0xeb, 0xed, 0xf8, 0x00, 0x00, 0x00, 0x00, 0x00, 0x00, 0x00,
    0x00, 0x00, 0x00, 0x0a, 0x12, 0x17, 0x1e, 0x24, 0x2d
};
static const unsigned short kat_mldsa65_sig_packed[] = {
    0x5d06, 0x49e7, 0x4c22, 0x973e, 0x8f5d, 0x87ff, 0x7220, 0x2192,
    0x7df5, 0x864d, 0x27e5, 0xff94, 0x8d1d, 0x3542, 0x8ad8, 0x05d5,
    0xd71b, 0xb909, 0xa102, 0x44de, 0xb2a2, 0x3f84, 0x2519, 0xd90e,
    0x93d6, 0x3f40, 0x5e7a, 0x29ab, 0x7b84, 0x0e46, 0xf78d, 0x0d2d,
    0x968a, 0xece1, 0x01ac, 0xf67a, 0x463c, 0x838d, 0x275f, 0x6f8d,
    0x0494, 0x4804, 0xb0a3, 0x5e94, 0x2795, 0xcbe3, 0x2d7f, 0x97fe,
    0xf55d, 0xef08, 0xf9eb, 0xc4bc, 0x5c3e, 0x4e7d, 0xfb46, 0x844f,
    0xb328, 0x23a2, 0xf617, 0x7e1f, 0xe476, 0xcc0f, 0x0e44, 0xd617,
    0x4713, 0xc3da, 0x4342, 0x66a9, 0x3bad, 0x9d55, 0x24dc, 0x4190,
    0x9f33, 0xd2e4, 0x8c3e, 0x8169, 0xefa1, 0x37b2, 0x94c7, 0x803d,
    0xa864, 0xb02a, 0xe0aa, 0x18fb, 0x6932, 0xdc4c, 0xfd36, 0xf459,
    0x031d, 0x1c89, 0xd9f4, 0xccf0, 0xb31f, 0x9648, 0x84ca, 0x0ae6,
    0x38f3, 0xec73, 0xcdc4, 0x91c7, 0xe284, 0xfb54, 0xab97, 0xc8ac,
    0xe6dd, 0xa578, 0x5c27, 0x9ea9, 0xc825, 0x18da, 0xf9a7, 0x7b0d,
    0xada9, 0xc7ce, 0xb86b, 0x99c4, 0xbdd5, 0x8963, 0x676e, 0x8018,
    0xd005, 0x4c42, 0x5d94, 0x912a, 0x4310, 0x326b, 0xa3df, 0xbd14,
    0x0cc3, 0xc0b6, 0x7544, 0xd3b1, 0x8920, 0xa6b6, 0xe570, 0x45ec,
    0xf2ed, 0x7f54, 0x0c7b, 0x6a82, 0x3f21, 0x23c0, 0xeceb, 0x9719,
    0x79e1, 0xcd0c, 0x2fa0, 0x00cd, 0xe9b1, 0xd6a3, 0x2800, 0x7d86,
    0x8f75, 0x4980, 0x7714, 0xff64, 0xfb59, 0xe213, 0xb270, 0x9941,
    0x8882, 0x863e, 0x94c9, 0x92e0, 0x5e72, 0x3bb5, 0xbdd5, 0x33b8,
    0x49a5, 0x4311, 0xd5c9, 0xe812, 0x234e, 0x8420, 0x6909, 0x6acb,
    0x25d1, 0x4bc2, 0xe1d1, 0x65bb, 0x50dc, 0xff0c, 0xdaf7, 0x61fd,
    0x4d76, 0x1ad6, 0x7007, 0x1665, 0x8804, 0x5566, 0x9cef, 0x4d7f,
    0xd00a, 0xc608, 0xeb0f, 0xa7c9, 0x74d4, 0xb4f4, 0x8c6c, 0xefb7,
    0x134b, 0x4393, 0x1585, 0x9d0e, 0x76ca, 0x0f7d, 0x8724, 0x1c62,
    0xc13f, 0x9daf, 0x757e, 0xdad8, 0x9fa4, 0xb652, 0xbb08, 0xaff2,
    0x3abd, 0xaacd, 0xd7f3, 0xa009, 0xf0bd, 0x8178, 0x194f, 0x3964,
    0x089f, 0x7579, 0x9158, 0x44d8, 0xc0a3, 0xa4bd, 0x8a86, 0xbab5,
    0xb9b7, 0x790b, 0x6abb, 0x6dce, 0x82a9, 0x3d78, 0xff3b, 0xa987,
    0x84d7, 0xbc0c, 0x6e07, 0x258a, 0xe956, 0xb4ce, 0x480d, 0xad56,
    0x7286, 0xa0c6, 0x4619, 0x1138, 0x0b3e, 0xebec, 0xed1f, 0xe449,
    0xaf55, 0x21e3, 0xf665, 0xd3a1, 0xf7e2, 0xf940, 0x21a4, 0xd82e,
    0x081c, 0x76a4, 0x713c, 0x11e5, 0x314d, 0x8c28, 0xa980, 0x6f90,
    0x36e5, 0x7d58, 0x4e59, 0xb4ef, 0xa087, 0x791b, 0x0717, 0xbcbe,
    0x901a, 0xe61e, 0xba45, 0x9389, 0x9941, 0x3ba3, 0x4853, 0xda2d,
    0xf1f6, 0xc141, 0x2c76, 0xb9a8, 0xf591, 0x43e4, 0x197c, 0xd283,
    0x4abd, 0x8168, 0xb55f, 0x67fd, 0x0d75, 0x0673, 0x9f2d, 0x08cb,
    0x1b5f, 0x72c7, 0x3281, 0xc04c, 0x494a, 0xea7a, 0x7fbe, 0x9588,
    0xc833, 0xe3c5, 0x6821, 0xe645, 0xe8a8, 0xcbc2, 0x7996, 0xdb50,
    0xd0ea, 0x5fe3, 0x58c8, 0xa6ff, 0x7e7b, 0x7935, 0x844f, 0xde47,
    0x1cc6, 0x9db2, 0xf9e0, 0xaaaf, 0x098b, 0xbb10, 0xb63a, 0x8d00,
    0x8ce6, 0x9c2c, 0x6648, 0x3872, 0x880e, 0x1aae, 0x40f1, 0xc776,
    0xafa7, 0xe307, 0x802c, 0x263b, 0x4b82, 0x8f45, 0xbb79, 0x4c61,
    0xb324, 0x19ef, 0x0e1e, 0xec29, 0x444f, 0xd271, 0xcc89, 0x8667,
    0x5483, 0xa720, 0xf5e6, 0x56e8, 0x0e2c, 0x2aa7, 0xdaa1, 0x9b6b,
    0x33a0, 0xa835, 0xc181, 0xa238, 0xe643, 0x855a, 0xfeca, 0x658b,
    0x2e60, 0x561c, 0x4183, 0xf523, 0x814d, 0xabb2, 0xb2ec, 0x90d8,
    0x6fa9, 0xd3bb, 0x7bd6, 0xc4e1, 0x0cfb, 0x991d, 0xf43c, 0xbc05,
    0xdff5, 0x01d9, 0xb8fb, 0x4e08, 0x8f3f, 0xad29, 0xdbdd, 0xcfd5,
    0x3a9a, 0xac93, 0x9f47, 0x8ad7, 0x9535, 0x975a, 0x371d, 0xc4fd,
    0xb8e5, 0x8d97, 0xc05a, 0xa033, 0xcbb9, 0x4587, 0x642e, 0xc103,
    0xfb60, 0x42a8, 0x7800, 0x57a4, 0x320a, 0x707f, 0xc81e, 0x0c73,
    0xf3b5, 0x3b68, 0x0ac2, 0x97e3, 0xfd23, 0x9ead, 0xa58e, 0x3180,
    0xd1f2, 0xffa5, 0x41e6, 0x0535, 0x9dd2, 0x332c, 0x3f6b, 0xd1e3,
    0x0f01, 0xf865, 0x56ab, 0x0d74, 0xd4a4, 0x3602, 0x464e, 0x9f7a,
    0x40f9, 0x1b2c, 0x1cd5, 0x6b9b, 0xa657, 0x08c5, 0x98ab, 0xe3c8,
    0x1f85, 0x3827, 0x6f19, 0x3bd4, 0xc5b7, 0xb508, 0xf6a2, 0x96c6,
    0xfae7, 0xb538, 0xc66d, 0x61b5, 0x93be, 0xe6a8, 0xa2d1, 0x9823,
    0x3ff1, 0x577e, 0xbc4c, 0x0f18, 0x9ec1, 0x3633, 0xa026, 0x6eca,
    0x6fec, 0x4134, 0x0774, 0xa80b, 0x88d8, 0x9f26, 0x4984, 0x71e9,
    0x1f95, 0x4155, 0x59af, 0x7180, 0xbd73, 0x9c1b, 0xb4d0, 0x8cc9,
    0x6e53, 0x35b3, 0x6ee8, 0x82fa, 0x023e, 0x55a8, 0x92eb, 0xa359,
    0xa73d, 0x44a2, 0x802a, 0xa3be, 0x4885, 0x0242, 0x2588, 0x92f5,
    0xb5a2, 0xf3c4, 0x2ebe, 0x9687, 0xc74d, 0x8096, 0x0094, 0xf0ed,
    0x551e, 0xb096, 0x1c50, 0xc5d7, 0x8c4c, 0x2d2f, 0x0547, 0x53aa,
    0xe550, 0xe6c3, 0xd10a, 0x82fc, 0xf5fe, 0xb892, 0x3cf0, 0x44ab,
    0x47c6, 0xd585, 0x418e, 0x2b29, 0x935e, 0x64ef, 0x46f5, 0x23d4,
    0xd3e6, 0xe5cf, 0x8415, 0xbe09, 0x091a, 0x89ba, 0x5db2, 0xd6e7,
    0xc906, 0x87ae, 0xf205, 0x81b3, 0x7c03, 0xfc80, 0x02dc, 0xff54,
    0x5434, 0x6d6f, 0x0243, 0x2806, 0x6aec, 0x25cf, 0x3602, 0xd17e,
    0xb42d, 0xa816, 0xe8ef, 0x9dfe, 0x5d5a, 0x4eb1, 0xf0b2, 0x425b,
    0x48a0, 0xe506, 0x1999, 0xe9f1, 0x0cf6, 0xd2b5, 0xce80, 0x1cad,
    0x00c7, 0xb9fd, 0x5d91, 0x7e4a, 0x5c69, 0x3721, 0x3b85, 0xe4af,
    0x3a04, 0xabdf, 0x656d, 0x2d00, 0x8a96, 0x7571, 0x1b17, 0x180c,
    0xc36e, 0xb0e5, 0xbbcd, 0x5e9e, 0xe9d1, 0xaac6, 0xfd94, 0x4fc0,
    0xb2e3, 0x83ff, 0xd0ee, 0xd922, 0xb5a5, 0x9185, 0xa024, 0xa2c2,
    0x41ae, 0x0a4c, 0xfb8e, 0x50fd, 0x0e63, 0xc043, 0xa465, 0x553b,
    0x7e0f, 0x33c0, 0xbb59, 0x74a0, 0xdff3, 0x3c6c, 0x851b, 0xa17d,
    0x35cd, 0x97ad, 0xa4f8, 0xdd93, 0xba06, 0xea3a, 0xfe6b, 0x62a3,
    0x9be0, 0xd021, 0x5992, 0x6e5e, 0x25e3, 0x0d22, 0x8eac, 0xed60,
    0xa55b, 0xfd07, 0xac50, 0x9c37, 0x8d93, 0xecc1, 0xd5a1, 0xd120,
    0x9803, 0xc363, 0xda4a, 0xb7e7, 0xd9f8, 0x2370, 0xc2df, 0x75b8,
    0x837c, 0x01f8, 0x96e4, 0x2daa, 0xbb53, 0x31cd, 0xe41a, 0x9f14,
    0x5dbc, 0xc168, 0xbd7a, 0xe657, 0x067d, 0x327a, 0xd5f9, 0x96a7,
    0x81b5, 0xb024, 0x1577, 0x8823, 0x3513, 0x09f1, 0x82f7, 0xccdf,
    0xf4ab, 0x5cbe, 0x5f73, 0xdbce, 0xf53f, 0xa277, 0xb7fc, 0xa6f7,
    0x7bb2, 0x6ad9, 0xb02d, 0xf7b7, 0x18c7, 0x9da5, 0x5ded, 0xb34e,
    0xcdbb, 0xcb8a, 0xbdf2, 0x51d2, 0x21a0, 0xe2ff, 0xff68, 0x22db,
    0x06f6, 0xd1fc, 0x592a, 0xec59, 0xf0b9, 0xd7b1, 0x9561, 0xaeb1,
    0xdf95, 0xcbd7, 0x28a8, 0x1b76, 0xf686, 0xfde0, 0xa742, 0x3f83,
    0x0ded, 0xe25d, 0x12e3, 0xf337, 0xc2a9, 0x7ec1, 0x5e7a, 0x38f4,
    0x12a1, 0x5aeb, 0x8e96, 0x47f1, 0xf9a9, 0xa28d, 0x26e1, 0x2a11,
    0xca34, 0xe293, 0xec7c, 0xe14f, 0x43fd, 0xb609, 0x0f57, 0xd820,
    0x1e41, 0x7a68, 0x270f, 0x0c74, 0xc77a, 0xf312, 0xf2ff, 0xdfae,
    0x2b5b, 0x4f26, 0x516c, 0xf6eb, 0x4f42, 0x9180, 0x8093, 0x92ce,
    0xbb75, 0x207c, 0xe9bd, 0x7d84, 0x40f2, 0x7759, 0x229e, 0xcce9,
    0xdccb, 0x5983, 0x3dfa, 0xdb6f, 0xe9ab, 0x0741, 0x2ecb, 0x297a,
    0x4f80, 0xbf23, 0x6c57, 0x9ff3, 0x6816, 0x7480, 0x4e0c, 0xc210,
    0x1804, 0xa6ac, 0xc560, 0x4c13, 0x4c8e, 0xb739, 0xe9c9, 0xf07a,
    0xc327, 0x5b76, 0xe763, 0x9353, 0x605a, 0x971c, 0xa39e, 0x1957,
    0xe96d, 0x3ea2, 0xd406, 0x927f, 0xbad9, 0x9624, 0x6edc, 0x00c9,
    0x6359, 0x74ec, 0x064d, 0x7d01, 0x5232, 0x97eb, 0xab0f, 0x41b0,
    0x78f8, 0x5d96, 0xa1ae, 0xfe5d, 0xd56b, 0x16e4, 0xf663, 0xce84,
    0x0501, 0x6fb1, 0x4ae4, 0x209f, 0x0755, 0x1529, 0x171a, 0xcafa,
    0x90cf, 0xda1f, 0xcca6, 0xc7a3, 0x148d, 0x3f67, 0x8eb1, 0x03f7,
    0xe821, 0xadc0, 0x9cbf, 0x20be, 0xe02c, 0x99d0, 0xbdfb, 0xec55,
    0x3670, 0x4d6c, 0xb4b1, 0xa013, 0xbc10, 0x6339, 0x51ec, 0xad28,
    0xc0e1, 0x0fce, 0xac79, 0x003e, 0xaebd, 0x84f5, 0x6da3, 0x7809,
    0x461b, 0x81a1, 0x2137, 0xc88a, 0x21ec, 0x1ea1, 0x13a4, 0x8d2e,
    0x803d, 0xc6b4, 0x9eb9, 0xa1d3, 0x6e17, 0x21a4, 0xa3ea, 0x1332,
    0x53b9, 0x8cf1, 0x950f, 0x85ba, 0xa08d, 0xded8, 0x54b2, 0x94d0,
    0xdf9a, 0x6b50, 0xd49e, 0x64c7, 0x2d78, 0xfa3d, 0x8699, 0x5c0e,
    0x21b2, 0xfba8, 0x3499, 0x45ea, 0x9c0c, 0x011a, 0xdcaf, 0x9b07,
    0xb260, 0x4179, 0x72c9, 0xff3c, 0x4f80, 0x9f98, 0x1686, 0xb26d,
    0x570f, 0xb90c, 0x3385, 0xcc21, 0x8aff, 0x7fb2, 0x52d0, 0xc8a0,
    0x1cbc, 0x48c8, 0x5e0d, 0x7449, 0x4a80, 0x0873, 0x82dd, 0xe2a7,
    0x8ba1, 0x7742, 0xc1b7, 0xaaf6, 0x7a80, 0x345d, 0x8402, 0x508d,
    0xd419, 0xe769, 0x6f5d, 0x9451, 0x8251, 0xdb33, 0x83c0, 0xf65b,
    0x8015, 0x5600, 0x293e, 0xc5c7, 0x914a, 0x5ff3, 0xadaf, 0xe1d6,
    0x8bb3, 0xbb69, 0xfd7f, 0xefa5, 0xecfa, 0x6e1a, 0x023c, 0xfc7c,
    0x03b2, 0x6936, 0x9d1a, 0xfff7, 0x3bfc, 0x27d8, 0x18ad, 0x226b,
    0x7da7, 0x49e5, 0x1da9, 0xc0e3, 0xed0c, 0x9bdf, 0xf5b2, 0xea2e,
    0x77c7, 0x34f0, 0x515b, 0x7dc2, 0x3189, 0x8500, 0x5f15, 0x3c5a,
    0xa19b, 0xddc7, 0xebd5, 0x3553, 0x8f9e, 0xd29c, 0xacd0, 0x6398,
    0xae2c, 0xc796, 0x7dbd, 0x8607, 0x9b51, 0x79af, 0x50e3, 0x9499,
    0x2b0a, 0xb4ed, 0x7ccd, 0xc51a, 0x2aa2, 0x72d7, 0x74e7, 0x5184,
    0x8e3e, 0x50af, 0xbfd5, 0x6064, 0x4188, 0x18ca, 0x2f96, 0xdaa7,
    0x02c0, 0xcf63, 0x5efe, 0x4a36, 0x20a9, 0x588d, 0x3a25, 0x3e1c,
    0x5a1d, 0x6858, 0x6318, 0x8332, 0xe340, 0xc459, 0xe0a9, 0xf8f5,
    0x4d38, 0x9c2b, 0x4144, 0xbe5b, 0xaa7e, 0x05b7, 0xa2e0, 0xf7ab,
    0x1a06, 0x371d, 0x4e21, 0xa32b, 0xe0bd, 0x732d, 0x5763, 0x6526,
    0x8123, 0x4285, 0x57f3, 0xf577, 0x1797, 0x57ba, 0xf04a, 0xc495,
    0x556f, 0x28d9, 0x2042, 0xba45, 0x0a84, 0xd014, 0xd59c, 0x8f29,
    0x2c06, 0xf53c, 0xc48b, 0x8c68, 0xaa42, 0xae22, 0x4111, 0x34fd,
    0xb873, 0x3c5b, 0x9819, 0xe065, 0xefee, 0x7850, 0xa442, 0xcf7d,
    0xcd2b, 0xa281, 0xd75c, 0xd1bd, 0xcd6b, 0xac52, 0xa1d5, 0x7967,
    0x9de9, 0x430a, 0x03df, 0x4293, 0x05b5, 0x4c85, 0x0d44, 0xccaa,
    0xab79, 0x5867, 0x0c54, 0x6d68, 0x89af, 0xa7d0, 0xf114, 0xbcee,
    0xdd69, 0x0fca, 0x722c, 0x36f9, 0xf97a, 0xaf40, 0xebc3, 0xdfb9,
    0x3c77, 0x0c06, 0x16c3, 0xeeaf, 0x449d, 0x570b, 0xc6ec, 0x8ed9,
    0x32c4, 0x3b39, 0x17c9, 0xda87, 0xe75a, 0x35cf, 0xe35a, 0xa071,
    0x8a3c, 0x10fb, 0x8946, 0x56ef, 0x95fb, 0x4a4d, 0xb4e7, 0xb3e9,
    0x5ced, 0x4155, 0x2b3e, 0x53ae, 0xe64d, 0x17f4, 0xc7a1, 0x053e,
    0x23cb, 0xb244, 0x93b8, 0x92cb, 0x1058, 0x9369, 0x4fd4, 0xc6f1,
    0x6e05, 0xb4f1, 0x5a13, 0xdc2b, 0xb211, 0xc38e, 0xafc2, 0xf507,
    0x9f28, 0xc51e, 0x2bb4, 0x354d, 0x7d20, 0x9bca, 0xb3b0, 0x4778,
    0xa840, 0x39ee, 0xb2b4, 0xc32a, 0x8370, 0x3f89, 0x9b0a, 0x0d1a,
    0x4c54, 0x80ff, 0x2513, 0xd162, 0x1a49, 0xe8c3, 0x110f, 0x4970,
    0x7ae6, 0xd733, 0x4db6, 0x7c20, 0xe2aa, 0xc3e5, 0xe9a4, 0x61c2,
    0x3473, 0x54e0, 0xebb9, 0x72ff, 0xcd78, 0x3f09, 0x77cc, 0x02f0,
    0x3bcc, 0x44ed, 0xefcd, 0x3ccc, 0x72d9, 0xcbf4, 0x8c53, 0x01df,
    0xd889, 0x5b69, 0xc409, 0x3c07, 0xd704, 0xd598, 0x8acc, 0xea48,
    0xd935, 0x3500, 0xcb88, 0x8028, 0xc00d, 0x4474, 0xb826, 0xb2a1,
    0xf8e8, 0xcafa, 0x8b39, 0x5057, 0x024a, 0xec90, 0x174a, 0xdec1,
    0x357d, 0x1612, 0xdb06, 0x38df, 0xc6a9, 0x758c, 0x1bea, 0x2de9,
    0x24ee, 0xe8c1, 0x1e8b, 0x0f4a, 0xcb7e, 0x48a1, 0x20aa, 0x12fc,
    0x5742, 0x0dd8, 0x42c8, 0xc9ad, 0xe0c3, 0x9094, 0x04ac, 0xad1a,
    0x1729, 0xbdcd, 0x5533, 0xcc68, 0xe286, 0x5574, 0x427e, 0x61ec,
    0x0ebe, 0x0e33, 0x200d, 0xb6fc, 0x73ee, 0x4169, 0xb559, 0x44c4,
    0x50b8, 0x5bff, 0x55d5, 0x8806, 0xb5b1, 0xed81, 0xd70b, 0xd923,
    0xf8ff, 0xeeb7, 0xa6c3, 0x7dbc, 0x562d, 0x4175, 0x63a1, 0xbebd,
    0xcf23, 0x9c32, 0x48ee, 0x4900, 0x7949, 0x30fc, 0xb47d, 0x62dd,
    0xe90f, 0x5a4a, 0xd29e, 0x55d9, 0x5094, 0x27a6, 0xa0c2, 0x77ce,
    0xb093, 0xfbfc, 0x3606, 0x4eb8, 0x2188, 0xb413, 0x3dce, 0xd403,
    0x3c00, 0xa8f0, 0x780b, 0xb485, 0x033c, 0x537e, 0x998d, 0x1b5e,
    0x4db3, 0xff2a, 0x6e48, 0xa31c, 0x8cf1, 0xda50, 0xa019, 0x6119,
    0xe09d, 0xbc1d, 0xba86, 0x2e13, 0x8660, 0xe17d, 0x67ae, 0x4eb3,
    0x3471, 0xe44b, 0x75ab, 0x0956, 0x6f76, 0xef34, 0x5bbd, 0xcdbc,
    0xc68c, 0xf66f, 0x5f20, 0x3dd9, 0x8934, 0xa80b, 0x482b, 0x2ac7,
    0x2b80, 0x25b2, 0x6b06, 0xb4b3, 0x78f6, 0xfa66, 0x7426, 0xe3f3,
    0x30b5, 0x915e, 0x17fc, 0x7847, 0xe34a, 0x6799, 0x9c4d, 0xbf5c,
    0xf904, 0x9860, 0xa6cb, 0x620b, 0x1f43, 0x65e7, 0x10ae, 0xb0f4,
    0xbbf0, 0xcfae, 0x0f6b, 0x12f2, 0x0c57, 0xd969, 0x758f, 0x4f88,
    0x40a9, 0x0194, 0xfbb5, 0x1a31, 0xf7c7, 0x758d, 0xab8d, 0x701b,
    0x1f14, 0x8ab7, 0x785b, 0x5622, 0x5ead, 0xc9b1, 0x8f5b, 0x68ec,
    0xf9f6, 0xb254, 0x5096, 0x1be9, 0x6990, 0xb021, 0x8511, 0x0776,
    0xad88, 0xa60d, 0xa5e7, 0xa891, 0x4133, 0x9796, 0x893d, 0xacba,
    0x3f4f, 0x79c9, 0x6d62, 0x1d4b, 0x663f, 0xa40b, 0xf2b5, 0x8ccd,
    0xc2e5, 0x1add, 0xc206, 0xbab2, 0x23bf, 0xed70, 0xaec8, 0xac96,
    0x5c3b, 0x7dad, 0xc608, 0xdd5c, 0x842c, 0xdc73, 0x7b5d, 0x567b,
    0x9744, 0x4fea, 0x57a3, 0x4329, 0x30f5, 0x0b64, 0xf771, 0xbbe2,
    0x08ea, 0xd0fe, 0xe6da, 0x1440, 0x2d19, 0xd4ec, 0x7465, 0xc3a1,
    0x70eb, 0x9923, 0xb99c, 0x37d5, 0xb902, 0x5f76, 0x1397, 0x6ac3,
    0xbbc5, 0x6410, 0xb92b, 0x55ea, 0x3d7f, 0x2f39, 0xb7bd, 0x487c,
    0x4da6, 0x6168, 0x2ae6, 0x3c96, 0xbe24, 0xd624, 0xacd2, 0x760c,
    0x0863, 0x85c6, 0x4b97, 0x6cf9, 0xaaa4, 0xd81f, 0xf772, 0xceea,
    0xb833, 0xb6d1, 0x0218, 0x3086, 0x83f7, 0xcad2, 0xe648, 0x138f,
    0x3bdd, 0x05a8, 0x5c5a, 0x5871, 0x9407, 0xb156, 0x35c7, 0xf864,
    0xd1fe, 0x56af, 0xa082, 0x2417, 0x26b3, 0x218c, 0xd8c0, 0x53bf,
    0x766f, 0xe652, 0x5d72, 0xaef9, 0x6fa0, 0x70e8, 0x38f8, 0xe210,
    0x5a3d, 0xc41b, 0xf2e0, 0x5c68, 0x0253, 0x6b08, 0x324a, 0xada8,
    0x05aa, 0x03e2, 0x6bb2, 0xbb81, 0x0a1b, 0x038d, 0x2465, 0xae46,
    0x4c14, 0xf560, 0xf283, 0x4f7a, 0xab9a, 0x130a, 0xaff5, 0x8a85,
    0x7778, 0x118c, 0x2572, 0xe1b2, 0xa7ef, 0x5bdd, 0x3b9e, 0xad54,
    0xf632, 0xc65e, 0x3f01, 0x47ca, 0xdd97, 0xb476, 0x9a31, 0x2187,
    0xf391, 0x0941, 0x536e, 0x768a, 0xc7b9, 0x350f, 0xfb13, 0x97dd,
    0x7704, 0xc198, 0x9bbb, 0x0b26, 0x20c2, 0x0742, 0x09d4, 0xcc25,
    0x854e, 0x6e9a, 0x2939, 0xc060, 0x7def, 0x28c9, 0x7538, 0xfa1f,
    0x73fa, 0x7d95, 0x9cea, 0x1915, 0xc1b6, 0xf8ff, 0xb081, 0x3fcc,
    0x3b70, 0xb05a, 0x72c6, 0xda69, 0x1b80, 0xac90, 0x13ab, 0x0739,
    0xe033, 0x8f46, 0x735f, 0x2658, 0x2e7b, 0x60aa, 0xa59b, 0x186c,
    0x19ab, 0x5a44, 0xce31, 0x54a2, 0xf6db, 0x189c, 0x8876, 0xfb7c,
    0x3532, 0x5b4d, 0xae6c, 0xe5ba, 0xf9f7, 0x2c13, 0x7044, 0xb19d,
    0xf1ea, 0x5d02, 0x9674, 0x13e3, 0x3d38, 0xcf4a, 0xe5db, 0x6d23,
    0x8985, 0xfaea, 0x3913, 0xb593, 0xc9c7, 0xedeb, 0x00f8, 0x0000,
    0x0000, 0x0000, 0x0000, 0x0a00, 0x1712, 0x241e, 0x002d
};
static const unsigned short kat_mldsa65_pub_packed[] = {
    0x6848, 0x913d, 0x8e97, 0xeb31, 0xdd3d, 0xb0b8, 0x3447, 0xd282,
    0x8ab8, 0x625f, 0x4959, 0x8ffd, 0xa558, 0xe661, 0xbd96, 0x274c,
    0x5bd0, 0xdb38, 0xedb2, 0x1ef0, 0x4e66, 0x81fd, 0x1ebe, 0x93a8,
    0x8c68, 0x8ae6, 0xd5a2, 0x591c, 0xf858, 0xc6bb, 0x4eeb, 0xee89,
    0xd267, 0x32c0, 0x5409, 0x72d5, 0xca12, 0x22c7, 0xf19f, 0xead6,
    0x39f0, 0xbd28, 0x5151, 0x8d1f, 0xd888, 0x7347, 0x7d6c, 0x73e2,
    0x590d, 0xe578, 0x0741, 0x1613, 0x7809, 0x7786, 0xbf11, 0x3955,
    0xbfa0, 0xc3c4, 0xc250, 0x57be, 0xaf2b, 0xe20e, 0xfbe2, 0xcc16,
    0xa0fe, 0x2880, 0x9ad9, 0x9ac4, 0xb7eb, 0x3759, 0xcedd, 0x1c11,
    0xb6da, 0xff2f, 0xea3c, 0xa28b, 0x3d23, 0x561e, 0xc5fb, 0xa1c5,
    0x26e7, 0x63de, 0xddfa, 0xf02a, 0xb116, 0x1719, 0xa37f, 0x71d9,
    0xd9a2, 0x7127, 0xfc73, 0x5be5, 0x7467, 0xf05a, 0xc2b7, 0x591d,
    0xbe7d, 0x3eb9, 0x326a, 0x41f3, 0x9ac4, 0x8b5a, 0xe8e9, 0x0825,
    0x1f8d, 0xa42a, 0x5551, 0xc8d6, 0x15ae, 0x7e36, 0xb04e, 0xb803,
    0xf7fd, 0x1085, 0x9471, 0x3997, 0xfff9, 0x90f0, 0xea23, 0x51f4,
    0xd204, 0x4aa8, 0x9045, 0xed6e, 0x7146, 0x4da4, 0x8dc2, 0x9827,
    0xb57b, 0xf65d, 0x9e9e, 0x6185, 0x1af6, 0xa780, 0x9926, 0x3850,
    0xfe65, 0xb7d9, 0x72ee, 0xe1a8, 0x197a, 0x08c4, 0x4f14, 0x294b,
    0xefaf, 0x3170, 0xa6c3, 0x57d8, 0x1016, 0x2cb4, 0x429f, 0x4512,
    0x8fa8, 0x7e19, 0x8116, 0x032b, 0x5911, 0x5bb6, 0x8796, 0xb3e5,
    0x34e9, 0x22c5, 0xe95a, 0x798a, 0x73ba, 0xb3d2, 0xd799, 0x1035,
    0xfaef, 0x9ed1, 0xb853, 0x0f45, 0xa80b, 0xe1fc, 0x2f01, 0x8dd9,
    0x0a26, 0xaa74, 0x13aa, 0xe2fa, 0xa049, 0xb106, 0x4fc3, 0xa05b,
    0x82b8, 0x63f2, 0x2278, 0xb32f, 0x226f, 0xc283, 0xf043, 0xebff,
    0x1b5f, 0x14b4, 0xa7a0, 0x550d, 0xd4e3, 0x560a, 0xcbb6, 0x8ac8,
    0xf0e1, 0x7b3b, 0x8228, 0x8dd9, 0xa2ee, 0x148e, 0x9d5c, 0xfded,
    0xaf8e, 0xef1c, 0xd92e, 0x8b4a, 0x0f05, 0x6489, 0x6df4, 0xa01e,
    0xc2d0, 0x3ea4, 0xda0d, 0x8261, 0xbfad, 0x6e4f, 0x75d1, 0x74b6,
    0x5722, 0x9b85, 0x2ff2, 0x413a, 0xcf7e, 0x9d1f, 0x3189, 0x5e7b,
    0x9d53, 0x7a58, 0x6bf1, 0x139e, 0xe013, 0x1445, 0xa6ff, 0xa84b,
    0xffb3, 0x832b, 0xf821, 0x1c81, 0xfbb3, 0x2c02, 0x648f, 0x704e,
    0xb8a4, 0x2f0a, 0xeebf, 0x4a60, 0x73bb, 0x0979, 0xa81e, 0xc5e6,
    0x4dc7, 0x02fc, 0x6683, 0x406b, 0x79c0, 0x7038, 0x8202, 0xa104,
    0xbf36, 0xa95d, 0x8e56, 0x98b7, 0x49d3, 0x8b03, 0x0cdb, 0xe011,
    0x4534, 0x84e7, 0xb57c, 0x9c06, 0xcf75, 0xac28, 0x1c60, 0x9977,
    0x58d9, 0x0d21, 0xcbdb, 0x6e22, 0xaf51, 0x9fef, 0xe41d, 0x077b,
    0x7338, 0xd3d6, 0x74f9, 0xbe56, 0x08de, 0x8250, 0x4ae7, 0x8b29,
    0xd42c, 0x4b8f, 0x9330, 0x5f15, 0x6c36, 0xa68f, 0xc601, 0x85af,
    0xfa8d, 0xc032, 0x9184, 0xa2b2, 0x8798, 0x03f9, 0x9435, 0x5d9a,
    0xda6e, 0x79a6, 0x2a88, 0x953a, 0xbfd6, 0x976d, 0x220a, 0x4b1f,
    0x3d9d, 0xbf8c, 0x4a38, 0x1af8, 0x95ac, 0xb3e2, 0x4e29, 0x7804,
    0xc89a, 0x2737, 0xdca5, 0x5504, 0x969f, 0x41af, 0xa0d8, 0x5153,
    0xee6f, 0xbcee, 0x7452, 0xb66e, 0x28ab, 0xe019, 0x0891, 0x0d71,
    0x5f83, 0x1f01, 0x30a6, 0x8765, 0xd32a, 0xd534, 0xffcd, 0xb2b2,
    0x0531, 0xe907, 0xc92f, 0xae93, 0x7d31, 0x7fa9, 0x304f, 0xda9c,
    0xf6f0, 0xd97e, 0x909d, 0x5521, 0x0876, 0x4938, 0x53f9, 0x46b2,
    0xfed7, 0x3fdb, 0x67db, 0x9867, 0xa550, 0x40ad, 0x644e, 0x7f14,
    0xcfb7, 0x6a4f, 0xdded, 0xaf05, 0xb8b4, 0x9634, 0x1f8d, 0x80e8,
    0x9614, 0xce0d, 0x945d, 0x3622, 0x6e52, 0xa412, 0xd678, 0x5f9e,
    0x69be, 0x3170, 0x300b, 0x068c, 0x5084, 0xcf18, 0xb2c7, 0x43ab,
    0x130a, 0xb1a6, 0x7bac, 0x2cb0, 0xbbcc, 0x913d, 0xc21a, 0x10f1,
    0x6168, 0xbe3f, 0x9b02, 0xcefd, 0xcf02, 0xd35c, 0x5089, 0x72ed,
    0x39c8, 0xed44, 0xc7fb, 0x1556, 0x87af, 0x64f8, 0x51c0, 0xc5f3,
    0x5654, 0x41c5, 0x6328, 0x0ca4, 0xd106, 0xb5da, 0xbd62, 0x05ff,
    0xb871, 0xc3d3, 0x7b91, 0x30bd, 0x8008, 0xa5bb, 0x98e9, 0x9b23,
    0xfa95, 0xb791, 0x41d6, 0x4f6d, 0x8b39, 0xdb3a, 0x30cd, 0x3e98,
    0x59d3, 0x4d2b, 0xf79e, 0x23d4, 0xd06f, 0x500f, 0x8ad9, 0x3aa5,
    0x5a23, 0x17c4, 0x2027, 0x7df7, 0x1796, 0x7226, 0x0c98, 0x8ffe,
    0xa5f7, 0x02a7, 0x3e78, 0x2bdc, 0x1ba3, 0x5922, 0x5a01, 0x2f11,
    0xf4c7, 0xa968, 0xf9c2, 0x4046, 0x0039, 0x302d, 0x67ef, 0x4c8b,
    0x98b7, 0x11bc, 0x1662, 0x7abf, 0x7c9a, 0xba18, 0xb703, 0x8fb5,
    0x75d0, 0xd315, 0x5011, 0xd349, 0x4b61, 0xa0e7, 0x747e, 0x0043,
    0x0d75, 0xd2f1, 0x87c5, 0x3853, 0x5990, 0xfcea, 0x783d, 0xcd5c,
    0x1cd3, 0x6407, 0xed8b, 0x3ac0, 0x3b5c, 0xd48a, 0x066d, 0x594d,
    0x3dc1, 0x3757, 0x2947, 0x4efc, 0x5329, 0xe262, 0x19a5, 0x0412,
    0x0453, 0xbc28, 0x2215, 0xa2af, 0xf58f, 0x16fe, 0xe355, 0xca04,
    0xc85b, 0x7ac2, 0xe0d0, 0xa3c6, 0xd49d, 0x28df, 0x6c95, 0xb314,
    0xc98c, 0x8236, 0xfece, 0x2b40, 0x5ebd, 0xd282, 0x469c, 0x444e,
    0x5deb, 0xb437, 0xc58f, 0xdf68, 0xcce0, 0x8e6e, 0xba16, 0x05ea,
    0x13e5, 0x9055, 0x92f1, 0xe794, 0x833e, 0xb067, 0x6d21, 0x81bb,
    0x3050, 0xdeb9, 0x9155, 0x083f, 0x9c03, 0x3542, 0x591c, 0x51e5,
    0xd55d, 0x8eaf, 0x9a08, 0xe615, 0xe825, 0xdef6, 0x39e6, 0x6c38,
    0x4946, 0x7a7d, 0x3226, 0x7788, 0xe54d, 0xa781, 0x96de, 0xb429,
    0x441b, 0x1424, 0x971f, 0xb88f, 0x1233, 0xef08, 0xc3de, 0xe0c6,
    0x39de, 0x57bc, 0x3f06, 0xcd3d, 0x476c, 0x7303, 0x88c0, 0xea91,
    0xcb29, 0xccc7, 0x646d, 0xb883, 0x9088, 0xac83, 0x6ae8, 0xb5a7,
    0x1c1b, 0xfe2c, 0x2a6e, 0x8dd1, 0xce97, 0xfb36, 0x6ec5, 0x2fa4,
    0x97ae, 0xa7e6, 0x11ac, 0x6448, 0x8c47, 0x6d36, 0xebf1, 0xe7b1,
    0x1ab1, 0x9890, 0x4f50, 0x97d5, 0xdf5b, 0x491f, 0x70dc, 0x2b00,
    0xc163, 0x9a73, 0x269d, 0xba3f, 0x07d4, 0x6a3f, 0x6c9f, 0x8a2b,
    0xb4f4, 0x32c3, 0x03a1, 0xcfa0, 0x5dfa, 0xb2ee, 0x62d0, 0x3cca,
    0x5f21, 0x60d3, 0x6b02, 0xc5e7, 0x4f16, 0x444a, 0xef24, 0x9474,
    0x0488, 0x6fd6, 0x4846, 0x3277, 0x20c8, 0x792c, 0x7854, 0x7b64,
    0xa74e, 0x621d, 0x087c, 0x2460, 0xa3cc, 0xa454, 0x081f, 0xb377,
    0x198f, 0x77b3, 0xd24a, 0x5c09, 0xa58d, 0x063b, 0x219e, 0x6ac7,
    0xd2e2, 0x7e00, 0x7116, 0xd49e, 0x8000, 0x34d3, 0xdaf7, 0xe952,
    0xa5f5, 0x0499, 0xca39, 0x83f0, 0x5ba9, 0x3f83, 0xad02, 0xa010,
    0x1a8c, 0x0f6d, 0x0c26, 0x7200, 0xbd85, 0x2f4a, 0x7047, 0x5a3a,
    0x46ef, 0x8752, 0x53d2, 0x8ab1, 0x25c2, 0x3114, 0x1062, 0x56ff,
    0x1468, 0x0fb1, 0xa287, 0xd693, 0x99f1, 0xc3d3, 0x9995, 0xd090,
    0x26c1, 0x4f8b, 0xd550, 0xfcf9, 0xbbef, 0x37f2, 0x0cbd, 0xb828,
    0x8201, 0x65d6, 0x4197, 0x4ff1, 0xbf10, 0x21bb, 0xa1bb, 0xb62a,
    0xaa20, 0x9623, 0x6cf5, 0x8606, 0xeab4, 0x1790, 0x0299, 0x2124,
    0x2f6b, 0xade8, 0xc476, 0x14a9, 0xef8e, 0x869a, 0x63a3, 0x6a5a,
    0x7ba7, 0xdcc1, 0x6ffb, 0x59ba, 0x7da7, 0xa9fd, 0x53b7, 0xc00d,
    0x86ca, 0xc848, 0x73d9, 0x8e73, 0xba01, 0xf0b8, 0x498b, 0xe805,
    0xa44a, 0x1b64, 0x02d6, 0x0c41, 0x75d9, 0x2620, 0x2f5f, 0x1f23,
    0x352b, 0x5ee1, 0xfab2, 0xd204, 0x94bd, 0xa7d5, 0xba7a, 0xe0f1,
    0x61e1, 0x0a01, 0x0099, 0xf587, 0x6eb4, 0x88a9, 0xbcb2, 0x1205,
    0xa0fd, 0x92fa, 0xad3d, 0xc4d6, 0x535c, 0xd001, 0x8394, 0x3267,
    0xb565, 0x2eab, 0xf410, 0x52ba, 0x6b0f, 0xd5ba, 0xa564, 0xd5c3,
    0x7be2, 0x08db, 0x7d0f, 0xe120, 0x9632, 0x18a3, 0x5419, 0x9cc3,
    0x9c64, 0x3e94, 0x17be, 0x5cdf, 0x7a1f, 0x0aae, 0xe18f, 0xc426,
    0x5877, 0x5d5a, 0x644d, 0x0d8a, 0x8b00, 0xf56a, 0xcde8, 0xbe31,
    0xa969, 0x6d29, 0x3f4f, 0x5ed2, 0x6fd8, 0x1e22, 0x934b, 0x5ff6,
    0x2959, 0x7596, 0x6233, 0x924b, 0x7535, 0x300c, 0x7570, 0xb550,
    0x3685, 0x09d1, 0x13a7, 0x5a1c, 0xbe5b, 0x574a, 0x5615, 0x127c,
    0x4a53, 0x76ec, 0x7660, 0xeb1e, 0xfab9, 0x89e2, 0x771c, 0x8945,
    0x0eb8, 0x6a56, 0x57d5, 0xefdd, 0x6773, 0x6b19, 0x2772, 0x98ea,
    0xef70, 0xdd09, 0xc7fe, 0x6b9d, 0x1993, 0x87a6, 0x529b, 0xd705,
    0xf76b, 0xa5ab, 0xf3ac, 0xfb3a, 0xd159, 0xc57f, 0x684e, 0x3d38,
    0xe56b, 0x8ea0, 0x669b, 0x53da, 0xdedc, 0x8b00, 0x94b2, 0x58b8,
    0xd12b, 0xcd32, 0x49cc, 0x9f95, 0xc2db, 0x521e, 0x1872, 0xc880,
    0x03ad, 0xc752, 0x039f, 0x3ba4, 0x84bd, 0xcdc4, 0xc6fd, 0x29c5,
    0x5e00, 0x7c1e, 0xa3d9, 0xa749, 0x8a16, 0x5635, 0xa59b, 0xa8de,
    0x9618, 0x5a8d, 0x4691, 0xd66b, 0x4ee6, 0xbf20, 0x4162, 0x9871,
    0xc4af, 0x1ce8, 0xdd28, 0xed77, 0x2840, 0x2323, 0xb598, 0xbd2f,
    0x6be8, 0x4fc8, 0x5b47, 0x1690, 0x0c71, 0xaae2, 0x11bc, 0x6ba0,
    0xba4d, 0x01c9, 0x16ec, 0x36cf, 0xa35c, 0xd5f2, 0x1338, 0x8a94,
    0x3a69, 0x930f, 0x9ce7, 0xca46, 0x5a5d, 0xca6d, 0x283d, 0x50ca,
    0x18ad, 0x13bd, 0xa5fc, 0x5950, 0x9bdd, 0x5f18, 0xf979, 0x71c4,
    0xa496, 0x1be8, 0x0421, 0x46bc, 0x050a, 0x021e, 0xe8f2, 0x4f44,
  
};
static const unsigned char kat_mldsa65_sig_ph256[] = {
    0x5f, 0x1b, 0xf9, 0x76, 0xda, 0x3c, 0xfa, 0xe8, 0x14, 0x23, 0x14, 0xd4,
    0xf4, 0x10, 0xc0, 0x8c, 0x1f, 0x35, 0x31, 0x9e, 0x64, 0xd5, 0x3c, 0x97,
    0xf3, 0x3c, 0x93, 0xad, 0x78, 0xfe, 0x99, 0x45, 0x9e, 0xdd, 0x88, 0x73,
    0x69, 0x49, 0x09, 0xd0, 0xd2, 0xfc, 0xf2, 0x94, 0xb2, 0x39, 0xb1, 0xf6,
    0x5b, 0x6e, 0xd7, 0x4a, 0x25, 0xb1, 0x45, 0x39, 0xe1, 0x5d, 0x81, 0xeb,
    0xd7, 0x7b, 0x8a, 0x66, 0x15, 0x8b, 0xe1, 0x29, 0x0b, 0x52, 0x96, 0x00,
    0x4b, 0x93, 0xbe, 0xe4, 0x33, 0x8f, 0x04, 0xb1, 0xc7, 0xaa, 0x88, 0x95,
    0x24, 0x36, 0x60, 0x1f, 0xda, 0xac, 0x71, 0x04, 0x34, 0xe0, 0x97, 0x72,
    0xa8, 0xc1, 0x8f, 0xc1, 0x00, 0x0d, 0x3a, 0x73, 0x17, 0xd2, 0xb3, 0xed,
    0xc3, 0x87, 0x19, 0x3a, 0xee, 0x1c, 0x81, 0x18, 0x3b, 0xe4, 0x16, 0xd2,
    0xaa, 0xa7, 0x20, 0x22, 0xce, 0xfd, 0xaa, 0xd6, 0x42, 0xd5, 0x23, 0x7b,
    0x79, 0xa3, 0x8d, 0xa4, 0x4c, 0x05, 0xc0, 0x20, 0xa1, 0xd0, 0xb3, 0x10,
    0x02, 0x28, 0xee, 0xc1, 0xeb, 0xe9, 0x24, 0x2e, 0xb7, 0xba, 0xc1, 0x3e,
    0xf3, 0x1f, 0x3c, 0x00, 0x38, 0x4e, 0xfc, 0x98, 0x32, 0x16, 0x2e, 0xd3,
    0x14, 0xd1, 0x42, 0x0e, 0x21, 0xec, 0x80, 0xff, 0xb1, 0xd3, 0x5a, 0x42,
    0xdb, 0xe2, 0xf0, 0x3e, 0x90, 0x5c, 0x51, 0x9a, 0xa2, 0xce, 0x5d, 0xdd,
    0x01, 0xea, 0x56, 0x38, 0xa6, 0x27, 0x71, 0x8e, 0xe8, 0x47, 0x7d, 0xa2,
    0x66, 0x5a, 0x5d, 0x43, 0x1d, 0x21, 0xfb, 0x01, 0xf6, 0xd2, 0xc1, 0xb9,
    0xfd, 0x03, 0x9c, 0xa3, 0xec, 0xc0, 0xf7, 0x5e, 0xf2, 0x6b, 0x24, 0xb8,
    0x5f, 0x19, 0x8c, 0x27, 0xae, 0x18, 0x5d, 0xbb, 0xfc, 0x24, 0x20, 0x24,
    0x18, 0xc0, 0xc6, 0x01, 0xc5, 0x4a, 0x8c, 0x2c, 0xac, 0xa1, 0x1e, 0xa6,
    0xc3, 0x5a, 0x9a, 0x94, 0x55, 0x14, 0x83, 0xb0, 0x35, 0x57, 0x28, 0x31,
    0x12, 0x30, 0xd3, 0xb9, 0x94, 0x0d, 0xad, 0xca, 0x71, 0x1c, 0x09, 0x5f,
    0x75, 0xfd, 0xcd, 0x66, 0x89, 0x15, 0xd4, 0x6e, 0x3e, 0x75, 0x51, 0xeb,
    0x48, 0x2f, 0x0d, 0x78, 0x8d, 0x80, 0x71, 0xf0, 0xfb, 0xd3, 0x45, 0x57,
    0x0e, 0x8e, 0x77, 0x76, 0x9c, 0x77, 0xcc, 0x34, 0xf2, 0x29, 0xbd, 0x4b,
    0xa9, 0x35, 0xa3, 0xd4, 0xc2, 0xf2, 0xb9, 0x40, 0x01, 0xf5, 0xbd, 0xc8,
    0x27, 0x04, 0x7b, 0xeb, 0x02, 0x8c, 0x4f, 0xc1, 0x17, 0xe3, 0x6d, 0x34,
    0x39, 0xfb, 0x04, 0xd1, 0x5f, 0x2d, 0x64, 0xe1, 0x6f, 0x0e, 0x0a, 0xcd,
    0xcd, 0xca, 0x89, 0xcc, 0xf2, 0x17, 0x6e, 0x7e, 0x48, 0xc0, 0x75, 0x5a,
    0x8d, 0x85, 0xaf, 0x01, 0x4e, 0x41, 0x25, 0x87, 0x24, 0x8a, 0x0e, 0xba,
    0x4c, 0xfc, 0x21, 0x6f, 0x7f, 0x7e, 0x02, 0x9d, 0x4c, 0x3c, 0x91, 0x5f,
    0x33, 0x06, 0x6d, 0x02, 0xf5, 0x87, 0xa6, 0x59, 0xa5, 0xb4, 0xe8, 0x79,
    0x92, 0x5a, 0xc0, 0x4b, 0x75, 0x58, 0xf1, 0x53, 0xf7, 0x6f, 0x91, 0x27,
    0x54, 0x34, 0x3a, 0xaf, 0x92, 0x17, 0x45, 0x24, 0x47, 0x79, 0x2b, 0xc3,
    0x0a, 0xab, 0xc2, 0xcd, 0xe7, 0x77, 0x71, 0x77, 0x87, 0x19, 0xde, 0x0e,
    0x3b, 0x1f, 0xac, 0xc3, 0xcb, 0x7b, 0xb8, 0x15, 0x00, 0x39, 0x3a, 0xcd,
    0x52, 0xe4, 0x02, 0xdd, 0x09, 0x0e, 0xd5, 0x41, 0x48, 0x4c, 0x08, 0x0f,
    0x94, 0xea, 0xdf, 0x35, 0xb5, 0x1d, 0x80, 0xf4, 0xa3, 0xdc, 0x5f, 0xbf,
    0x4c, 0x65, 0x27, 0x47, 0xef, 0x72, 0x13, 0x1f, 0xb9, 0x88, 0x85, 0xb2,
    0xef, 0xd2, 0xa0, 0xad, 0xae, 0xee, 0x13, 0x3c, 0xdb, 0x89, 0x5f, 0x78,
    0x45, 0xc7, 0xf3, 0x9d, 0x9e, 0xb4, 0x86, 0xbe, 0xd1, 0x56, 0xa2, 0x25,
    0x79, 0x82, 0x61, 0x29, 0x1d, 0x6e, 0xb8, 0x4c, 0xb6, 0xa8, 0xac, 0x34,
    0x14, 0x05, 0xb9, 0x58, 0xe2, 0x8a, 0x11, 0x44, 0xcc, 0xc8, 0x31, 0x8b,
    0xa4, 0xc0, 0x25, 0x54, 0x9f, 0x2d, 0x8b, 0x8e, 0x25, 0x9e, 0xd9, 0xcf,
    0xf2, 0xc0, 0x05, 0x11, 0xba, 0x90, 0x3b, 0x86, 0x35, 0xf9, 0x5d, 0x19,
    0x7e, 0x01, 0xdc, 0x40, 0x23, 0xe5, 0x2a, 0x5e, 0xc5, 0x01, 0x01, 0x46,
    0xdc, 0xbe, 0x9b, 0x01, 0xab, 0xd7, 0x6e, 0xb7, 0xc8, 0xd2, 0xe1, 0x39,
    0xe9, 0x8a, 0x50, 0x16, 0xc7, 0xef, 0x11, 0xff, 0xc4, 0xc3, 0xc5, 0x5c,
    0xfd, 0x41, 0xf6, 0xcd, 0xc3, 0x6a, 0x53, 0x27, 0xf6, 0x99, 0xcb, 0xb0,
    0x4a, 0x5b, 0x77, 0xbb, 0x71, 0x68, 0x20, 0x1e, 0xf2, 0x34, 0x6d, 0x1c,
    0xdd, 0xda, 0xef, 0x88, 0xb4, 0x06, 0x0f, 0x73, 0xcc, 0x54, 0x6a, 0x18,
    0x1b, 0xbc, 0x8d, 0xdb, 0xda, 0xc2, 0x56, 0xf2, 0x79, 0x3b, 0x93, 0xcb,
    0xe2, 0xcf, 0x3a, 0xad, 0x67, 0xb7, 0x72, 0x43, 0x4b, 0x90, 0x56, 0xed,
    0x14, 0x6c, 0x0d, 0x97, 0xe8, 0x5d, 0x09, 0x71, 0xf1, 0xfd, 0x65, 0x15,
    0x07, 0x74, 0x12, 0x2b, 0xd7, 0x12, 0x6f, 0x81, 0x37, 0x96, 0x6b, 0x33,
    0x3c, 0x95, 0x30, 0x41, 0x7e, 0xdf, 0x3b, 0xad, 0x67, 0x43, 0x69, 0x40,
    0xda, 0x9e, 0xf5, 0x8c, 0xe1, 0xd9, 0x2f, 0xda, 0x6c, 0xff, 0xe3, 0xbf,
    0xaf, 0xbc, 0x42, 0xc0, 0x9c, 0x38, 0xad, 0xd3, 0x4a, 0x25, 0xc0, 0xfe,
    0xe1, 0xb9, 0xa8, 0x19, 0xae, 0x65, 0x06, 0x52, 0xaa, 0xe8, 0x40, 0xab,
    0x43, 0xa7, 0xa9, 0xe1, 0xac, 0x07, 0x46, 0xd9, 0xfd, 0x53, 0x1b, 0xbe,
    0x6c, 0x30, 0x56, 0x14, 0x09, 0x8e, 0xda, 0x34, 0x0b, 0x9f, 0x7c, 0x97,
    0x67, 0x60, 0x99, 0x59, 0x6a, 0x8d, 0x92, 0x19, 0x7d, 0xd1, 0x09, 0x0d,
    0x15, 0x1e, 0x15, 0x9e, 0xc2, 0x3a, 0x0e, 0x01, 0x22, 0x13, 0x7b, 0x0e,
    0xf3, 0x55, 0xe7, 0x1d, 0x42, 0x2e, 0x85, 0x3e, 0xf2, 0x7b, 0xa2, 0x58,
    0xfa, 0xce, 0x77, 0xc0, 0xcc, 0x06, 0x89, 0x6d, 0x6f, 0x1b, 0x42, 0xe9,
    0xa8, 0x4f, 0x8c, 0x2f, 0x3b, 0x9b, 0x58, 0x73, 0x59, 0x3e, 0x58, 0x6d,
    0x47, 0x92, 0xed, 0xac, 0x0d, 0x43, 0x97, 0x40, 0xe9, 0x8c, 0x64, 0x87,
    0x74, 0x31, 0x40, 0x42, 0xbc, 0x69, 0x6f, 0x90, 0xc6, 0x58, 0x64, 0x53,
    0x38, 0xb8, 0xf3, 0xc6, 0xf2, 0xf0, 0xaf, 0x97, 0x7c, 0xe3, 0x7f, 0x5f,
    0x10, 0xf8, 0x07, 0xbf, 0xc1, 0x29, 0xe7, 0xa0, 0xb2, 0xbb, 0x59, 0x48,
    0xa4, 0x59, 0x3b, 0x8b, 0x37, 0x13, 0x22, 0x63, 0xa1, 0x9b, 0x77, 0xfa,
    0x6d, 0x0b, 0x3c, 0xfe, 0x0d, 0x8b, 0x4d, 0x9d, 0xe3, 0x48, 0x65, 0x06,
    0xd5, 0xf6, 0xba, 0xa7, 0xb8, 0x52, 0xa9, 0xab, 0xd0, 0x05, 0x0d, 0xa8,
    0x44, 0xd3, 0x69, 0xc9, 0xb2, 0xf4, 0x88, 0xd7, 0xe6, 0xcd, 0x1a, 0x3e,
    0x55, 0xd7, 0x6b, 0x5c, 0xfe, 0xfa, 0x78, 0x94, 0x9c, 0xc9, 0xaf, 0xc6,
    0x8b, 0x98, 0x32, 0x38, 0xef, 0xe6, 0xd1, 0xd1, 0x65, 0x36, 0xde, 0x78,
    0x4f, 0x64, 0x15, 0xaa, 0x3a, 0xc4, 0xed, 0x41, 0xc8, 0xfc, 0x5a, 0x26,
    0xb5, 0xbc, 0xfc, 0x1a, 0x31, 0x56, 0x04, 0x9f, 0xe6, 0x49, 0xb4, 0x2b,
    0xd1, 0xf6, 0x47, 0xde, 0xdc, 0x69, 0xa3, 0x40, 0x53, 0xbe, 0x20, 0xbf,
    0xd2, 0x18, 0xed, 0xf3, 0x0a, 0x72, 0xb9, 0xd4, 0x70, 0x81, 0x97, 0x9a,
    0xff, 0x98, 0x19, 0xb7, 0x5e, 0x96, 0x70, 0xbe, 0x54, 0x4c, 0x25, 0x88,
    0x0b, 0x02, 0x39, 0x49, 0x0e, 0x7f, 0x02, 0xa3, 0xac, 0xe7, 0x6d, 0x06,
    0x35, 0xd2, 0x26, 0xc2, 0xb0, 0xf8, 0x63, 0xd9, 0xde, 0xf4, 0xb6, 0xc2,
    0x9e, 0x56, 0x7c, 0x1f, 0xee, 0x91, 0x1f, 0x98, 0xf2, 0x32, 0xdd, 0x7a,
    0x66, 0x18, 0x0e, 0xbc, 0xbb, 0x80, 0x94, 0x13, 0x82, 0x98, 0xc0, 0x32,
    0x11, 0x13, 0x24, 0x65, 0x7a, 0x67, 0xd3, 0x3c, 0xc9, 0x4f, 0x50, 0xf0,
    0xa8, 0x42, 0xa1, 0xb6, 0x3d, 0xf4, 0x2c, 0xd8, 0x14, 0xc6, 0xb5, 0x76,
    0xa4, 0x79, 0x0c, 0xc1, 0x03, 0x91, 0x3f, 0x41, 0x37, 0x69, 0x90, 0x33,
    0x1c, 0xa5, 0x3e, 0x88, 0x89, 0x53, 0x9c, 0x29, 0x9e, 0xfc, 0x2f, 0xa1,
    0x0e, 0x57, 0x9d, 0x41, 0x7e, 0xbf, 0x0c, 0x67, 0x90, 0x2a, 0xc7, 0x2e,
    0xcb, 0x99, 0x9b, 0x01, 0xc4, 0x4e, 0xaf, 0x86, 0xce, 0xfb, 0x2e, 0x26,
    0x95, 0x71, 0xc4, 0xfa, 0xec, 0x42, 0x70, 0x9f, 0x96, 0x81, 0x3a, 0xa8,
    0x56, 0x7a, 0x4b, 0x73, 0x7d, 0xe1, 0xb5, 0x10, 0xdd, 0x50, 0x39, 0x4b,
    0x78, 0x74, 0xad, 0x2f, 0xc5, 0x2f, 0x75, 0xdf, 0x96, 0x9a, 0xd0, 0x50,
    0x0c, 0x9d, 0x5a, 0x0c, 0xed, 0xd6, 0xcc, 0x93, 0x83, 0x90, 0xe7, 0x9a,
    0x82, 0xb6, 0x9c, 0xba, 0xa2, 0xb4, 0xe0, 0x44, 0x3d, 0x97, 0x14, 0xf2,
    0x99, 0x41, 0x8e, 0x25, 0x31, 0x39, 0xe8, 0xf8, 0x00, 0xac, 0x2a, 0x06,
    0xb4, 0xb3, 0x36, 0x66, 0xd5, 0x06, 0x5e, 0x1b, 0x08, 0xa2, 0x09, 0x8e,
    0x7f, 0x98, 0xcd, 0x66, 0x0b, 0xcb, 0x82, 0x4d, 0xd5, 0x23, 0x40, 0x42,
    0xcb, 0x6a, 0x72, 0x60, 0x3c, 0xf6, 0xa9, 0xa0, 0xf4, 0xbd, 0xd4, 0xd6,
    0xb1, 0x7c, 0x2c, 0x5e, 0x2e, 0xf4, 0xa9, 0x22, 0x87, 0xf4, 0x58, 0x12,
    0xbc, 0x7c, 0x17, 0xec, 0x34, 0x75, 0xf4, 0x15, 0x2b, 0xc4, 0x9b, 0x2a,
    0x0c, 0x17, 0x49, 0x1d, 0x01, 0xd1, 0x7b, 0x76, 0x35, 0x5e, 0x56, 0x7a,
    0x5d, 0x34, 0x12, 0x6a, 0x3e, 0xcc, 0xad, 0xfb, 0x88, 0x75, 0x1c, 0x4f,
    0x5d, 0xc5, 0x53, 0x38, 0xb2, 0xe9, 0x31, 0x2d, 0x74, 0x35, 0xd0, 0x95,
    0xa3, 0xf8, 0xc4, 0xfd, 0x1d, 0xac, 0x15, 0x0a, 0xc1, 0x3e, 0xe2, 0x38,
    0x93, 0xfd, 0x0f, 0x88, 0x9f, 0xe5, 0x6c, 0x0f, 0x34, 0x07, 0x47, 0x9d,
    0x0d, 0x62, 0x50, 0x14, 0x6f, 0x24, 0xc3, 0x1e, 0xd9, 0x3f, 0x1b, 0x58,
    0x61, 0x91, 0xc4, 0x90, 0x16, 0x00, 0xb9, 0x98, 0x94, 0xe4, 0x40, 0x05,
    0x0b, 0x73, 0x7f, 0xb0, 0x4a, 0x19, 0x0e, 0x8c, 0x34, 0xab, 0x99, 0x86,
    0x4f, 0x6d, 0x3d, 0x91, 0xcd, 0xd1, 0x04, 0xf5, 0x23, 0x97, 0xd8, 0x54,
    0xba, 0xfe, 0x10, 0x82, 0x8e, 0x4e, 0xd8, 0xfc, 0x1b, 0xe9, 0x29, 0x6d,
    0x7c, 0x78, 0x39, 0xec, 0x63, 0x39, 0x67, 0x8c, 0x55, 0xdd, 0x28, 0xb9,
    0x93, 0x0d, 0x46, 0x71, 0xc3, 0x31, 0x62, 0x79, 0x66, 0x1b, 0xbd, 0x93,
    0x79, 0x10, 0xfd, 0xef, 0xae, 0xf8, 0xa5, 0x75, 0x90, 0xe3, 0x79, 0x54,
    0x30, 0x5c, 0x4d, 0x58, 0x22, 0xb3, 0xd1, 0x8f, 0xa7, 0xc6, 0xe7, 0xa6,
    0x29, 0x62, 0x1d, 0x30, 0x81, 0xb7, 0xa9, 0xfc, 0xaa, 0x64, 0x3d, 0xba,
    0x1c, 0x30, 0x3b, 0x03, 0x8e, 0x83, 0x87, 0xfe, 0x1e, 0xdc, 0x33, 0x07,
    0x42, 0x14, 0x74, 0xcf, 0x80, 0xab, 0x19, 0x92, 0x4f, 0x20, 0x74, 0xcf,
    0xc7, 0xbe, 0x92, 0xf2, 0x0b, 0xcc, 0xbe, 0xbf, 0x2f, 0x81, 0x01, 0x7a,
    0xba, 0x9b, 0x34, 0x38, 0x5a, 0x86, 0xb4, 0xa9, 0x6e, 0xaa, 0xd5, 0x5b,
    0xe3, 0x45, 0x4c, 0x54, 0x19, 0x28, 0x38, 0x28, 0x40, 0x42, 0xef, 0x07,
    0xa3, 0xfb, 0x96, 0x6f, 0x10, 0x63, 0x07, 0x46, 0xf5, 0x04, 0xb2, 0x05,
    0xe5, 0xe9, 0x28, 0xac, 0x12, 0xf0, 0x76, 0xa7, 0x0e, 0x70, 0x39, 0x1f,
    0x2d, 0xfe, 0x5f, 0x99, 0x67, 0x38, 0xd9, 0x2c, 0x66, 0x59, 0xef, 0x08,
    0x1f, 0x14, 0x55, 0xb9, 0x38, 0x32, 0xef, 0xc2, 0xdc, 0xbe, 0xad, 0xaa,
    0xf5, 0xa4, 0x5e, 0xa8, 0xa6, 0xc8, 0x11, 0xff, 0x14, 0x6e, 0xba, 0xe0,
    0xd6, 0x70, 0x2e, 0xb3, 0x6a, 0x01, 0x5a, 0x90, 0x1d, 0xfc, 0x32, 0x8d,
    0x86, 0x2c, 0x39, 0x42, 0xc8, 0x65, 0xa0, 0xcf, 0x5b, 0xc2, 0xd6, 0x12,
    0x9c, 0x31, 0x85, 0xff, 0x22, 0x8e, 0x0d, 0x21, 0x2a, 0xab, 0x30, 0xd8,
    0x91, 0x67, 0x13, 0x62, 0x16, 0xe3, 0x30, 0x35, 0x86, 0x17, 0x07, 0x11,
    0xee, 0x4a, 0x9c, 0xea, 0x2c, 0x60, 0x1a, 0x34, 0x22, 0x46, 0x7f, 0x4f,
    0x9b, 0xfd, 0x3f, 0xf7, 0x34, 0x88, 0x08, 0x8c, 0x89, 0xa2, 0xfa, 0x2d,
    0x3f, 0xa9, 0xd4, 0x26, 0x9a, 0x6e, 0xa1, 0x85, 0x64, 0xea, 0xe0, 0xe8,
    0x0d, 0x73, 0xb7, 0x66, 0x0a, 0xb4, 0x71, 0x4e, 0x1e, 0xb9, 0x8e, 0x32,
    0x90, 0x7e, 0x53, 0xd9, 0x0a, 0x46, 0xc7, 0x53, 0xd4, 0x38, 0xc5, 0xf6,
    0x93, 0xb4, 0xf4, 0xcb, 0xaf, 0x1c, 0xf5, 0xc3, 0xbe, 0x3e, 0x18, 0xc9,
    0x7b, 0x8a, 0x85, 0x8a, 0x04, 0x31, 0x00, 0xcd, 0x59, 0xf9, 0x0f, 0x11,
    0x5d, 0xc3, 0x8c, 0x2e, 0x06, 0xee, 0xb4, 0x9b, 0xc9, 0x42, 0x1b, 0xe0,
    0x8a, 0x27, 0x14, 0x13, 0x5c, 0x9c, 0x5a, 0x65, 0xee, 0x9d, 0x13, 0xe5,
    0x33, 0x5b, 0x5a, 0x3b, 0x39, 0x8c, 0x68, 0xb1, 0xd4, 0xac, 0x0c, 0xd6,
    0xf2, 0x5c, 0xa9, 0xe1, 0x0d, 0xce, 0xee, 0x5c, 0x86, 0xd8, 0x98, 0x25,
    0x18, 0x17, 0x52, 0xe6, 0x8c, 0x3f, 0x04, 0x55, 0x21, 0x0b, 0x7a, 0xa3,
    0xd8, 0x0d, 0x5c, 0x3e, 0x93, 0xc4, 0x9c, 0x55, 0x33, 0x67, 0xcb, 0x11,
    0x1e, 0x07, 0xc6, 0xc2, 0xd1, 0x02, 0xf5, 0xbb, 0x08, 0xbe, 0x3f, 0x12,
    0x4e, 0x92, 0x07, 0x11, 0xc6, 0xf0, 0x15, 0xf9, 0x95, 0x21, 0x93, 0x6e,
    0x7e, 0x81, 0x9b, 0x54, 0x5f, 0xae, 0x2e, 0x30, 0x4f, 0x50, 0x06, 0x79,
    0x1d, 0xcd, 0x86, 0x57, 0x16, 0x68, 0x0d, 0x02, 0x74, 0x19, 0xbd, 0x82,
    0xaf, 0x33, 0xe4, 0x19, 0x8d, 0x20, 0x4a, 0x81, 0xaf, 0x8c, 0xc9, 0xce,
    0x76, 0x45, 0xc2, 0x0f, 0x70, 0x95, 0x55, 0x8c, 0x8e, 0x22, 0x94, 0x1d,
    0x1f, 0x34, 0x69, 0xbc, 0xef, 0x50, 0xdb, 0x25, 0xb9, 0xc1, 0x56, 0x85,
    0x5d, 0x7c, 0x24, 0xf4, 0x93, 0x6c, 0xa5, 0xc9, 0xe3, 0x27, 0x7b, 0x8b,
    0xf3, 0x1e, 0x3c, 0xbc, 0xde, 0xd1, 0x97, 0x75, 0x40, 0x05, 0xc1, 0x27,
    0x95, 0xa5, 0x25, 0xbc, 0x00, 0xab, 0x3a, 0x73, 0x63, 0xbd, 0x22, 0x65,
    0x69, 0x03, 0x3a, 0x95, 0xc4, 0xc1, 0xdb, 0x0e, 0xd4, 0x62, 0x8b, 0xb3,
    0xe0, 0xa3, 0xce, 0x9f, 0x7a, 0x41, 0x03, 0x20, 0xf3, 0x00, 0x31, 0x07,
    0x2b, 0xdc, 0x41, 0x6a, 0xdd, 0xd3, 0xdf, 0xab, 0x64, 0x9f, 0x0e, 0x15,
    0x85, 0x89, 0x12, 0x61, 0x53, 0x55, 0xdd, 0xd8, 0xc3, 0x2e, 0xa0, 0xea,
    0x1d, 0xca, 0x47, 0x40, 0x70, 0xda, 0x1f, 0x2a, 0x47, 0x4c, 0x47, 0x14,
    0x27, 0x91, 0x86, 0x5c, 0x44, 0xd8, 0xd1, 0x86, 0x80, 0xce, 0x80, 0xd3,
    0x7b, 0x70, 0x77, 0x60, 0xb2, 0x13, 0xab, 0x1b, 0x6b, 0xb5, 0xfc, 0x92,
    0x82, 0x92, 0xfc, 0x01, 0xaf, 0xd4, 0x7e, 0xc7, 0xe1, 0x79, 0x1e, 0x47,
    0x76, 0x95, 0x2c, 0xea, 0x0c, 0xf0, 0x41, 0xbd, 0x94, 0xa0, 0xe1, 0xc6,
    0x0d, 0x78, 0xe3, 0x10, 0x98, 0xfd, 0xe8, 0xca, 0x7a, 0x00, 0x56, 0x5a,
    0x2c, 0xb9, 0x0b, 0x89, 0xd2, 0x49, 0x36, 0xfb, 0x8f, 0xa1, 0x10, 0xdd,
    0xbc, 0xb8, 0x9e, 0x24, 0xd1, 0x85, 0x1f, 0x09, 0x8c, 0xf0, 0x5e, 0xc2,
    0xcc, 0x40, 0xb2, 0xaa, 0x0b, 0x97, 0x75, 0x63, 0x86, 0x27, 0xf4, 0x78,
    0x1e, 0x65, 0x45, 0x01, 0x11, 0x36, 0x86, 0xe3, 0x4d, 0xd6, 0xef, 0x1a,
    0xe3, 0xd7, 0xc9, 0xda, 0x57, 0xe1, 0x5b, 0xef, 0x7c, 0xb8, 0xae, 0x30,
    0x25, 0x86, 0x44, 0x34, 0x80, 0x17, 0xc3, 0x4c, 0x97, 0x02, 0x14, 0x72,
    0xf3, 0xf2, 0xe9, 0x93, 0x06, 0xb0, 0x4e, 0x8a, 0x53, 0x9f, 0x0e, 0xae,
    0xc7, 0xf3, 0x11, 0xa0, 0x3c, 0xad, 0x26, 0x7b, 0x63, 0x61, 0x91, 0x99,
    0x9e, 0x93, 0x2e, 0xda, 0x7b, 0x3a, 0x1e, 0xfd, 0xcb, 0x10, 0xc6, 0x8b,
    0x13, 0x97, 0xf6, 0x00, 0x19, 0xd1, 0x03, 0x0d, 0x92, 0xc4, 0x64, 0xfb,
    0x5e, 0x8d, 0xda, 0x61, 0xe6, 0x95, 0xb8, 0x5b, 0xcb, 0x73, 0xc4, 0xe5,
    0x32, 0x4f, 0x50, 0x75, 0x96, 0xcd, 0xe7, 0x52, 0xa6, 0x2f, 0x37, 0x37,
    0x50, 0x90, 0x19, 0xcd, 0x47, 0x4e, 0x93, 0x34, 0x06, 0x42, 0x76, 0x7d,
    0x48, 0x1d, 0x10, 0xae, 0xb1, 0xfb, 0x0a, 0x60, 0x3d, 0xbc, 0x55, 0x92,
    0x47, 0x74, 0x75, 0x85, 0xa6, 0xc5, 0xb0, 0x36, 0xff, 0xe1, 0x7a, 0xbc,
    0x18, 0x9f, 0x0b, 0x61, 0x0d, 0xe8, 0x8a, 0x26, 0x2d, 0x6d, 0xf3, 0x58,
    0xba, 0xdd, 0x14, 0x18, 0x93, 0xf8, 0x0d, 0xd0, 0x10, 0x47, 0x65, 0x31,
    0xc4, 0x32, 0x73, 0x3e, 0x34, 0xc8, 0x1a, 0xaf, 0xc6, 0x09, 0xd5, 0xb7,
    0xd9, 0x31, 0x24, 0x22, 0xda, 0xc8, 0xde, 0x0b, 0xe2, 0x1a, 0x43, 0x86,
    0x82, 0xd1, 0xf6, 0x06, 0xdf, 0x26, 0x68, 0xa8, 0xc0, 0xbd, 0xa5, 0x1b,
    0xdc, 0x36, 0x33, 0x81, 0x2d, 0x61, 0x69, 0xb4, 0x3d, 0xfd, 0x60, 0xe4,
    0x63, 0x97, 0xa2, 0xef, 0x3c, 0x6b, 0x90, 0x47, 0xef, 0x05, 0xec, 0x14,
    0x08, 0x79, 0x90, 0xe1, 0xe6, 0x1a, 0x45, 0x95, 0xaf, 0x85, 0x49, 0xc4,
    0x14, 0xfc, 0xce, 0x4e, 0xb2, 0x75, 0x77, 0xec, 0x85, 0x19, 0x20, 0xd1,
    0xbd, 0x54, 0x71, 0xe7, 0x51, 0x28, 0xca, 0xb1, 0x56, 0x2d, 0x10, 0x59,
    0x71, 0xfa, 0xd3, 0xd3, 0xaa, 0x95, 0x4d, 0x44, 0x96, 0x6e, 0x5b, 0xcf,
    0xe0, 0x54, 0xb1, 0x46, 0x8d, 0xee, 0xd4, 0xd3, 0x7b, 0xa3, 0xff, 0x1b,
    0xdd, 0xed, 0x81, 0xed, 0x9a, 0xbe, 0x99, 0x3a, 0xdd, 0x82, 0xd2, 0x30,
    0x14, 0x73, 0xfe, 0x89, 0x22, 0xcb, 0x83, 0xe0, 0x6e, 0x24, 0x14, 0xa4,
    0xea, 0x1b, 0x2c, 0x87, 0x85, 0xa2, 0x2b, 0x7b, 0x93, 0x26, 0xf2, 0xc7,
    0xd7, 0xb3, 0x98, 0xe3, 0x97, 0x87, 0x2d, 0xe6, 0xdb, 0x6e, 0x99, 0x7b,
    0xc0, 0xf7, 0xcb, 0x98, 0x47, 0xe4, 0x03, 0x79, 0x9d, 0x61, 0x3a, 0xa6,
    0x39, 0xa3, 0x50, 0xa8, 0xf6, 0x3f, 0x69, 0x31, 0xb8, 0x83, 0x55, 0xf6,
    0xf6, 0xaf, 0x84, 0xd1, 0xbc, 0xc6, 0xc2, 0x82, 0xfd, 0xac, 0x80, 0x70,
    0x9e, 0xa4, 0xd7, 0xcc, 0xec, 0xd7, 0x4f, 0xb3, 0x89, 0x89, 0x7c, 0x16,
    0xdc, 0xd7, 0x31, 0xa5, 0x3d, 0x4a, 0xb2, 0x42, 0x2b, 0xbf, 0x26, 0xb6,
    0xe5, 0x56, 0x31, 0x10, 0x78, 0x8a, 0xc6, 0x0c, 0x79, 0xc6, 0x8f, 0xac,
    0x9d, 0x01, 0x9d, 0x52, 0xcf, 0xc4, 0x65, 0xe5, 0xa1, 0x67, 0xa7, 0x42,
    0xb1, 0x2b, 0xe2, 0x7d, 0xd4, 0x2b, 0x13, 0x9a, 0x82, 0x62, 0x67, 0x4f,
    0x2e, 0xd4, 0x20, 0x80, 0x68, 0x3b, 0xde, 0xce, 0x02, 0x25, 0xea, 0x81,
    0xfb, 0x1c, 0x26, 0x79, 0x48, 0x35, 0xd3, 0xd1, 0x8d, 0x2d, 0x4b, 0x0d,
    0xcf, 0x07, 0xc0, 0xb2, 0x7d, 0x44, 0x15, 0x23, 0x53, 0x3a, 0x00, 0xda,
    0x91, 0x2f, 0x69, 0x40, 0xb8, 0x28, 0x8e, 0xfb, 0x57, 0xc0, 0x10, 0x47,
    0xeb, 0x99, 0x76, 0xe5, 0x7c, 0x2a, 0xab, 0x57, 0x0a, 0xc7, 0x69, 0x13,
    0x0f, 0x1b, 0xc0, 0xa5, 0x78, 0x86, 0x87, 0x8a, 0x3f, 0x02, 0x41, 0x22,
    0x0c, 0xd9, 0x99, 0xb7, 0x12, 0x9b, 0xd2, 0x58, 0xba, 0x9b, 0xbc, 0x7d,
    0x54, 0x68, 0xab, 0x80, 0x0d, 0x41, 0x10, 0x85, 0x6e, 0xf8, 0x8a, 0x3b,
    0x42, 0x93, 0x44, 0x5b, 0x45, 0xdc, 0x21, 0xf6, 0x42, 0x07, 0xb5, 0x8a,
    0x14, 0x8b, 0x10, 0x0a, 0x75, 0x27, 0xa3, 0xcf, 0xf2, 0x79, 0x1c, 0x6d,
    0x26, 0xa8, 0x2b, 0x9c, 0xcf, 0xfb, 0xec, 0x80, 0x84, 0xb4, 0xc7, 0x21,
    0xbf, 0x26, 0xd5, 0xdf, 0x4c, 0xcf, 0x5d, 0x12, 0xbd, 0x42, 0xf0, 0xa0,
    0x2e, 0x63, 0x4f, 0xd9, 0xae, 0x1b, 0x16, 0xb1, 0x23, 0xc0, 0x54, 0xd4,
    0x40, 0x5b, 0x8f, 0xc7, 0xc9, 0x57, 0x4d, 0xd0, 0xf8, 0x2c, 0x8e, 0xaf,
    0x93, 0xc8, 0xd0, 0xd7, 0xc2, 0x01, 0xa9, 0xd0, 0xd1, 0xb1, 0xe5, 0x56,
    0x83, 0x69, 0x1b, 0x3e, 0x94, 0x7a, 0x14, 0x25, 0x88, 0xd5, 0xe3, 0xfa,
    0x50, 0x70, 0xb6, 0x4a, 0x3c, 0x3a, 0xe8, 0x9e, 0x9e, 0x4a, 0xef, 0xd6,
    0xfe, 0x07, 0xa5, 0x2c, 0x15, 0x7c, 0x31, 0xba, 0xd1, 0x6d, 0xc4, 0x67,
    0x17, 0x38, 0xa8, 0x92, 0x60, 0x9a, 0x7b, 0xe3, 0x56, 0xcf, 0x0f, 0x78,
    0x99, 0x90, 0xe7, 0x86, 0xe9, 0x71, 0x25, 0xbf, 0x0f, 0xa0, 0x81, 0x37,
    0x88, 0xc4, 0x6b, 0x24, 0x49, 0x80, 0x0b, 0x8d, 0x21, 0xb7, 0xe7, 0x3f,
    0x46, 0x1f, 0xe7, 0x40, 0x33, 0xa5, 0xad, 0xa3, 0xe9, 0x8f, 0x82, 0x55,
    0x7b, 0x76, 0xde, 0x75, 0x08, 0xdc, 0x2e, 0x96, 0x40, 0x45, 0xb9, 0xcc,
    0x4c, 0x56, 0x3e, 0x69, 0xd9, 0x73, 0xc9, 0x05, 0x96, 0xc1, 0x30, 0x2d,
    0x3a, 0x90, 0x17, 0xd1, 0x59, 0xcb, 0xc3, 0x4c, 0x69, 0xbc, 0x92, 0x7f,
    0xe8, 0xf5, 0xca, 0x7b, 0x9c, 0xef, 0x0a, 0x29, 0xa8, 0x20, 0x49, 0xbb,
    0x15, 0x5d, 0xcf, 0x17, 0xaa, 0x50, 0xbe, 0xcc, 0x27, 0x3e, 0x56, 0xfd,
    0x34, 0x3a, 0x72, 0xf9, 0x48, 0x54, 0xd3, 0x9a, 0x50, 0xb5, 0x61, 0x22,
    0xa3, 0xf7, 0x21, 0x2e, 0x9a, 0x15, 0xca, 0x64, 0x47, 0x91, 0x30, 0xa4,
    0x4c, 0xfc, 0x09, 0x2e, 0xb7, 0xfd, 0x53, 0xd1, 0x6c, 0xe9, 0xac, 0x60,
    0xb7, 0xe9, 0xc5, 0x54, 0xee, 0xdf, 0x40, 0x0e, 0xa2, 0x31, 0x1b, 0x48,
    0x62, 0x1b, 0xf1, 0xef, 0x17, 0x71, 0x2a, 0x37, 0x6a, 0x1d, 0x68, 0xa5,
    0xea, 0x61, 0x49, 0x1e, 0x22, 0x31, 0x5f, 0xd9, 0xe2, 0xd8, 0xdc, 0x68,
    0x80, 0x36, 0x15, 0xe7, 0x2f, 0xe4, 0x62, 0x25, 0xbe, 0xb9, 0xfe, 0xd6,
    0xb2, 0x8f, 0xa7, 0x3c, 0xb3, 0x24, 0xd2, 0xf1, 0xa9, 0x66, 0x8a, 0xe8,
    0xa0, 0x97, 0x31, 0xa3, 0x3f, 0x97, 0x33, 0x93, 0xc8, 0xef, 0x07, 0x13,
    0x9d, 0x5a, 0x4f, 0xb4, 0x40, 0xc4, 0x52, 0x3b, 0x7e, 0xac, 0xe6, 0x36,
    0xc5, 0xda, 0xa3, 0xf6, 0x4e, 0x83, 0x1e, 0xd1, 0xa4, 0x52, 0x44, 0x37,
    0x02, 0x7a, 0x7d, 0xbe, 0x8a, 0xbf, 0x33, 0xe5, 0x08, 0x4f, 0xe0, 0x72,
    0xfb, 0x60, 0x09, 0x57, 0xbe, 0x13, 0xab, 0xc0, 0x5e, 0xc3, 0xe0, 0xb3,
    0x1b, 0xd9, 0xed, 0x5f, 0x3f, 0x32, 0xd2, 0x19, 0x06, 0xa8, 0xf6, 0x2e,
    0x02, 0x1e, 0xcf, 0x35, 0x6c, 0xa9, 0xea, 0x26, 0xaf, 0xd3, 0x51, 0xcd,
    0x2c, 0x8a, 0x2c, 0x01, 0x46, 0x0b, 0x28, 0xe8, 0xcd, 0x78, 0x5c, 0x33,
    0xdb, 0x97, 0x99, 0xd3, 0xe1, 0x47, 0x8b, 0x61, 0xc2, 0x68, 0x8d, 0x9c,
    0x57, 0x2a, 0xd3, 0x59, 0xc1, 0x6d, 0x26, 0x04, 0x83, 0x2a, 0x9c, 0x47,
    0xc6, 0x2f, 0x96, 0x73, 0x27, 0xed, 0xb7, 0x07, 0xc0, 0x33, 0x69, 0x77,
    0xde, 0x76, 0x5b, 0x46, 0x47, 0xb4, 0x65, 0xbb, 0x62, 0x25, 0xf9, 0x81,
    0xa2, 0xa9, 0xe6, 0xa2, 0x3a, 0x97, 0xbb, 0xe6, 0xfe, 0x8e, 0x2a, 0x29,
    0x7f, 0x62, 0xec, 0xa8, 0x4c, 0xb6, 0x21, 0xf0, 0x58, 0x9b, 0xd9, 0x7f,
    0x4c, 0x6b, 0xf5, 0x49, 0xa7, 0x0d, 0x4e, 0x9a, 0x85, 0xa3, 0x26, 0x70,
    0x37, 0x46, 0x88, 0xbc, 0xd9, 0x63, 0x86, 0x39, 0xf6, 0x75, 0x61, 0x0f,
    0x23, 0x8f, 0x71, 0x2c, 0xea, 0x48, 0x01, 0x7a, 0xe9, 0xfc, 0x3e, 0x0d,
    0x00, 0x24, 0x2b, 0x2f, 0x3f, 0x53, 0x18, 0xa0, 0xbd, 0x99, 0x91, 0xdc,
    0xc4, 0x0c, 0x4e, 0xce, 0xe4, 0x85, 0x80, 0x76, 0x63, 0x48, 0xfb, 0xaa,
    0xa1, 0x91, 0x06, 0x4d, 0xd0, 0x31, 0x4c, 0xb8, 0x77, 0x1e, 0x29, 0x24,
    0x28, 0xfb, 0x77, 0xe5, 0xe5, 0xaa, 0x51, 0x07, 0x84, 0xb8, 0xc3, 0xe3,
    0xb3, 0x69, 0xa4, 0xcc, 0x96, 0x6c, 0xeb, 0x1a, 0xa1, 0xfe, 0xc6, 0xd4,
    0x2e, 0x93, 0x93, 0x7e, 0xbd, 0x17, 0xf1, 0xf6, 0xa5, 0xb8, 0xb7, 0x2a,
    0xa2, 0xa1, 0x93, 0x2d, 0x5a, 0xe7, 0x69, 0xe2, 0x15, 0xf8, 0xcc, 0xa0,
    0xa3, 0x52, 0x5e, 0x97, 0xb8, 0xbb, 0xdf, 0xe3, 0x9c, 0x34, 0x83, 0x08,
    0x12, 0x57, 0x78, 0xd7, 0xb4, 0x61, 0x22, 0x32, 0x2c, 0x64, 0xf8, 0xe4,
    0xb8, 0xc1, 0x17, 0x4d, 0x9b, 0x0e, 0xa9, 0x5e, 0xbf, 0x03, 0x90, 0xb1,
    0x1a, 0x8a, 0x45, 0xbf, 0xca, 0xce, 0x25, 0xf0, 0x7d, 0x49, 0x2b, 0x6d,
    0x84, 0xee, 0xc8, 0xcd, 0x65, 0x03, 0xa6, 0x5c, 0xdb, 0x05, 0xe8, 0xa9,
    0xb9, 0xc5, 0x38, 0x02, 0x87, 0x74, 0x82, 0x58, 0x7f, 0xae, 0x4d, 0x70,
    0x4b, 0xf2, 0xdf, 0xa7, 0x63, 0xe7, 0x01, 0xfd, 0xcf, 0xae, 0xca, 0x25,
    0x4c, 0x54, 0x5e, 0x4b, 0xcc, 0x8f, 0x9e, 0xa8, 0x28, 0x2d, 0x3d, 0x4b,
    0x5f, 0x6a, 0x81, 0x93, 0xbd, 0xf9, 0x33, 0x3f, 0x6b, 0x7e, 0xc7, 0xe1,
    0x6c, 0x9c, 0xd6, 0xdc, 0x03, 0x05, 0x56, 0x8a, 0xa4, 0xaa, 0xfd, 0x00,
    0x08, 0x85, 0xae, 0xb0, 0xc4, 0xd4, 0xd7, 0x0a, 0x20, 0x4d, 0x67, 0xea,
    0x00, 0x00, 0x00, 0x00, 0x00, 0x00, 0x00, 0x00, 0x00, 0x00, 0x00, 0x00,
    0x00, 0x00, 0x00, 0x0a, 0x10, 0x14, 0x1b, 0x23, 0x28
};
static const unsigned char kat_mldsa65_sig_ph512[] = {
    0xb8, 0x7e, 0x63, 0x4c, 0x47, 0xd5, 0xf3, 0x65, 0x1a, 0xe8, 0x6c, 0x99,
    0x0b, 0x42, 0xca, 0x3b, 0x05, 0xa4, 0xdd, 0x47, 0x6d, 0xa5, 0x54, 0xe1,
    0x8a, 0xa1, 0x5e, 0x7c, 0x4a, 0xe4, 0x8d, 0xef, 0x5e, 0x09, 0xf8, 0xa3,
    0x0f, 0xf1, 0xcb, 0x6d, 0xe4, 0x28, 0x91, 0x0e, 0x38, 0x0d, 0x0e, 0x02,
    0xcc, 0x44, 0xbd, 0xfa, 0xf5, 0x06, 0xac, 0xc4, 0x05, 0xb6, 0xa7, 0x4e,
    0x2a, 0x1f, 0x33, 0x80, 0x13, 0xdf, 0xdc, 0xe1, 0x92, 0xf4, 0x56, 0x91,
    0xb6, 0xa2, 0x48, 0xfa, 0x5d, 0x13, 0x10, 0x86, 0xe6, 0x5d, 0x93, 0x15,
    0x8a, 0xf7, 0xef, 0x22, 0x1f, 0x44, 0x39, 0xe8, 0x2a, 0x15, 0x93, 0x38,
    0x28, 0x44, 0xc9, 0xfb, 0xf8, 0xe8, 0x00, 0x8f, 0x94, 0xae, 0x02, 0x21,
    0x55, 0xf6, 0x3c, 0xc8, 0xc6, 0x7e, 0x5d, 0x23, 0x3a, 0x25, 0x7c, 0xda,
    0x25, 0x2c, 0x3a, 0x52, 0xa8, 0x5a, 0x94, 0x43, 0xfb, 0xc8, 0x1e, 0xfa,
    0x94, 0x97, 0xc7, 0xbd, 0xe6, 0xbf, 0x4d, 0xd6, 0x76, 0x23, 0xf3, 0x32,
    0xfd, 0xb2, 0x6d, 0xf6, 0x47, 0xd5, 0xa4, 0xe1, 0xdb, 0xf8, 0x67, 0x64,
    0x0d, 0xec, 0x9c, 0x49, 0x76, 0x91, 0x2e, 0x10, 0x81, 0x67, 0x64, 0x6b,
    0xa8, 0x93, 0xc0, 0xba, 0xf5, 0x95, 0x8a, 0x3b, 0x7a, 0x43, 0xf4, 0x53,
    0x9a, 0xfb, 0x7f, 0x14, 0x3f, 0x99, 0xb0, 0xfd, 0x0d, 0xad, 0x25, 0xce,
    0x2d, 0x13, 0xa5, 0xac, 0x83, 0x34, 0x6f, 0xaf, 0xb3, 0xd3, 0x23, 0x08,
    0x33, 0xb0, 0x27, 0x86, 0x9a, 0xa8, 0x85, 0x75, 0x3e, 0xc0, 0x65, 0x5c,
    0x89, 0xbe, 0xeb, 0x55, 0x86, 0x47, 0x80, 0xb1, 0x9a, 0x0a, 0x78, 0x0e,
    0x66, 0xdf, 0x6e, 0x7c, 0x84, 0x1a, 0xa5, 0xef, 0x51, 0xcd, 0x59, 0x6e,
    0x0d, 0x75, 0x17, 0x0f, 0xa4, 0x4a, 0x59, 0x99, 0x07, 0x43, 0x15, 0x5e,
    0x52, 0x05, 0x24, 0x99, 0x31, 0xa4, 0x8f, 0xee, 0xf5, 0xa9, 0xd3, 0xa8,
    0xc0, 0x01, 0xba, 0x5d, 0x30, 0x27, 0x66, 0x98, 0x2b, 0x04, 0x14, 0x3b,
    0x25, 0x1d, 0x8e, 0xbc, 0x47, 0x95, 0x47, 0x34, 0xa1, 0x59, 0x39, 0x34,
    0xc6, 0xf6, 0xdc, 0xa2, 0x3e, 0xc2, 0xbc, 0xe6, 0x5b, 0xaf, 0xf8, 0xb9,
    0x0b, 0x44, 0xae, 0x98, 0x92, 0x51, 0x1a, 0x79, 0xb2, 0x94, 0x96, 0xaa,
    0xf6, 0x4e, 0xfd, 0xdc, 0xe6, 0x90, 0xd7, 0xc0, 0xa7, 0xf6, 0x55, 0x85,
    0xf3, 0x76, 0x07, 0xf2, 0x7b, 0x46, 0xe7, 0xfa, 0x38, 0x04, 0xc8, 0xf4,
    0x38, 0xff, 0x1b, 0xd3, 0x02, 0xfa, 0x64, 0x3f, 0xce, 0x72, 0xee, 0x75,
    0xc5, 0x3d, 0xad, 0x4a, 0xc9, 0x90, 0xa0, 0xc4, 0xa7, 0x38, 0x14, 0x1c,
    0xfa, 0x17, 0x7d, 0x3e, 0x62, 0x77, 0x2e, 0x68, 0x32, 0x23, 0xcb, 0x25,
    0x1e, 0x64, 0xa4, 0xdd, 0x74, 0x7e, 0x58, 0xb7, 0x6c, 0x95, 0x87, 0x7f,
    0x29, 0x41, 0x62, 0x62, 0xa9, 0xcf, 0xf5, 0x38, 0x9f, 0x15, 0xe0, 0x15,
    0xcb, 0x57, 0xb4, 0x9e, 0x39, 0xa2, 0x9f, 0x4b, 0xda, 0x16, 0x98, 0x60,
    0x96, 0x6e, 0x16, 0x49, 0x4c, 0x6d, 0x0e, 0x31, 0x3d, 0x89, 0x0f, 0xc9,
    0xaf, 0x07, 0xa6, 0x54, 0x87, 0xf7, 0x4a, 0x69, 0x80, 0xa0, 0xb1, 0x96,
    0xfd, 0x09, 0x44, 0xb2, 0x1a, 0xdb, 0x08, 0x6d, 0x91, 0xd4, 0x9f, 0xc8,
    0xb8, 0x3a, 0x67, 0x16, 0x00, 0x15, 0x99, 0xe0, 0x60, 0x71, 0x8a, 0x6f,
    0x07, 0x21, 0x8f, 0x42, 0xe6, 0xa9, 0x6c, 0x1b, 0x45, 0x8b, 0x00, 0x38,
    0xaa, 0x29, 0x59, 0x05, 0x8e, 0x13, 0xbb, 0x3a, 0x86, 0xee, 0xdf, 0xe4,
    0xed, 0x91, 0xd3, 0x2e, 0xa2, 0xa5, 0x03, 0x89, 0x18, 0x0a, 0x68, 0xda,
    0xba, 0xe4, 0xba, 0x67, 0x3a, 0xaf, 0xaf, 0xfb, 0x64, 0xaa, 0xf4, 0x67,
    0x76, 0x46, 0x6f, 0x30, 0x0b, 0x30, 0x98, 0xd0, 0xe9, 0xa1, 0xd9, 0xa9,
    0x61, 0x67, 0xa0, 0xc2, 0x01, 0x62, 0xba, 0xd3, 0x03, 0xc5, 0xe0, 0x18,
    0xae, 0x25, 0x18, 0xf4, 0x45, 0xca, 0x17, 0x54, 0xad, 0xc9, 0x1a, 0x7d,
    0x64, 0x85, 0x3d, 0xde, 0x32, 0x77, 0x6d, 0x99, 0xac, 0xdf, 0xe9, 0x4f,
    0xb2, 0xb1, 0x7d, 0x62, 0xbb, 0x96, 0x35, 0x82, 0x40, 0x22, 0x0d, 0xa3,
    0xa1, 0xd5, 0x3e, 0x14, 0xef, 0x91, 0x75, 0x53, 0xb3, 0x85, 0x5b, 0xef,
    0xb5, 0x04, 0x25, 0x11, 0x1a, 0xdd, 0x17, 0x62, 0xe3, 0x5d, 0x04, 0xbc,
    0xe1, 0xc5, 0xec, 0x74, 0xc5, 0xf7, 0x07, 0x4b, 0x5b, 0x73, 0x9b, 0x06,
    0xa4, 0x51, 0x89, 0xbd, 0x41, 0x08, 0x09, 0xd8, 0x66, 0x1e, 0x77, 0xce,
    0xf1, 0xcc, 0x7c, 0x21, 0x3a, 0x09, 0x73, 0x30, 0x2b, 0xd7, 0x97, 0x81,
    0x8d, 0x26, 0x04, 0x7d, 0x9d, 0x0f, 0xcd, 0x20, 0xb1, 0x4a, 0x98, 0x2f,
    0xa6, 0xec, 0x0b, 0x25, 0x74, 0xac, 0x78, 0xb9, 0xc3, 0x4d, 0x9d, 0x8b,
    0x38, 0xa7, 0xc0, 0xe2, 0x86, 0x59, 0xb1, 0x79, 0x70, 0x9d, 0x54, 0x28,
    0x46, 0x72, 0x9d, 0x4d, 0xa2, 0x9c, 0xf7, 0x58, 0x81, 0x3d, 0x53, 0x40,
    0x85, 0x4e, 0x4a, 0x17, 0xe4, 0xb3, 0x8a, 0xf2, 0x8f, 0x88, 0xfa, 0x0b,
    0x84, 0xfb, 0x4e, 0x16, 0x43, 0x7f, 0x62, 0x7d, 0x4c, 0x2a, 0x1f, 0x9b,
    0x81, 0x27, 0xe5, 0x43, 0xaf, 0xf6, 0x65, 0x49, 0x08, 0xbf, 0x16, 0x02,
    0x7e, 0xf0, 0xa9, 0x43, 0xb5, 0xec, 0x39, 0xf1, 0xb3, 0x5c, 0x67, 0xdf,
    0x88, 0x3d, 0x41, 0x64, 0x33, 0xe5, 0x68, 0x8c, 0x34, 0x8f, 0xcf, 0x03,
    0x4f, 0x31, 0xe7, 0xf0, 0x97, 0xf2, 0x11, 0x41, 0xa0, 0x4c, 0x38, 0xc8,
    0x69, 0xd3, 0xf9, 0x24, 0x3e, 0xcb, 0xfb, 0x1a, 0x00, 0xd2, 0x99, 0x3a,
    0x88, 0x64, 0xc5, 0xdf, 0xfc, 0x49, 0xab, 0x3f, 0x19, 0xf3, 0x46, 0x27,
    0xb5, 0x82, 0xe3, 0x0c, 0x63, 0xd2, 0xe8, 0xad, 0xda, 0x52, 0xc3, 0x91,
    0x73, 0x02, 0x3e, 0xa1, 0x71, 0x70, 0x07, 0x6b, 0x1d, 0x33, 0x68, 0x36,
    0xdc, 0x5f, 0x1d, 0x40, 0x6a, 0xc1, 0x8c, 0xdc, 0xeb, 0xd3, 0xb1, 0x83,
    0x75, 0x86, 0x64, 0xd9, 0xce, 0x47, 0x1d, 0x3a, 0x39, 0x7a, 0xd7, 0xad,
    0xd9, 0x69, 0x56, 0x99, 0xc0, 0x89, 0x30, 0x0c, 0xc3, 0x31, 0x30, 0x1d,
    0xa6, 0x47, 0x2a, 0x57, 0x2d, 0xcd, 0x04, 0xac, 0x3f, 0x04, 0xe7, 0x1c,
    0x6b, 0x62, 0xb3, 0x28, 0xd3, 0xdb, 0xb4, 0x40, 0x8b, 0xcc, 0xdd, 0xbe,
    0x6b, 0x73, 0x30, 0xe4, 0xf8, 0xc9, 0x25, 0x17, 0xa4, 0x97, 0x2e, 0xf8,
    0xdf, 0x41, 0x1d, 0x64, 0xd7, 0x7c, 0x50, 0x08, 0x83, 0x93, 0x36, 0xed,
    0xbd, 0x84, 0xb1, 0x1a, 0x8c, 0x89, 0xc8, 0x37, 0x21, 0x31, 0xcc, 0x9f,
    0x98, 0x2f, 0xaa, 0x76, 0x53, 0x56, 0x37, 0x16, 0xb9, 0x58, 0xb5, 0x45,
    0x4f, 0x3f, 0x0f, 0x23, 0xab, 0x90, 0xb9, 0x4b, 0x11, 0x3f, 0x6a, 0x2f,
    0x19, 0x7a, 0x12, 0x8b, 0x27, 0xda, 0x2f, 0x4e, 0x06, 0x6a, 0xee, 0x5e,
    0x99, 0x9c, 0x87, 0xa3, 0x72, 0x2d, 0xe0, 0xc6, 0x58, 0x9c, 0x39, 0xaa,
    0x06, 0x46, 0x59, 0x5f, 0x74, 0x98, 0x6a, 0x2f, 0x82, 0xe8, 0x3c, 0x3a,
    0xd4, 0xbb, 0x23, 0xf3, 0x82, 0x42, 0x18, 0x51, 0x1b, 0x3f, 0x53, 0xcb,
    0xa2, 0x68, 0x63, 0x2a, 0x22, 0xf9, 0x23, 0xd3, 0xaa, 0x2c, 0x5d, 0xb1,
    0xd8, 0x6c, 0xc3, 0x93, 0xb0, 0xd1, 0x60, 0x79, 0x28, 0x10, 0x8b, 0xa2,
    0x32, 0x7c, 0x1a, 0xd7, 0x79, 0xb3, 0xeb, 0xe1, 0xd7, 0x7b, 0x17, 0x3f,
    0xf1, 0x52, 0x9e, 0xc8, 0xce, 0x45, 0x48, 0xfb, 0x48, 0x6a, 0xf5, 0x8a,
    0x7d, 0xed, 0xea, 0xbc, 0x7e, 0x0d, 0x21, 0x7a, 0x13, 0x75, 0xa0, 0x2c,
    0xc5, 0x60, 0x0d, 0x85, 0x79, 0x94, 0x4e, 0x3e, 0xc6, 0x9c, 0x50, 0x0e,
    0xb0, 0x82, 0x03, 0x57, 0x2b, 0xc1, 0xf7, 0x67, 0x69, 0x60, 0xca, 0xbe,
    0xce, 0x1f, 0x04, 0x86, 0x01, 0x3f, 0x30, 0x85, 0x80, 0x23, 0xae, 0xcf,
    0xb3, 0x33, 0xfd, 0x52, 0x55, 0x80, 0xa0, 0xff, 0xb3, 0x83, 0x15, 0x7f,
    0xb5, 0x64, 0x61, 0x65, 0x85, 0x32, 0x76, 0x0f, 0xc8, 0x5f, 0xdc, 0xd9,
    0xe5, 0x68, 0x49, 0xb3, 0xda, 0xc4, 0x02, 0x49, 0x4e, 0x02, 0x3b, 0x5e,
    0xc8, 0x8b, 0x63, 0xcf, 0x6a, 0x52, 0x95, 0x43, 0x2d, 0x59, 0x87, 0xf3,
    0x8d, 0x28, 0x5b, 0x19, 0x05, 0x1a, 0x49, 0x50, 0x0e, 0x7c, 0x16, 0xbc,
    0xe8, 0xd0, 0x1e, 0xfa, 0xc0, 0xef, 0xd2, 0xbb, 0xf2, 0x6c, 0x86, 0xf5,
    0x1e, 0x3a, 0x98, 0x09, 0x6f, 0xd0, 0x0e, 0x90, 0xe8, 0x12, 0x11, 0xb9,
    0x81, 0x75, 0x2b, 0x0c, 0x22, 0x5f, 0x53, 0x58, 0x56, 0xad, 0x4a, 0x2c,
    0x47, 0xd4, 0x83, 0xec, 0xab, 0xde, 0x39, 0x14, 0x98, 0xa4, 0xe5, 0x0e,
    0x95, 0xe5, 0xbb, 0x3a, 0xf0, 0xd8, 0x75, 0xc5, 0xd3, 0x3e, 0xbc, 0x65,
    0x97, 0x2d, 0x55, 0x49, 0xab, 0xea, 0x40, 0x3d, 0x0c, 0x67, 0xc7, 0x9c,
    0x5d, 0xd1, 0x10, 0x4a, 0xa8, 0x29, 0xd3, 0x1b, 0x05, 0xce, 0x3f, 0x1f,
    0xab, 0x35, 0x3a, 0x08, 0x66, 0x0d, 0x2a, 0xb5, 0xb2, 0xe9, 0xc3, 0x47,
    0xfc, 0x88, 0x3d, 0xfa, 0x92, 0xfa, 0x2e, 0x1b, 0x20, 0x66, 0x83, 0xfa,
    0x42, 0x53, 0xab, 0x28, 0xe7, 0x5f, 0xc4, 0x36, 0x54, 0x2b, 0x48, 0x19,
    0x49, 0x87, 0x02, 0x8d, 0xa0, 0xd9, 0xc3, 0x34, 0x68, 0xe3, 0x4a, 0x53,
    0x5c, 0x52, 0x7c, 0xdf, 0x29, 0x3d, 0xcd, 0xd3, 0x5b, 0x3e, 0x30, 0x07,
    0x13, 0x35, 0x9d, 0x76, 0xc9, 0xeb, 0x80, 0x95, 0xce, 0xc5, 0x63, 0xa5,
    0x7f, 0x2f, 0xa3, 0x7c, 0x36, 0xa8, 0x13, 0xf3, 0x49, 0x93, 0xf5, 0x5a,
    0x85, 0x5e, 0x12, 0x97, 0x66, 0x06, 0xd0, 0x01, 0x73, 0x62, 0x83, 0x6a,
    0xef, 0x5f, 0xff, 0xac, 0x23, 0xbc, 0x10, 0x9a, 0x8c, 0xb8, 0xb0, 0x28,
    0xa8, 0x8b, 0xc2, 0x0d, 0x62, 0x69, 0x8f, 0x75, 0xb8, 0x29, 0x1d, 0xe3,
    0xab, 0x26, 0x81, 0x5c, 0xf7, 0x1a, 0x7a, 0x8e, 0x95, 0x54, 0xb3, 0xd3,
    0x93, 0xae, 0x5b, 0xe9, 0x27, 0xb0, 0x66, 0x27, 0x03, 0xe8, 0x78, 0x7e,
    0x6c, 0x9f, 0x5d, 0x66, 0x05, 0x25, 0x4a, 0xd2, 0x64, 0x6c, 0x3b, 0xac,
    0x02, 0x33, 0x85, 0x3b, 0x7f, 0xbf, 0x80, 0x15, 0xdb, 0x1c, 0x57, 0x50,
    0xa0, 0x8e, 0x90, 0x40, 0x7b, 0x55, 0x48, 0x3c, 0x60, 0xfc, 0x0b, 0x96,
    0xa3, 0x76, 0xff, 0x22, 0x11, 0xad, 0xc9, 0x30, 0xfc, 0x57, 0xc1, 0xfa,
    0xbc, 0xf3, 0x4d, 0x2e, 0x99, 0x98, 0x31, 0xdf, 0xfd, 0x20, 0xe1, 0xb7,
    0x67, 0xa9, 0xad, 0x5c, 0xd8, 0xac, 0x0d, 0x24, 0x72, 0x07, 0x15, 0x6c,
    0x9e, 0x3c, 0x0e, 0x0d, 0x9f, 0x5e, 0xb8, 0xa0, 0x96, 0x8b, 0x5f, 0x88,
    0x3e, 0x5b, 0x89, 0x41, 0xd9, 0xd7, 0x29, 0x4d, 0x25, 0x91, 0xd5, 0x2a,
    0x6e, 0x27, 0xf5, 0x43, 0x7d, 0x29, 0xce, 0x56, 0xbb, 0xcd, 0x03, 0x09,
    0x29, 0xfa, 0xf9, 0xac, 0xb3, 0xa5, 0x51, 0xbd, 0x3c, 0x1d, 0xcc, 0x5a,
    0xcc, 0xb3, 0x37, 0x62, 0x3e, 0x98, 0xfb, 0x65, 0xa9, 0xa5, 0x46, 0xb4,
    0x91, 0xeb, 0x72, 0x7c, 0x11, 0xdd, 0x42, 0x7b, 0x0c, 0x9f, 0xff, 0xfe,
    0x74, 0x05, 0x57, 0x8d, 0xe9, 0x13, 0x9c, 0x1f, 0x90, 0x10, 0xcf, 0x83,
    0x24, 0x20, 0x5a, 0xf2, 0x7c, 0xf4, 0x87, 0xe6, 0x8a, 0x1e, 0x5e, 0xa9,
    0x16, 0x68, 0x8b, 0x15, 0x3d, 0xc7, 0x24, 0x1c, 0xc9, 0x3e, 0x09, 0x5c,
    0x7f, 0xa9, 0x93, 0x05, 0xa0, 0x2f, 0x1d, 0x8c, 0xbf, 0xea, 0xc8, 0x98,
    0xfe, 0xae, 0x36, 0x20, 0x6d, 0xb9, 0x4e, 0x56, 0x1d, 0xd6, 0x9f, 0x58,
    0x7f, 0x86, 0xe7, 0x40, 0x87, 0xd5, 0x5a, 0x5b, 0x1f, 0x1d, 0x0a, 0xd3,
    0x53, 0xaf, 0x0e, 0xde, 0x74, 0x41, 0xc0, 0x70, 0xae, 0x3c, 0x6f, 0x1d,
    0xe6, 0x60, 0xc8, 0x4a, 0x16, 0x87, 0xe6, 0x7d, 0x1f, 0x5f, 0x31, 0x74,
    0x29, 0xb2, 0xad, 0x5b, 0x12, 0x6b, 0x2b, 0x7b, 0x8d, 0x08, 0xaf, 0xe3,
    0x59, 0xda, 0x47, 0xa8, 0xe2, 0x92, 0x63, 0x59, 0x13, 0x2f, 0x88, 0x8e,
    0x7e, 0xd9, 0x74, 0xe2, 0x32, 0x15, 0xe7, 0x9f, 0xc7, 0xb4, 0xef, 0x91,
    0xae, 0xd2, 0xd2, 0x94, 0x6f, 0x38, 0x5f, 0x09, 0x98, 0x84, 0x7b, 0x0d,
    0xe4, 0xe0, 0x71, 0xd9, 0xdf, 0x63, 0xb8, 0x7f, 0xa3, 0x54, 0x24, 0x69,
    0x6d, 0xb6, 0x34, 0x8a, 0xa4, 0x50, 0x81, 0x1f, 0x6d, 0xa5, 0xff, 0xe2,
    0xe0, 0x9b, 0x65, 0xf6, 0xdb, 0x05, 0x3b, 0x97, 0x4e, 0x64, 0xc9, 0xb6,
    0xe6, 0xd6, 0xdb, 0x23, 0x22, 0xe1, 0x25, 0x58, 0x79, 0xcf, 0x22, 0xdc,
    0xdc, 0x28, 0xaf, 0xba, 0xe1, 0x36, 0x15, 0x52, 0xa9, 0xbd, 0x23, 0x45,
    0x6f, 0x89, 0x84, 0xa0, 0x91, 0x45, 0x52, 0x06, 0xa4, 0x70, 0x35, 0x54,
    0xd1, 0x6d, 0xcb, 0x75, 0x89, 0x36, 0xab, 0x28, 0x2a, 0x5f, 0x5c, 0x4a,
    0x1d, 0x65, 0x7f, 0x0e, 0x32, 0xcd, 0xc5, 0x4a, 0x1d, 0xc9, 0xc2, 0x8d,
    0xa1, 0xcb, 0x70, 0xb2, 0x98, 0x17, 0x0e, 0xea, 0x84, 0x8a, 0x1c, 0x18,
    0xad, 0xc8, 0x36, 0x96, 0x8b, 0x2f, 0x8f, 0xaf, 0x92, 0x29, 0x47, 0x16,
    0x47, 0x91, 0xaa, 0x18, 0x2b, 0xef, 0x1a, 0x57, 0x84, 0x71, 0xed, 0x6b,
    0xbe, 0xbe, 0xb0, 0xd5, 0xfa, 0x5b, 0x06, 0xaa, 0x9e, 0x34, 0x0d, 0x7e,
    0x98, 0x97, 0x7b, 0x0d, 0xa3, 0x24, 0xaf, 0x9f, 0xba, 0x04, 0x4f, 0x53,
    0x3f, 0x68, 0x53, 0x9d, 0x41, 0x28, 0x80, 0x99, 0xc5, 0xff, 0x05, 0x9d,
    0x1d, 0xec, 0x5f, 0xe5, 0x48, 0xae, 0x00, 0xe3, 0xe2, 0xc8, 0x1d, 0x05,
    0x64, 0x52, 0x0e, 0xcc, 0xbd, 0x48, 0x6c, 0xc1, 0xdf, 0xe1, 0x6e, 0xba,
    0x63, 0x0b, 0x74, 0x50, 0x90, 0x72, 0xce, 0x2c, 0xe7, 0x80, 0x18, 0xa4,
    0x9d, 0x99, 0xfe, 0xca, 0xb4, 0xd0, 0xe7, 0xc3, 0x4d, 0x53, 0x66, 0xb0,
    0x01, 0x68, 0x93, 0xd0, 0x22, 0xfc, 0x23, 0x23, 0xa2, 0x5b, 0x49, 0xf6,
    0x28, 0x5b, 0x21, 0x1a, 0xb0, 0xa2, 0xeb, 0x24, 0xa5, 0x87, 0x03, 0x0d,
    0x17, 0x2b, 0x97, 0x38, 0x03, 0x7d, 0x44, 0x3f, 0xfb, 0x85, 0x12, 0x67,
    0x4d, 0x57, 0x03, 0x1c, 0x26, 0xf2, 0x40, 0x5f, 0x27, 0xd9, 0xf5, 0x30,
    0x6d, 0x42, 0x58, 0xcb, 0x52, 0x7c, 0x46, 0xf4, 0x33, 0xd6, 0x9c, 0xaf,
    0x07, 0x04, 0xc9, 0x9f, 0xcf, 0x42, 0xc9, 0x41, 0x0e, 0x8c, 0x6d, 0xd3,
    0x66, 0x64, 0x27, 0x8f, 0xf3, 0xea, 0xfc, 0xd7, 0x80, 0xa9, 0x97, 0xdc,
    0xc5, 0x91, 0x29, 0xe0, 0xef, 0x29, 0x08, 0xab, 0x32, 0x50, 0xf4, 0xc5,
    0xf4, 0xc7, 0x05, 0x15, 0x7c, 0x3b, 0x80, 0xe6, 0x4f, 0xd5, 0x4e, 0x56,
    0x30, 0x06, 0xbf, 0xfa, 0x2d, 0x26, 0x92, 0xa4, 0x8a, 0x35, 0x3d, 0xe8,
    0x00, 0x69, 0xda, 0x0d, 0xee, 0xed, 0x36, 0x11, 0x83, 0xe2, 0x96, 0xa0,
    0x74, 0x0f, 0xae, 0xd9, 0xf4, 0x60, 0x19, 0xc1, 0x17, 0x60, 0x0f, 0x68,
    0xd3, 0xd3, 0x0d, 0x62, 0xa2, 0xf8, 0xf2, 0xc5, 0xc1, 0x68, 0x8a, 0xa6,
    0xfb, 0xab, 0x11, 0x64, 0x83, 0xab, 0x8a, 0xf8, 0xd0, 0x1c, 0x36, 0x3d,
    0xf5, 0x4a, 0xd9, 0x59, 0x64, 0xbe, 0x70, 0x8f, 0xd5, 0xfa, 0xd3, 0x11,
    0x0b, 0x9a, 0x50, 0xf4, 0x88, 0xbd, 0x94, 0x11, 0x72, 0x89, 0x8c, 0xd2,
    0x80, 0xac, 0x10, 0xe2, 0x1a, 0x00, 0x60, 0x0e, 0x78, 0x74, 0xe8, 0x67,
    0x10, 0x47, 0x4e, 0x6b, 0xba, 0xad, 0xf3, 0x00, 0xc8, 0x87, 0x8e, 0x79,
    0x7b, 0x45, 0x18, 0x7b, 0x48, 0x86, 0x2a, 0xad, 0x18, 0xd2, 0xe3, 0x15,
    0xb9, 0x46, 0x4a, 0x60, 0x45, 0xe4, 0x72, 0x6e, 0x94, 0xfe, 0x65, 0xec,
    0x20, 0xea, 0x9e, 0x6f, 0x8d, 0xe3, 0x9d, 0x5c, 0x75, 0x66, 0xb9, 0xef,
    0xf0, 0xf7, 0x49, 0xd9, 0x22, 0xd2, 0x35, 0x18, 0xd3, 0x64, 0x8a, 0xa4,
    0x55, 0x45, 0x47, 0x80, 0x25, 0x9a, 0x21, 0x16, 0x7e, 0x27, 0x71, 0x87,
    0x93, 0x67, 0x62, 0xe0, 0x1b, 0xf5, 0xda, 0xad, 0x68, 0x1f, 0xe8, 0xbd,
    0x24, 0x20, 0xf6, 0xd5, 0x7f, 0x54, 0x6e, 0xab, 0x50, 0xb8, 0x59, 0xce,
    0x27, 0x23, 0x70, 0xbd, 0x85, 0x98, 0x19, 0x93, 0xbd, 0xe3, 0x6d, 0x3d,
    0x0a, 0xd6, 0xce, 0x08, 0x52, 0x7c, 0x97, 0xa5, 0xbb, 0x3e, 0x5a, 0x34,
    0xc3, 0x60, 0x43, 0x64, 0xc7, 0xc5, 0xbc, 0x3b, 0x58, 0x6c, 0xb4, 0x01,
    0xf5, 0x36, 0x4c, 0xf1, 0x96, 0xc6, 0xd3, 0x9f, 0x1d, 0xa9, 0x21, 0x01,
    0x0f, 0xb2, 0x85, 0x5e, 0x6d, 0x47, 0x6c, 0x89, 0x8f, 0xb3, 0x14, 0xfd,
    0x70, 0xe2, 0x36, 0x95, 0xe8, 0x1e, 0xa5, 0x59, 0x7f, 0x62, 0x07, 0x43,
    0xfe, 0xc5, 0xa3, 0x8d, 0xe1, 0x18, 0x08, 0xc4, 0xdf, 0xe5, 0xaf, 0x09,
    0x73, 0xd1, 0x55, 0x58, 0x42, 0x45, 0x9c, 0xd9, 0xa7, 0xd7, 0x73, 0x10,
    0xb7, 0xeb, 0x01, 0x83, 0xb2, 0xab, 0x1a, 0x12, 0x83, 0xb3, 0x96, 0x2a,
    0x19, 0x96, 0x84, 0x67, 0xda, 0x37, 0x72, 0x0d, 0x29, 0xc6, 0xc1, 0x41,
    0x18, 0x5a, 0x6f, 0x14, 0xc0, 0x63, 0xbc, 0xa2, 0x27, 0x43, 0x65, 0xda,
    0x35, 0xb2, 0x00, 0x0d, 0xb0, 0x90, 0xba, 0x08, 0xfc, 0x9b, 0x2d, 0x9c,
    0xb7, 0xeb, 0x21, 0xeb, 0x8a, 0x6a, 0xb4, 0x0a, 0x45, 0x66, 0x41, 0xea,
    0x0c, 0x8c, 0xc7, 0x06, 0xfc, 0x10, 0x59, 0x51, 0xe1, 0x4c, 0x8a, 0x47,
    0x2a, 0x10, 0xd0, 0xec, 0x82, 0x39, 0xa3, 0x2c, 0xfe, 0x57, 0x33, 0x20,
    0xf1, 0x1d, 0x03, 0x97, 0xa0, 0x6a, 0x86, 0x68, 0x96, 0xf7, 0xea, 0x81,
    0xf3, 0x63, 0x7a, 0x9f, 0x02, 0xf1, 0x25, 0xf1, 0xbe, 0xa0, 0xc7, 0x2b,
    0x97, 0xa1, 0x35, 0x8b, 0x97, 0xe4, 0x6b, 0xa6, 0x6a, 0x62, 0x41, 0x12,
    0x09, 0x35, 0x49, 0xa3, 0xb8, 0xb6, 0xaf, 0x3a, 0x2f, 0x9e, 0xd9, 0xe4,
    0x77, 0x85, 0x8f, 0x15, 0x0e, 0x4c, 0xe9, 0x58, 0x80, 0x2a, 0x68, 0xed,
    0x54, 0x67, 0x35, 0x68, 0x9e, 0xbc, 0xf5, 0x86, 0xa3, 0x46, 0x04, 0x0f,
    0x11, 0x6e, 0x26, 0x14, 0xa9, 0x3b, 0x69, 0xde, 0x38, 0x4d, 0x02, 0xb0,
    0x72, 0x2d, 0x5a, 0x45, 0xd3, 0x20, 0xe2, 0x42, 0xa8, 0x6d, 0x1a, 0xf1,
    0x58, 0xa7, 0x05, 0x89, 0xa5, 0x59, 0x33, 0x16, 0xfa, 0x7f, 0x31, 0x86,
    0xc2, 0x6d, 0x6b, 0x99, 0x37, 0x51, 0x18, 0x18, 0xe7, 0xce, 0x60, 0xbc,
    0x7c, 0xcf, 0x94, 0xc0, 0xd7, 0xbf, 0x26, 0x05, 0xa3, 0x9b, 0x53, 0xe8,
    0x5d, 0x8c, 0x73, 0x86, 0x9d, 0x46, 0x4f, 0xfd, 0x85, 0x06, 0x57, 0xd1,
    0x53, 0x32, 0x78, 0x29, 0x3d, 0x52, 0x39, 0xd4, 0x3f, 0x97, 0x00, 0xb6,
    0x52, 0x43, 0x8c, 0x5b, 0x1e, 0x34, 0x54, 0xf4, 0xf5, 0x41, 0xf8, 0x48,
    0x13, 0xbb, 0xb9, 0x18, 0xd9, 0xa6, 0xe6, 0x6e, 0x40, 0x75, 0xca, 0x6d,
    0xb0, 0xf5, 0x42, 0x91, 0x3a, 0xc0, 0xf2, 0x72, 0x60, 0x30, 0x06, 0xad,
    0x17, 0x7d, 0x24, 0xc6, 0x4e, 0xa2, 0xc6, 0x08, 0xaa, 0x3d, 0x82, 0x12,
    0x57, 0x68, 0x92, 0x9e, 0xf6, 0x2f, 0x58, 0x78, 0xe9, 0x94, 0x9a, 0x72,
    0x22, 0xb7, 0xdc, 0x06, 0x88, 0x41, 0x1b, 0x49, 0x20, 0x61, 0xd2, 0x49,
    0x62, 0x12, 0xa5, 0x51, 0x50, 0x06, 0x55, 0xd9, 0x26, 0x43, 0xf9, 0xfa,
    0x34, 0x25, 0x59, 0xc9, 0x8c, 0x60, 0x82, 0xdf, 0x95, 0x1d, 0x22, 0x28,
    0x4b, 0xea, 0x17, 0x61, 0xe8, 0xf9, 0xdb, 0x4a, 0x19, 0x4c, 0x81, 0x6d,
    0x3e, 0x5c, 0x0b, 0x9b, 0xfd, 0x8c, 0xdc, 0xdd, 0x1e, 0x2f, 0xdb, 0x0d,
    0x53, 0xca, 0x94, 0xc9, 0xf8, 0xd0, 0xb5, 0x77, 0x88, 0xee, 0x2e, 0xf2,
    0x02, 0xfd, 0xff, 0x7c, 0xdb, 0x2a, 0xc2, 0xa0, 0x2b, 0x09, 0xec, 0x3d,
    0x79, 0x0b, 0x19, 0xde, 0x97, 0x2f, 0xe2, 0x7e, 0xea, 0x7c, 0x92, 0xe6,
    0x2b, 0xd1, 0xdc, 0xca, 0x4d, 0x8b, 0x8e, 0x93, 0xb8, 0x0d, 0x04, 0xa8,
    0xd4, 0xc8, 0x5a, 0xa2, 0xa9, 0x88, 0x4d, 0x38, 0x41, 0x79, 0x53, 0xe3,
    0xe3, 0xb0, 0xe2, 0x65, 0xf0, 0x5a, 0x2a, 0xe5, 0x6c, 0x84, 0x3d, 0x3e,
    0x0a, 0xf3, 0x85, 0xa3, 0xe2, 0x48, 0x15, 0x14, 0x59, 0xf2, 0xff, 0x7e,
    0x12, 0x2e, 0x94, 0xbc, 0x68, 0xab, 0xdf, 0x2a, 0xc3, 0x0a, 0x1f, 0x7f,
    0x0c, 0x61, 0x61, 0x93, 0xd7, 0xb2, 0x8e, 0x95, 0x05, 0x74, 0x59, 0x72,
    0x84, 0x0f, 0x0f, 0xea, 0x48, 0x7b, 0xab, 0xbb, 0xc4, 0xb7, 0x89, 0x87,
    0x33, 0x78, 0xe6, 0x90, 0xf8, 0x19, 0x46, 0x8f, 0xb7, 0x30, 0xd5, 0x2d,
    0xac, 0x7a, 0x70, 0x15, 0xdb, 0x56, 0xf6, 0x59, 0xd1, 0xf6, 0x67, 0x36,
    0x4e, 0x66, 0x1b, 0xbc, 0x53, 0x08, 0x8a, 0xc1, 0x82, 0x93, 0xe9, 0x84,
    0xc1, 0x7a, 0x0b, 0x58, 0xa2, 0x4f, 0x0c, 0xfc, 0x1a, 0xf9, 0x3e, 0xad,
    0xe8, 0xdf, 0x65, 0x65, 0xf4, 0x11, 0x53, 0x18, 0xeb, 0x2d, 0xfe, 0x97,
    0x5a, 0x92, 0xf8, 0x89, 0x62, 0x30, 0x09, 0xae, 0x90, 0xab, 0x5e, 0xd1,
    0x48, 0xdb, 0xa0, 0xa2, 0x5d, 0x4c, 0x23, 0x32, 0xb1, 0xe9, 0xe2, 0x06,
    0x6b, 0x77, 0x24, 0xec, 0xac, 0x7f, 0xcc, 0xcd, 0xcc, 0xc9, 0x55, 0x46,
    0x84, 0xf2, 0x18, 0xdd, 0x65, 0xc7, 0x24, 0xd4, 0x71, 0x94, 0x85, 0xf2,
    0x93, 0xac, 0x14, 0x86, 0x75, 0x43, 0x58, 0x04, 0x01, 0x4f, 0xb1, 0x57,
    0x28, 0x74, 0x72, 0xdd, 0x5e, 0x13, 0xa5, 0x8a, 0x90, 0xd3, 0x71, 0x00,
    0x94, 0x5b, 0x0a, 0x5a, 0xd5, 0x80, 0x01, 0xb9, 0xa8, 0x1c, 0xdf, 0xbc,
    0xd7, 0x38, 0xb8, 0x35, 0xe7, 0x74, 0x73, 0xa5, 0xb2, 0x84, 0xdc, 0xf8,
    0xb6, 0x52, 0x84, 0x06, 0xf2, 0xb5, 0xb8, 0x1a, 0x89, 0x6d, 0xfb, 0x5d,
    0xbd, 0x06, 0xb5, 0xbf, 0x37, 0x18, 0x78, 0x22, 0x82, 0xf4, 0xc5, 0x03,
    0xde, 0x10, 0xb3, 0xf3, 0xa8, 0x37, 0x6c, 0x9f, 0x12, 0x25, 0xf7, 0x1a,
    0x03, 0xe4, 0x5f, 0x74, 0x57, 0xcf, 0x88, 0x70, 0x65, 0x18, 0xf8, 0x27,
    0x47, 0xf9, 0xe9, 0x6f, 0x53, 0x1c, 0x50, 0x95, 0xa8, 0xb7, 0xfa, 0x63,
    0x85, 0x23, 0x7d, 0x04, 0xf0, 0x89, 0x41, 0x16, 0x40, 0xca, 0x8c, 0x5b,
    0xbb, 0xa8, 0xa9, 0xb9, 0x05, 0xf3, 0xe6, 0x38, 0x68, 0xd1, 0x41, 0x3c,
    0xa4, 0x3c, 0x8a, 0xd1, 0x71, 0x7b, 0x57, 0xd1, 0x24, 0x67, 0x6a, 0xa0,
    0x6b, 0xce, 0x7a, 0x64, 0xb8, 0x1f, 0x96, 0x8f, 0x84, 0x77, 0xb6, 0x9e,
    0x69, 0x97, 0x33, 0xf1, 0x51, 0x4a, 0x85, 0x65, 0xa5, 0x19, 0xa4, 0x32,
    0xa9, 0x13, 0xed, 0x33, 0xd8, 0x85, 0x73, 0x80, 0x68, 0xd4, 0x42, 0x71,
    0x3c, 0x17, 0x33, 0xba, 0x07, 0xb6, 0xc1, 0xfc, 0xa7, 0xdf, 0xc3, 0xaf,
    0xc6, 0xe0, 0x84, 0x4d, 0xd1, 0x94, 0xeb, 0x9c, 0x6c, 0x9a, 0x77, 0x3f,
    0x17, 0x05, 0xfb, 0x24, 0x12, 0x47, 0x61, 0xbf, 0xf0, 0x5c, 0x3b, 0xbe,
    0xc3, 0xbd, 0x5a, 0x08, 0x9b, 0x9f, 0x39, 0x28, 0xa5, 0x05, 0x8b, 0x83,
    0x59, 0x47, 0x3a, 0xb6, 0x49, 0xb4, 0xbd, 0xa5, 0x6a, 0xee, 0x33, 0xae,
    0x90, 0x4d, 0x2c, 0xc5, 0x88, 0x5a, 0x9a, 0xff, 0x18, 0x36, 0x48, 0x92,
    0xf4, 0x0d, 0x8b, 0xe3, 0x31, 0xb5, 0x7d, 0x96, 0xc3, 0x37, 0xd7, 0x97,
    0x46, 0x1f, 0x95, 0xee, 0xb5, 0x2b, 0x14, 0x90, 0x60, 0x05, 0x52, 0xdd,
    0xbd, 0x95, 0x89, 0xd3, 0x01, 0x63, 0x05, 0x46, 0xf6, 0xf0, 0x4d, 0x9e,
    0x1a, 0xf0, 0x90, 0xde, 0x02, 0x97, 0x28, 0xc6, 0xe8, 0x97, 0x1f, 0xbe,
    0xdc, 0x46, 0x90, 0x22, 0x2a, 0xf0, 0xa5, 0xb8, 0xef, 0x50, 0xee, 0x8b,
    0x91, 0x94, 0x39, 0x8d, 0xed, 0xe5, 0x17, 0xd4, 0x65, 0xb3, 0x5f, 0xbb,
    0xe8, 0x60, 0xd6, 0x83, 0x9a, 0x83, 0xaa, 0xf8, 0x8c, 0x46, 0x70, 0x82,
    0xd7, 0x09, 0x06, 0x9b, 0x9c, 0x80, 0xbc, 0xa5, 0xb7, 0x11, 0x73, 0x8d,
    0x89, 0x69, 0x1c, 0x4c, 0x1b, 0x95, 0xa2, 0x62, 0x11, 0x3f, 0xd7, 0x13,
    0xd1, 0xf0, 0xf3, 0x48, 0xd5, 0xfe, 0xae, 0xfe, 0x39, 0x9c, 0x2c, 0x8b,
    0x57, 0x8f, 0xac, 0xd0, 0x82, 0x2e, 0xca, 0x49, 0x3b, 0x47, 0x7b, 0xdb,
    0xe4, 0x2e, 0xc3, 0xff, 0xd9, 0x27, 0x0b, 0xe1, 0x17, 0x2e, 0xb2, 0xaf,
    0x1e, 0x30, 0xd2, 0x5e, 0x67, 0xb2, 0xdc, 0xdc, 0x99, 0xed, 0xca, 0xfa,
    0xdc, 0xa9, 0xc9, 0x7b, 0x06, 0x17, 0xf7, 0xec, 0x05, 0x17, 0x2f, 0x35,
    0x40, 0x42, 0x67, 0x99, 0x9d, 0xf1, 0x0d, 0x1c, 0x6d, 0x6f, 0x7d, 0x84,
    0xb3, 0xe7, 0xef, 0xf1, 0x08, 0x12, 0x24, 0x2a, 0x40, 0xd1, 0xec, 0xf8,
    0xfe, 0x39, 0x77, 0xb1, 0x0d, 0x3c, 0x9a, 0xbb, 0x8e, 0x8f, 0xa3, 0xa5,
    0x00, 0x00, 0x00, 0x00, 0x00, 0x00, 0x00, 0x00, 0x00, 0x00, 0x00, 0x00,
    0x00, 0x00, 0x00, 0x0a, 0x14, 0x1d, 0x20, 0x24, 0x28
};
static const unsigned char kat_mldsa87_pub[] = {
    0x97, 0x92, 0xbc, 0xec, 0x2f, 0x24, 0x30, 0x68, 0x6a, 0x82, 0xfc, 0xcf,
    0x3c, 0x2f, 0x5f, 0xf6, 0x65, 0xe7, 0x71, 0xd7, 0xab, 0x41, 0xb9, 0x02,
    0x58, 0xcf, 0xa7, 0xe9, 0x0e, 0xc9, 0x71, 0x24, 0xa7, 0x3b, 0x32, 0x3b,
    0x9b, 0xa2, 0x1a, 0xb6, 0x4d, 0x76, 0x7c, 0x43, 0x3f, 0x5a, 0x52, 0x1e,
    0xff, 0xe1, 0x8f, 0x86, 0xe4, 0x6a, 0x18, 0x89, 0x52, 0xc4, 0x46, 0x7e,
    0x04, 0x8b, 0x72, 0x9e, 0x7f, 0xc4, 0xd1, 0x15, 0xe7, 0xe4, 0x8d, 0xa1,
    0x89, 0x6d, 0x5f, 0xe1, 0x19, 0xb1, 0x0d, 0xcd, 0xde, 0xf6, 0x2c, 0xb3,
    0x07, 0x95, 0x40, 0x74, 0xb4, 0x23, 0x36, 0xe5, 0x28, 0x36, 0xde, 0x61,
    0xda, 0x94, 0x1f, 0x8d, 0x37, 0xea, 0x68, 0xac, 0x81, 0x06, 0xfa, 0xbe,
    0x19, 0x07, 0x06, 0x79, 0xaf, 0x60, 0x08, 0x53, 0x71, 0x20, 0xf7, 0x07,
    0x93, 0xb8, 0xea, 0x9c, 0xc0, 0xe6, 0xe7, 0xb7, 0xb4, 0xc9, 0xa5, 0xc7,
    0x42, 0x1c, 0x60, 0xf2, 0x44, 0x51, 0xba, 0x1e, 0x93, 0x3d, 0xb1, 0xa2,
    0xee, 0x16, 0xc7, 0x95, 0x59, 0xf2, 0x1b, 0x3d, 0x1b, 0x83, 0x05, 0x85,
    0x0a, 0xa4, 0x2a, 0xfb, 0xb1, 0x3f, 0x1f, 0x4d, 0x5b, 0x9f, 0x48, 0x35,
    0xf9, 0xd8, 0x7d, 0xfc, 0xeb, 0x16, 0x2d, 0x0e, 0xf4, 0xa7, 0xfd, 0xc4,
    0xcb, 0xa1, 0x74, 0x3c, 0xd1, 0xc8, 0x7b, 0xb4, 0x96, 0x7d, 0xa1, 0x6c,
    0xc8, 0x76, 0x4b, 0x65, 0x69, 0xdf, 0x8e, 0xe5, 0xbd, 0xcb, 0xff, 0xe9,
    0xa4, 0xe0, 0x57, 0x48, 0xe6, 0xfd, 0xf2, 0x25, 0xaf, 0x9e, 0x4e, 0xeb,
    0x77, 0x73, 0xb6, 0x2e, 0x8f, 0x85, 0xf9, 0xb5, 0x6b, 0x54, 0x89, 0x45,
    0x55, 0x18, 0x44, 0xfb, 0xd8, 0x98, 0x06, 0xa4, 0xac, 0x36, 0x9b, 0xed,
    0x2d, 0x25, 0x61, 0x00, 0xf6, 0x88, 0xa6, 0xad, 0x5e, 0x0a, 0x70, 0x98,
    0x26, 0xdc, 0x44, 0x49, 0xe9, 0x1e, 0x23, 0xc5, 0x50, 0x6e, 0x64, 0x23,
    0x61, 0xef, 0x5a, 0x31, 0x37, 0x12, 0xf7, 0x9b, 0xc4, 0xb3, 0x18, 0x68,
    0x61, 0xca, 0x85, 0xa4, 0xba, 0xb1, 0x7e, 0x7f, 0x94, 0x3d, 0x1b, 0x8a,
    0x33, 0x3a, 0xa3, 0xae, 0x7c, 0xe1, 0x6b, 0x44, 0x0d, 0x60, 0x18, 0xf9,
    0xe0, 0x4d, 0xaf, 0x57, 0x25, 0xc7, 0xf1, 0xa9, 0x3f, 0xad, 0x1a, 0x5a,
    0x27, 0xb6, 0x78, 0x95, 0xbd, 0x24, 0x9a, 0xa9, 0x16, 0x85, 0xde, 0x20,
    0xaf, 0x32, 0xc8, 0xb7, 0xe2, 0x68, 0xc7, 0xf9, 0x68, 0x77, 0xd0, 0xc8,
    0x50, 0x01, 0x13, 0x5a, 0x4f, 0x0a, 0x8f, 0x1b, 0x82, 0x64, 0xfa, 0x6e,
    0xbe, 0x5a, 0x34, 0x9d, 0x8a, 0xec, 0xad, 0x1a, 0x16, 0x29, 0x9c, 0xcf,
    0x2f, 0xd9, 0xc7, 0xb8, 0x5b, 0xac, 0xe2, 0xce, 0xd3, 0xaa, 0x12, 0x76,
    0xba, 0x61, 0xee, 0x78, 0xed, 0x7e, 0x5c, 0xa5, 0xb6, 0x7c, 0xdd, 0x45,
    0x8a, 0x93, 0x54, 0x03, 0x0e, 0x6a, 0xbb, 0xba, 0xbf, 0x56, 0xa0, 0xa2,
    0x31, 0x6f, 0xec, 0x9d, 0xba, 0x83, 0xb5, 0x1d, 0x42, 0xfd, 0x31, 0x67,
    0xf1, 0xe0, 0xf9, 0x08, 0x55, 0xd5, 0xc6, 0x65, 0x09, 0xb2, 0x10, 0x26,
    0x5d, 0xc1, 0xe5, 0x4e, 0xc4, 0x4b, 0x43, 0xba, 0x7c, 0xf9, 0xae, 0xf1,
    0x18, 0xb4, 0x4d, 0x80, 0x91, 0x2c, 0xe7, 0x51, 0x66, 0xa6, 0x65, 0x1e,
    0x11, 0x6c, 0xeb, 0xe4, 0x92, 0x29, 0xa7, 0x06, 0x2c, 0x09, 0x93, 0x1f,
    0x71, 0xab, 0xd2, 0x29, 0x3f, 0x76, 0xf7, 0xef, 0xc3, 0x21, 0x5b, 0xa9,
    0x78, 0x00, 0x03, 0x7e, 0x58, 0xe4, 0x70, 0xbd, 0xbb, 0xb4, 0x3c, 0x1b,
    0x04, 0x39, 0xea, 0xf7, 0x9c, 0x54, 0xd9, 0x3b, 0x44, 0xaa, 0xc9, 0xef,
    0xe9, 0xfb, 0xe1, 0x51, 0x87, 0x4c, 0xfb, 0x2a, 0x64, 0xcb, 0xee, 0x28,
    0xcc, 0x4c, 0x0f, 0xe7, 0x77, 0x5e, 0x5d, 0x87, 0x0f, 0x1c, 0x02, 0xe5,
    0xb2, 0xe3, 0xc5, 0x00, 0x4c, 0x99, 0x5f, 0x24, 0xc9, 0xb7, 0x79, 0xcb,
    0x75, 0x3a, 0x27, 0x7d, 0x0e, 0x71, 0xfd, 0x42, 0x5e, 0xb6, 0xbc, 0x2c,
    0xa5, 0x6c, 0xe1, 0x29, 0xdb, 0x51, 0xf7, 0x07, 0x40, 0xf3, 0x1e, 0x63,
    0x97, 0x6b, 0x50, 0xc7, 0x31, 0x2e, 0x97, 0x97, 0xd7, 0x8c, 0x5b, 0x1a,
    0xc2, 0x4a, 0x5f, 0xa3, 0x47, 0xcc, 0x91, 0x6e, 0x0a, 0x83, 0xf5, 0xc3,
    0xb6, 0x75, 0xcd, 0x30, 0xb8, 0x1e, 0x3f, 0xa1, 0x0b, 0x93, 0x44, 0x4e,
    0x07, 0x39, 0x75, 0x71, 0xcc, 0xe9, 0x8b, 0x28, 0xda, 0x51, 0xdb, 0x90,
    0x56, 0xbc, 0x72, 0x8c, 0x5b, 0x0b, 0x11, 0x81, 0xe2, 0xfb, 0xd3, 0x87,
    0xb4, 0xc7, 0x9a, 0xb1, 0xa5, 0xfe, 0xfe, 0xce, 0x37, 0x16, 0x7a, 0xf7,
    0x72, 0xdd, 0xad, 0x14, 0xeb, 0x4c, 0x39, 0x82, 0xda, 0x5a, 0x59, 0xd0,
    0xe9, 0xeb, 0x17, 0x3e, 0xc6, 0x31, 0x50, 0x91, 0x17, 0x00, 0x27, 0xa3,
    0xab, 0x5e, 0xf6, 0xaa, 0x12, 0x9c, 0xb8, 0x58, 0x57, 0x27, 0xb9, 0x35,
    0x8a, 0x28, 0x50, 0x1d, 0x71, 0x3a, 0x72, 0xf3, 0xf1, 0xdb, 0x31, 0x71,
    0x42, 0x86, 0xf9, 0xb6, 0x40, 0x80, 0x13, 0xaf, 0x06, 0x04, 0x5d, 0x75,
    0x59, 0x2f, 0xc0, 0xb7, 0xdd, 0x47, 0xc7, 0x3e, 0xd9, 0xc7, 0x5b, 0x11,
    0xe9, 0xd7, 0xc6, 0x9f, 0x7c, 0xad, 0xfc, 0x32, 0x80, 0xa9, 0x06, 0x2c,
    0x52, 0x73, 0xc4, 0x3b, 0xe1, 0xc3, 0x4f, 0x87, 0x44, 0x88, 0x64, 0xce,
    0xa7, 0xb5, 0xc9, 0x7d, 0x6d, 0x32, 0xf5, 0x9b, 0xd5, 0xf2, 0x53, 0x84,
    0x65, 0x3b, 0xb5, 0xc4, 0xfa, 0xa4, 0x5b, 0xea, 0x8b, 0x89, 0x40, 0x28,
    0x43, 0xe6, 0x45, 0xb6, 0xb9, 0x26, 0x9e, 0x2b, 0xd9, 0x88, 0xdd, 0xac,
    0xb0, 0x33, 0x32, 0x8f, 0xfb, 0x06, 0x04, 0x50, 0xf7, 0xdf, 0x08, 0x00,
    0x53, 0xe6, 0x96, 0x9b, 0x25, 0x1e, 0x87, 0x5e, 0xce, 0xc3, 0x2c, 0xfc,
    0x59, 0x28, 0x40, 0xd6, 0x9a, 0xb6, 0x9a, 0x75, 0xe0, 0x6b, 0x37, 0x9c,
    0x53, 0x5d, 0x95, 0x26, 0x6b, 0x08, 0x2f, 0x4f, 0x09, 0xc9, 0x31, 0x62,
    0xb3, 0x3b, 0x0d, 0x9f, 0x73, 0x07, 0xa4, 0xea, 0xaa, 0x52, 0x10, 0x44,
    0x37, 0xfe, 0xd6, 0x6f, 0x8e, 0xe3, 0xea, 0xbb, 0xd4, 0x5d, 0x67, 0xb2,
    0x5a, 0x81, 0x33, 0xf4, 0x96, 0x46, 0x8b, 0x52, 0xba, 0xff, 0xdb, 0xfa,
    0xd9, 0x3e, 0xef, 0x1a, 0x98, 0x18, 0xb5, 0xe4, 0x2e, 0xc7, 0x22, 0x78,
    0x8a, 0x3d, 0x8d, 0x35, 0x29, 0xfc, 0x77, 0x7d, 0x2b, 0xa5, 0x70, 0x80,
    0x1d, 0xfa, 0xe0, 0x1e, 0xc8, 0x83, 0x02, 0x83, 0x7c, 0x1f, 0xb9, 0xe0,
    0x35, 0x57, 0x27, 0x64, 0x5e, 0xe1, 0x04, 0x6c, 0x3f, 0x91, 0x5f, 0x6a,
    0xe8, 0x2d, 0xad, 0x4f, 0xb6, 0xb0, 0x35, 0x6a, 0x46, 0x51, 0x8f, 0xfc,
    0x83, 0x41, 0x55, 0xc3, 0xb4, 0xfe, 0x6d, 0xaf, 0xa6, 0xcc, 0x8a, 0x5c,
    0xcf, 0x53, 0xc7, 0x3a, 0x08, 0x49, 0xd8, 0xd4, 0x4f, 0x7d, 0xcf, 0x72,
    0x75, 0x4e, 0x70, 0xe1, 0xb7, 0xdf, 0xb4, 0x47, 0xbb, 0x4e, 0xf4, 0x9d,
    0x1a, 0x71, 0x8f, 0x61, 0x71, 0xbb, 0xce, 0x20, 0x09, 0x50, 0xe0, 0xce,
    0x92, 0x61, 0x06, 0xb1, 0x51, 0xa3, 0xe8, 0x71, 0xd5, 0xce, 0x49, 0x73,
    0x1b, 0xd6, 0x65, 0x0a, 0x9b, 0x0c, 0xa9, 0x72, 0xda, 0x1c, 0x5f, 0x13,
    0x6d, 0x44, 0x82, 0x0e, 0xa6, 0x38, 0x3c, 0x08, 0xf3, 0xb3, 0x84, 0xcf,
    0x23, 0x38, 0xe7, 0x89, 0xc5, 0x13, 0xf6, 0x18, 0xcc, 0x56, 0x94, 0xa6,
    0xf0, 0xce, 0xe1, 0x04, 0x51, 0x1e, 0x1e, 0xd7, 0xc5, 0xf2, 0x3a, 0x1e,
    0xbf, 0xd8, 0xa0, 0xdb, 0x84, 0x24, 0x55, 0x32, 0x40, 0x15, 0x6d, 0xbf,
    0x62, 0x28, 0x31, 0xb0, 0xc6, 0x43, 0xd1, 0xc5, 0x51, 0xb6, 0xf3, 0xf7,
    0xa9, 0x8d, 0x29, 0xb8, 0x5c, 0x2d, 0xe0, 0x5a, 0x65, 0xfa, 0x61, 0x5e,
    0xee, 0x16, 0x49, 0x5b, 0xd9, 0x07, 0x37, 0x67, 0x21, 0x15, 0xb5, 0x3e,
    0x91, 0xc5, 0xd9, 0x00, 0x28, 0xcf, 0x3f, 0x1a, 0x93, 0x95, 0x3a, 0x15,
    0x3d, 0xe5, 0x3b, 0x44, 0x08, 0x4e, 0x9c, 0xcf, 0xf6, 0xb7, 0x36, 0x69,
    0x39, 0x26, 0xda, 0xef, 0xeb, 0xb2, 0xd7, 0x7a, 0xa5, 0xad, 0x68, 0x9b,
    0x92, 0xf3, 0x16, 0x86, 0x66, 0x9d, 0xf1, 0x6d, 0x17, 0x15, 0xcc, 0x58,
    0xf7, 0xa2, 0xcf, 0xb7, 0x2d, 0xd1, 0xa5, 0x1e, 0x92, 0xf8, 0x25, 0x99,
    0x3a, 0x74, 0x02, 0x2b, 0xe7, 0xe9, 0xeb, 0x60, 0x54, 0x65, 0x44, 0x57,
    0x09, 0x4d, 0x14, 0x92, 0x8f, 0x20, 0x21, 0x5e, 0x7b, 0x22, 0x2a, 0xc5,
    0x6b, 0x51, 0xad, 0xbe, 0xc8, 0xd8, 0xbd, 0xb6, 0x98, 0x39, 0x79, 0xa7,
    0xe3, 0xa2, 0x1b, 0x44, 0xb5, 0xd1, 0x51, 0x8c, 0xa9, 0x7d, 0x0b, 0x51,
    0x95, 0xf5, 0x1e, 0xd6, 0xa2, 0x43, 0x50, 0xc8, 0x97, 0x47, 0xe1, 0xed,
    0xea, 0x51, 0xb4, 0x48, 0xe3, 0xe9, 0x14, 0x70, 0x54, 0xce, 0x92, 0x78,
    0x73, 0xc9, 0x0d, 0xb3, 0x94, 0xd8, 0x68, 0x88, 0xe0, 0x7d, 0xff, 0x17,
    0x75, 0x93, 0xd6, 0xf7, 0x9e, 0x15, 0x23, 0x02, 0x20, 0x4a, 0xeb, 0x03,
    0xbe, 0x23, 0x86, 0xaf, 0x3e, 0x24, 0x07, 0x8b, 0xd0, 0x28, 0xb1, 0x68,
    0x9f, 0x5e, 0x14, 0x7c, 0x9f, 0x45, 0x2c, 0x8c, 0xeb, 0x02, 0xec, 0x59,
    0xcc, 0x9d, 0xb6, 0x3a, 0x03, 0x57, 0x6c, 0xee, 0xaf, 0xe9, 0x82, 0x39,
    0x02, 0x38, 0x97, 0xda, 0x02, 0x36, 0x63, 0x0a, 0x53, 0xc0, 0xde, 0x7f,
    0x43, 0x5a, 0x19, 0x86, 0x97, 0x92, 0xfa, 0xb3, 0x6e, 0x7b, 0x9e, 0x63,
    0x57, 0x60, 0xf0, 0x90, 0x69, 0xe6, 0x43, 0x2e, 0x70, 0x00, 0x35, 0xac,
    0x2a, 0x02, 0x87, 0x9f, 0xff, 0x0a, 0x1e, 0x1b, 0xec, 0x52, 0x20, 0x47,
    0x19, 0x3d, 0x94, 0xeb, 0x5d, 0xf1, 0xef, 0xd5, 0x3e, 0xea, 0x11, 0x44,
    0xca, 0x78, 0x94, 0x08, 0x52, 0xf5, 0xec, 0x97, 0x27, 0x90, 0x4b, 0x36,
    0x6e, 0xde, 0x4f, 0x5e, 0x2d, 0x33, 0x1f, 0xad, 0x5f, 0xc2, 0x82, 0xea,
    0x2c, 0x47, 0xe9, 0x23, 0x14, 0x27, 0x71, 0xc3, 0xdd, 0x75, 0xa8, 0x73,
    0x57, 0x48, 0x7d, 0xef, 0x99, 0xe5, 0xf1, 0x8e, 0x9d, 0x9e, 0xd6, 0x23,
    0xc1, 0x75, 0xd0, 0x28, 0x88, 0xc5, 0x1f, 0x82, 0xc0, 0x7a, 0x80, 0xd5,
    0x47, 0x16, 0xb3, 0xc3, 0xc2, 0xbd, 0xbe, 0x2e, 0x9f, 0x0a, 0x9b, 0xba,
    0xae, 0xbe, 0xb4, 0xd5, 0x29, 0x36, 0x87, 0x64, 0x06, 0xf5, 0xc0, 0x0e,
    0x8e, 0x4b, 0xbd, 0x0a, 0x5e, 0xc0, 0x57, 0x97, 0xe6, 0x20, 0x7c, 0x5a,
    0xb6, 0xc8, 0x8f, 0x1a, 0x68, 0x84, 0x21, 0xbd, 0x05, 0xa1, 0x14, 0xf4,
    0xd7, 0xde, 0x2a, 0xc2, 0x41, 0xfa, 0x0e, 0x8b, 0xed, 0xff, 0x47, 0xf7,
    0x62, 0xdd, 0xcb, 0xea, 0xa9, 0x10, 0x04, 0xf8, 0xd3, 0x1e, 0x85, 0x09,
    0x5c, 0x81, 0x05, 0x49, 0x94, 0xad, 0x38, 0x26, 0xe3, 0x44, 0xba, 0x96,
    0x04, 0x08, 0x10, 0xfc, 0x0b, 0x2a, 0xd1, 0xde, 0x48, 0xcf, 0xad, 0xe0,
    0x02, 0xc6, 0x2e, 0x5a, 0x49, 0xa0, 0x73, 0x1a, 0xb3, 0x83, 0x44, 0xbc,
    0x16, 0x36, 0xdf, 0x16, 0xbf, 0x60, 0x7d, 0x56, 0x85, 0x5e, 0x56, 0xd6,
    0x84, 0x00, 0x3c, 0x71, 0x8e, 0x4b, 0xad, 0x9e, 0x5a, 0x09, 0x99, 0x79,
    0xfc, 0xdd, 0xee, 0xb1, 0xc4, 0xa7, 0x77, 0x6c, 0xd3, 0x7a, 0x34, 0x17,
    0xcb, 0x0e, 0x18, 0x4e, 0x29, 0xef, 0x9b, 0xc0, 0xe8, 0x74, 0x75, 0xba,
    0x66, 0x3b, 0xe0, 0x9e, 0x00, 0xab, 0x56, 0x2e, 0xb7, 0xc0, 0xf7, 0x16,
    0x5f, 0x96, 0x9a, 0x9b, 0x42, 0x41, 0x41, 0x98, 0xcc, 0xf1, 0xbf, 0xf2,
    0xa2, 0xc8, 0xd6, 0x89, 0xa4, 0x14, 0xec, 0xe7, 0x66, 0x29, 0x27, 0x66,
    0x56, 0x89, 0xe9, 0x4d, 0xb9, 0x61, 0xeb, 0xae, 0xc5, 0x61, 0x5c, 0xbc,
    0x1a, 0x78, 0x95, 0xc6, 0x85, 0x1a, 0xc9, 0x61, 0x43, 0x2f, 0xf1, 0x11,
    0x8d, 0x46, 0x07, 0xd3, 0x2e, 0xf9, 0xdc, 0x73, 0x2d, 0x51, 0x33, 0x3b,
    0xe4, 0xb4, 0xd0, 0xe3, 0x0d, 0xde, 0xa7, 0x84, 0xec, 0xa8, 0xbe, 0x47,
    0xe7, 0x41, 0xbe, 0x9c, 0x19, 0x63, 0x1d, 0xc4, 0x70, 0xa5, 0x2e, 0xf4,
    0xdc, 0x13, 0xa4, 0xf3, 0x63, 0x3f, 0xd4, 0x34, 0xd7, 0x87, 0xc1, 0x70,
    0x97, 0x7b, 0x41, 0x7d, 0xf5, 0x98, 0xe1, 0xd0, 0xdd, 0xe5, 0x06, 0xbb,
    0x71, 0xd6, 0xf0, 0xbc, 0x17, 0xec, 0x70, 0xe3, 0xb0, 0x3c, 0xdc, 0x19,
    0x65, 0xcb, 0x36, 0x99, 0x3f, 0x63, 0x3b, 0x04, 0x72, 0xe5, 0x0d, 0x09,
    0x23, 0xac, 0x6c, 0x66, 0xfd, 0xf1, 0xd3, 0xe6, 0x45, 0x9c, 0xc1, 0x21,
    0xf0, 0xf5, 0xf9, 0x4d, 0x09, 0xe9, 0xdb, 0xcf, 0x5d, 0x69, 0x0e, 0x23,
    0x23, 0x38, 0x38, 0xa0, 0xba, 0xcb, 0x7c, 0x63, 0x8d, 0x1b, 0x26, 0x50,
    0xa4, 0x30, 0x8c, 0xd1, 0x71, 0xb6, 0x85, 0x51, 0x26, 0xd1, 0xda, 0x67,
    0x2a, 0x6e, 0xd8, 0x5a, 0x8d, 0x78, 0xc2, 0x86, 0xfb, 0x56, 0xf4, 0xab,
    0x3d, 0x21, 0x49, 0x75, 0x28, 0x04, 0x5c, 0x63, 0x26, 0x2c, 0x8a, 0x42,
    0xaf, 0x2f, 0x98, 0x02, 0xc5, 0x3b, 0x7b, 0xb8, 0xbe, 0x28, 0xe7, 0x8f,
    0xe0, 0xb5, 0xce, 0x45, 0xfb, 0xb7, 0xa1, 0xaf, 0x1a, 0x3b, 0x28, 0xa8,
    0xd9, 0x4b, 0x78, 0x90, 0xe3, 0xc8, 0x82, 0xe3, 0x9b, 0xc9, 0x8e, 0x9f,
    0x0a, 0xd7, 0x60, 0x25, 0xbf, 0x0d, 0xd2, 0xf0, 0x02, 0x98, 0xe7, 0x14,
    0x1a, 0x22, 0x6b, 0x3d, 0x7c, 0xee, 0x41, 0x4f, 0x60, 0x4d, 0x1e, 0x0b,
    0xa5, 0x4d, 0x11, 0xd5, 0xfe, 0x58, 0xbc, 0xce, 0xa6, 0xad, 0x77, 0xad,
    0x2e, 0x8c, 0x1c, 0xaa, 0xcf, 0x32, 0x45, 0x90, 0x14, 0xb7, 0xb9, 0x10,
    0x01, 0xb1, 0xef, 0xa8, 0xad, 0x17, 0x2a, 0x52, 0x3f, 0xb8, 0xe3, 0x65,
    0xb5, 0x77, 0x12, 0x1b, 0xf9, 0xfd, 0x88, 0xa2, 0xc6, 0x0c, 0x21, 0xe8,
    0x21, 0xd7, 0xb6, 0xac, 0xb4, 0x7a, 0x5a, 0x99, 0x5e, 0x40, 0xca, 0xce,
    0xd5, 0xc2, 0x23, 0xb8, 0xfe, 0x6d, 0xe5, 0xe1, 0x8e, 0x9d, 0x2e, 0x58,
    0x93, 0xae, 0xfe, 0xbb, 0x7a, 0xae, 0x7f, 0xf1, 0xa1, 0x46, 0x26, 0x0e,
    0x2f, 0x11, 0x0e, 0x93, 0x95, 0x28, 0x21, 0x3a, 0x00, 0x25, 0xa3, 0x8e,
    0xc7, 0x9a, 0xab, 0xc8, 0x61, 0xb2, 0x5e, 0xbc, 0x50, 0x9a, 0x46, 0x74,
    0xc1, 0x32, 0xaa, 0xac, 0xb7, 0xe0, 0x14, 0x6f, 0x14, 0xef, 0xd1, 0x1c,
    0xfc, 0xaf, 0x4c, 0xaa, 0x4f, 0x77, 0x5a, 0x71, 0x6c, 0xe3, 0x25, 0xe0,
    0xa4, 0x35, 0xa4, 0xd3, 0x49, 0xd7, 0x20, 0xbc, 0xf1, 0x37, 0x45, 0x0a,
    0xfc, 0x45, 0x04, 0x6f, 0xc1, 0xa1, 0xf8, 0x3a, 0x9d, 0x32, 0x97, 0x77,
    0xa7, 0x08, 0x4e, 0x4a, 0xad, 0xae, 0x71, 0x22, 0xce, 0x97, 0x00, 0x59,
    0x30, 0x52, 0x8e, 0xb3, 0xc7, 0xf7, 0xf1, 0x12, 0x9b, 0x37, 0x28, 0x87,
    0xa3, 0x71, 0x15, 0x5a, 0x3b, 0xa2, 0x01, 0xa2, 0x5c, 0xbf, 0x1d, 0xcb,
    0x64, 0xe7, 0xcd, 0xee, 0x09, 0x2c, 0x31, 0x41, 0xfb, 0x55, 0x50, 0xfe,
    0x3d, 0x0d, 0xd8, 0x2e, 0x87, 0x0e, 0x57, 0x8b, 0x2b, 0x46, 0x50, 0x08,
    0x18, 0x11, 0x3b, 0x8f, 0x65, 0x69, 0x77, 0x3c, 0x67, 0x73, 0x85, 0xb6,
    0x9a, 0x42, 0xb7, 0x7d, 0xcb, 0xa7, 0xac, 0xff, 0xd9, 0x5f, 0xd4, 0x45,
    0x2e, 0x23, 0xaa, 0xa1, 0xd3, 0x7e, 0x1d, 0xa2, 0x15, 0x1e, 0xa6, 0x58,
    0xd4, 0x0a, 0x35, 0x96, 0xb2, 0x7a, 0xc9, 0xf8, 0x12, 0x9d, 0xc6, 0xcf,
    0x06, 0x43, 0x77, 0x26, 0x24, 0xb5, 0x9f, 0x4f, 0x46, 0x12, 0x30, 0xdf,
    0x47, 0x1c, 0xa2, 0x60, 0x87, 0xc3, 0x94, 0x2d, 0x5c, 0x66, 0x87, 0xdf,
    0x60, 0x82, 0x83, 0x59, 0x35, 0xa3, 0xf8, 0x7c, 0xb7, 0x62, 0xb0, 0xc3,
    0xb1, 0xd0, 0xdd, 0xa4, 0xa6, 0x53, 0x39, 0x65, 0xbe, 0xf1, 0xb7, 0xb8,
    0x29, 0x2e, 0x25, 0x4c, 0x01, 0x4d, 0x09, 0x0f, 0xed, 0x85, 0x7c, 0x44,
    0xc1, 0x83, 0x9c, 0x69, 0x4c, 0x0a, 0x64, 0xe3, 0xfa, 0xd9, 0x0a, 0x11,
    0xf5, 0x34, 0x72, 0x2b, 0x6e, 0xe1, 0x57, 0x4f, 0x2e, 0x14, 0x9d, 0x55,
    0xd7, 0x44, 0xde, 0x48, 0x87, 0x02, 0x4e, 0x08, 0x51, 0x14, 0x31, 0xc0,
    0x62, 0x75, 0x0e, 0x16, 0xc7, 0x4a, 0xb9, 0xf3, 0x24, 0x2f, 0x2d, 0xb3,
    0xff, 0xb1, 0x2a, 0x8d, 0x61, 0x07, 0xfa, 0xa2, 0x29, 0xd6, 0xf6, 0x37,
    0x3b, 0x07, 0xf3, 0x6d, 0x39, 0x32, 0xb3, 0xbd, 0xb0, 0x4c, 0x19, 0xdd,
    0x64, 0xea, 0xdd, 0x7f, 0x93, 0xc3, 0xc5, 0x64, 0xc3, 0x58, 0xa1, 0xc8,
    0x1d, 0xcf, 0x1c, 0x9c, 0x31, 0xe5, 0xb0, 0x65, 0x68, 0xf9, 0x75, 0x44,
    0xc1, 0x7d, 0xc1, 0x56, 0x98, 0xc5, 0xcb, 0x38, 0x98, 0x3a, 0x9a, 0xfc,
    0x42, 0x78, 0x3f, 0xaa, 0x77, 0x3a, 0x52, 0xc9, 0xd8, 0x26, 0x06, 0x90,
    0xbe, 0x9e, 0x31, 0x56, 0xaa, 0x5b, 0xc1, 0x50, 0x9d, 0xea, 0x3f, 0x69,
    0x58, 0x76, 0x95, 0xcd, 0x6f, 0xf1, 0x72, 0xba, 0x83, 0xe6, 0xa6, 0xd8,
    0xa7, 0xd6, 0xbb, 0xeb, 0xbb, 0xcd, 0xa3, 0x67, 0x27, 0x31, 0x98, 0x3f,
    0x89, 0xbc, 0x58, 0x31, 0xdc, 0x37, 0xc3, 0xf3, 0xc5, 0xc5, 0x6f, 0xac,
    0xc6, 0x97, 0xf3, 0xcb, 0x20, 0xbd, 0x5d, 0xba, 0xdb, 0xd7, 0x02, 0xe5,
    0x48, 0x44, 0xac, 0x2f, 0x62, 0x69, 0x01, 0xfe, 0x15, 0x9d, 0xb9, 0x3d,
    0xfd, 0x47, 0x73, 0xd8, 0xfe, 0x73, 0x56, 0x2b, 0x84, 0x6c, 0x1f, 0xc8,
    0x56, 0xd1, 0x80, 0x27, 0x62, 0x84, 0x0e, 0xbc, 0x72, 0xd7, 0x98, 0x8b,
    0xde, 0x75, 0xcb, 0xca, 0x70, 0xd3, 0x19, 0xd3, 0x2c, 0xe0, 0xcc, 0x02,
    0x53, 0xbb, 0x2a, 0xd4, 0x55, 0x72, 0x3e, 0xe0, 0xc7, 0xf4, 0x73, 0x6c,
    0xe6, 0xe6, 0x66, 0x5c, 0x5a, 0xca, 0x32, 0xa4, 0x81, 0xc5, 0x38, 0x39,
    0xbc, 0x25, 0x91, 0x67, 0xb0, 0x13, 0xd0, 0x42, 0x33, 0x95, 0xee, 0xb9,
    0xaa, 0xae, 0xe3, 0x20, 0x61, 0x49, 0xa7, 0xd5, 0x50, 0xd6, 0x7f, 0xc5,
    0xfd, 0xfe, 0x4a, 0x8a, 0x5c, 0x35, 0xd2, 0x51, 0x0b, 0x66, 0x43, 0x79,
    0xab, 0x8f, 0x72, 0x85, 0x5a, 0x2a, 0xf4, 0x7a, 0xbc, 0xe2, 0xa6, 0x32,
    0x04, 0x8e, 0xaf, 0x89, 0xe5, 0xcb, 0x4a, 0x88, 0xde, 0xbc, 0x53, 0xa5,
    0x95, 0x10, 0x3a, 0xcc, 0xe4, 0xf1, 0xcf, 0xf1, 0x8a, 0xcf, 0xf0, 0x7a,
    0xfe, 0x1e, 0xb5, 0x71, 0x6a, 0xa1, 0xe4, 0x0b, 0x63, 0x13, 0x4c, 0x3a,
    0x3a, 0xe9, 0x57, 0x9f, 0xa8, 0x7f, 0x51, 0x5b, 0xe0, 0x93, 0xc2, 0xd2,
    0x9d, 0xb6, 0xd6, 0xb6, 0x5c, 0x93, 0x66, 0x1e, 0x00, 0x63, 0x6b, 0x59,
    0x27, 0x04, 0xd0, 0x93, 0xcc, 0x67, 0x16, 0xc2, 0x34, 0x2e, 0xb1, 0x85,
    0x3d, 0x48, 0xc8, 0x5c, 0x63, 0xac, 0x8a, 0x28, 0x54, 0x46, 0x2c, 0x7b,
    0x77, 0xe7, 0xe3, 0xbd, 0x1e, 0xac, 0x5b, 0xca, 0x28, 0xff, 0xaa, 0x00,
    0xb5, 0xd3, 0x49, 0xf8, 0xa5, 0x47, 0xad, 0x87, 0x5b, 0x96, 0xa8, 0xc2,
    0xb2, 0x91, 0x0c, 0x93, 0x01, 0x30, 0x9a, 0x3f, 0x91, 0x38, 0xa5, 0x69,
    0x31, 0x11, 0xf5, 0x5b, 0x3c, 0x00, 0x9c, 0xa9, 0x47, 0xc3, 0x9d, 0xfc,
    0x82, 0xd9, 0x8e, 0xb1, 0xca, 0xa4, 0xa9, 0xcb, 0xe8, 0x85, 0xf7, 0x86,
    0xfa, 0x86, 0xe5, 0x5b, 0xe0, 0x62, 0x22, 0x2f, 0x8b, 0xa9, 0x0a, 0x97,
    0x40, 0x73, 0x32, 0x6b, 0x31, 0x21, 0x2a, 0xec, 0xe0, 0xa3, 0x4a, 0x60,
  
};
static const unsigned char kat_mldsa87_sig[] = {
    0x8a, 0x5a, 0xb6, 0x7a, 0x81, 0xae, 0xd3, 0x5c, 0xc1, 0x53, 0x58, 0x9a,
    0x7c, 0x0a, 0xdb, 0x4d, 0x99, 0xf1, 0x42, 0x86, 0x21, 0x36, 0x4a, 0xc0,
    0x18, 0x4a, 0x03, 0x00, 0x26, 0x0b, 0x1c, 0xa8, 0x60, 0x38, 0x0d, 0x68,
    0x31, 0x59, 0x9b, 0x02, 0xcd, 0x38, 0xd3, 0x7a, 0x6c, 0xfe, 0xa3, 0x08,
    0x71, 0x94, 0x37, 0x7a, 0x50, 0x4c, 0x8d, 0xff, 0x7e, 0x54, 0xe5, 0xbf,
    0x14, 0x47, 0x9f, 0xae, 0xab, 0x92, 0x7c, 0x6a, 0x2c, 0xec, 0x4c, 0xec,
    0x46, 0xdd, 0x0e, 0x83, 0x8a, 0x3c, 0xfa, 0xc7, 0x51, 0x0f, 0x9f, 0x42,
    0x96, 0xa9, 0xdf, 0x59, 0x1f, 0x9f, 0x61, 0xc3, 0xa2, 0x5b, 0xff, 0xb8,
    0xa7, 0x76, 0x62, 0xa7, 0x71, 0xd3, 0x66, 0x82, 0x6c, 0x8c, 0x78, 0xda,
    0x44, 0x6a, 0xfa, 0x1a, 0xdf, 0x7d, 0xe6, 0x53, 0x8f, 0x76, 0x8d, 0xca,
    0x86, 0x1b, 0x32, 0x52, 0xe4, 0x14, 0x59, 0x71, 0x20, 0x35, 0x68, 0x46,
    0xaf, 0xc4, 0x37, 0xc7, 0xb4, 0xae, 0x7a, 0xde, 0xcf, 0x62, 0xdf, 0x77,
    0x12, 0xab, 0xc1, 0x83, 0xa9, 0xb9, 0x8f, 0xab, 0xcb, 0x1e, 0x09, 0xba,
    0xff, 0x99, 0x3f, 0xa3, 0x74, 0xcb, 0x20, 0x7f, 0xe3, 0xa1, 0x8f, 0x7b,
    0x33, 0xaa, 0x26, 0x2f, 0x42, 0x43, 0xb7, 0x08, 0x49, 0x63, 0xf6, 0x94,
    0xa6, 0xe3, 0x09, 0xda, 0x89, 0x73, 0x7d, 0x7a, 0x45, 0xf2, 0xa7, 0xfc,
    0x95, 0xd2, 0x8f, 0xee, 0xd6, 0xff, 0x57, 0x1a, 0x75, 0xcf, 0xe0, 0x4c,
    0x35, 0x6e, 0x67, 0xe9, 0xb3, 0x8e, 0x9f, 0x10, 0xb8, 0x24, 0x25, 0x33,
    0x28, 0x87, 0x2b, 0x06, 0xbe, 0x96, 0xc5, 0x53, 0xf6, 0xeb, 0x0f, 0x6a,
    0xe0, 0x0c, 0xbd, 0x22, 0x24, 0x83, 0x7e, 0x9c, 0xc8, 0x51, 0xa9, 0x61,
    0xe7, 0xc0, 0x97, 0x66, 0x82, 0xbd, 0x9d, 0x54, 0x69, 0x0d, 0xde, 0xfe,
    0x8f, 0x42, 0x52, 0xb0, 0x80, 0x54, 0x17, 0x2d, 0xf5, 0x13, 0xdc, 0xe2,
    0xb0, 0x1e, 0x03, 0x1a, 0x44, 0x02, 0xaf, 0x9e, 0x8f, 0x90, 0x96, 0x35,
    0xed, 0xa7, 0xb2, 0x31, 0xd4, 0xfe, 0x79, 0x9c, 0x8b, 0xeb, 0xf6, 0xba,
    0x35, 0xab, 0x62, 0xb2, 0xa1, 0x56, 0x99, 0x67, 0x9b, 0x62, 0xc5, 0x03,
    0xe4, 0x9e, 0x56, 0x4f, 0xf9, 0x62, 0x81, 0x30, 0xa4, 0xb5, 0xee, 0x55,
    0xfc, 0xd7, 0x1c, 0xec, 0xb4, 0x5e, 0x10, 0x13, 0x59, 0xf2, 0x02, 0x63,
    0x64, 0xd8, 0xf2, 0x30, 0xe9, 0xe0, 0xb4, 0x55, 0xda, 0x44, 0x85, 0x9b,
    0x43, 0xad, 0xdf, 0xc6, 0x76, 0x00, 0x8c, 0x27, 0x51, 0x12, 0xe2, 0xb4,
    0x49, 0x64, 0xa7, 0x53, 0x68, 0x46, 0x28, 0x1e, 0xb0, 0x30, 0x5a, 0x31,
    0x6b, 0x58, 0xa1, 0x38, 0x3c, 0x00, 0x74, 0x4e, 0x69, 0x5d, 0x83, 0x45,
    0xd7, 0xea, 0x1a, 0x1a, 0x1c, 0x4b, 0xb2, 0x77, 0xc7, 0xb8, 0xca, 0x84,
    0x03, 0x2e, 0x4f, 0xe8, 0xc8, 0xab, 0xd1, 0x79, 0x84, 0x29, 0x3f, 0x00,
    0xab, 0x13, 0x0e, 0x62, 0x12, 0x87, 0xad, 0xa7, 0x76, 0x8f, 0xe2, 0xb4,
    0xa9, 0x3f, 0xd4, 0xa4, 0xa7, 0xb4, 0x27, 0xf8, 0x41, 0x8f, 0xf7, 0x22,
    0x8f, 0xfd, 0xcc, 0xe0, 0x89, 0x36, 0x96, 0x8a, 0x01, 0x66, 0xb9, 0x15,
    0xdf, 0xbb, 0x20, 0xc4, 0xb0, 0x4a, 0x87, 0xf5, 0x8b, 0x91, 0x23, 0x5b,
    0xd2, 0x3d, 0x6f, 0xec, 0x6c, 0xef, 0x90, 0x0f, 0x38, 0x78, 0x74, 0xfa,
    0x3f, 0xf7, 0xb4, 0xf1, 0x6a, 0xe2, 0x9f, 0xb6, 0xd2, 0x58, 0x55, 0x8c,
    0xce, 0x37, 0xb0, 0x3b, 0x1b, 0xec, 0x48, 0x8c, 0x1a, 0x78, 0xb3, 0x92,
    0x3b, 0x9b, 0xe5, 0x03, 0x61, 0x7f, 0xb5, 0xff, 0x55, 0x45, 0x1e, 0xa1,
    0x81, 0x6d, 0x89, 0x2e, 0x3c, 0xf6, 0xc9, 0xe0, 0x85, 0x4e, 0x4a, 0x5b,
    0x62, 0x83, 0x28, 0x00, 0x5d, 0x37, 0x50, 0xa6, 0x12, 0x03, 0x7b, 0x0a,
    0x33, 0xe8, 0x40, 0xf0, 0x89, 0xa9, 0x97, 0x76, 0xfe, 0x73, 0x8a, 0x2e,
    0x04, 0x8c, 0xaf, 0x68, 0xbf, 0x01, 0x8f, 0x98, 0xde, 0x87, 0x6b, 0xbe,
    0xa7, 0x2a, 0xf7, 0x6d, 0x24, 0x93, 0x4e, 0xb9, 0x25, 0x7a, 0xaa, 0x63,
    0x73, 0x03, 0xea, 0xa0, 0xcb, 0xdb, 0x56, 0xf7, 0x38, 0x19, 0x33, 0xc2,
    0x98, 0x39, 0x3a, 0x4b, 0x93, 0x88, 0x24, 0x31, 0xe5, 0x45, 0x99, 0x4c,
    0xbb, 0x51, 0xaa, 0x52, 0xb4, 0x05, 0x95, 0x52, 0x0d, 0x7c, 0x14, 0x44,
    0xac, 0xe9, 0xd5, 0xb6, 0xcf, 0xb8, 0x36, 0xf7, 0xc2, 0x18, 0x77, 0x17,
    0xba, 0x65, 0xbb, 0x16, 0xb7, 0x57, 0x2b, 0xf5, 0xe9, 0x3e, 0x95, 0x71,
    0x64, 0x7e, 0xe5, 0xf2, 0xc3, 0xdb, 0x4e, 0x64, 0x41, 0x7d, 0x27, 0x7d,
    0x34, 0x70, 0xbc, 0xef, 0x1e, 0x0c, 0x99, 0x26, 0x85, 0xb0, 0x16, 0x12,
    0x7e, 0x9b, 0x46, 0xa9, 0x08, 0x86, 0x6e, 0x16, 0xfd, 0x08, 0xac, 0xe7,
    0x95, 0xb9, 0x24, 0x2e, 0x28, 0x5f, 0x1b, 0x90, 0xa2, 0xfa, 0xa6, 0xbe,
    0x2f, 0x9f, 0x41, 0x6e, 0xc6, 0x76, 0x2b, 0x4c, 0x31, 0xb8, 0x0e, 0x7b,
    0x52, 0x46, 0x8c, 0x59, 0xaf, 0x8f, 0x9f, 0xeb, 0x5b, 0xaa, 0xb9, 0x0d,
    0x6f, 0xf2, 0x09, 0x6d, 0xfd, 0x10, 0x15, 0xc6, 0xdd, 0x17, 0x0c, 0xd0,
    0xc7, 0x6c, 0xdc, 0xe4, 0xce, 0x80, 0x11, 0x33, 0x86, 0x22, 0xce, 0xdc,
    0x62, 0xe9, 0x0c, 0x7a, 0xd0, 0xf8, 0xb3, 0x06, 0xbf, 0xc4, 0x99, 0x55,
    0xd0, 0xf7, 0xf2, 0x24, 0xf6, 0xa5, 0x6e, 0xf2, 0x5e, 0xe3, 0x07, 0x65,
    0xa5, 0x3a, 0x1b, 0xc2, 0x92, 0x5d, 0xf7, 0xbd, 0x72, 0x99, 0x02, 0x7e,
    0x50, 0x80, 0x16, 0xe1, 0x8a, 0x43, 0x64, 0xe7, 0x11, 0xee, 0xb7, 0xe8,
    0x37, 0x28, 0x62, 0x08, 0x0e, 0x62, 0x6e, 0xb9, 0x43, 0x97, 0x85, 0xe1,
    0x7e, 0xcd, 0x57, 0xa4, 0x57, 0x78, 0xba, 0x1c, 0x99, 0x56, 0x63, 0xb6,
    0x54, 0xd2, 0x4f, 0x82, 0xc6, 0xa3, 0xe1, 0xc7, 0x67, 0x53, 0xaf, 0xf3,
    0x2a, 0x29, 0x70, 0xcd, 0x44, 0xfb, 0x9e, 0x10, 0xc2, 0xea, 0x9d, 0x93,
    0xa0, 0x06, 0x0f, 0x23, 0x13, 0x16, 0x7e, 0xaa, 0xd0, 0x0c, 0x89, 0x05,
    0x6a, 0xe1, 0xe8, 0x89, 0x55, 0xd4, 0x76, 0xd8, 0xd4, 0xb6, 0x96, 0x54,
    0x15, 0xc5, 0xbd, 0x51, 0x41, 0x32, 0x60, 0xd7, 0x73, 0x6b, 0xfa, 0x97,
    0x2f, 0xab, 0x3d, 0x19, 0xe0, 0xd3, 0xe1, 0xcb, 0x2a, 0x85, 0xf5, 0x9a,
    0xc1, 0x21, 0x36, 0xbd, 0x1b, 0x63, 0x3e, 0x95, 0x06, 0x1e, 0x87, 0x89,
    0x0f, 0x6b, 0xf0, 0x0b, 0x24, 0xf3, 0x5b, 0x8a, 0x24, 0xe7, 0xf4, 0x9a,
    0x7e, 0xe0, 0x2b, 0x75, 0x63, 0x91, 0x51, 0x67, 0x97, 0xf1, 0x5b, 0xa2,
    0xac, 0x52, 0xa1, 0xd1, 0xde, 0xc1, 0x11, 0xab, 0x15, 0x7d, 0xf0, 0xcc,
    0xfa, 0xbf, 0x7c, 0x7a, 0x86, 0xbe, 0xa8, 0xd9, 0x5f, 0xb6, 0xa7, 0x14,
    0x8e, 0xba, 0x83, 0x84, 0xe9, 0xed, 0x3a, 0x9e, 0xd8, 0x1e, 0x14, 0xc3,
    0x63, 0x59, 0xd3, 0x17, 0xd1, 0x03, 0x90, 0x7c, 0xad, 0x48, 0xec, 0xfb,
    0x71, 0xe7, 0x16, 0xb4, 0x33, 0x0f, 0x2a, 0x34, 0x7f, 0x87, 0x88, 0xd9,
    0x06, 0xc8, 0xc4, 0xe5, 0x05, 0x09, 0xec, 0x7e, 0x8c, 0x0f, 0xe4, 0x5a,
    0x20, 0x80, 0x5f, 0xa1, 0x6a, 0x79, 0xf3, 0xee, 0xb1, 0xda, 0x27, 0x90,
    0xf6, 0x0e, 0x4a, 0x41, 0xf3, 0x56, 0x11, 0xe8, 0x8c, 0x4d, 0xca, 0xb2,
    0x75, 0x28, 0xf3, 0x89, 0x03, 0xaf, 0x46, 0x75, 0x8c, 0xd1, 0xd3, 0x22,
    0x10, 0x81, 0xbb, 0xed, 0x71, 0x9d, 0x1f, 0x49, 0x15, 0xf1, 0x6d, 0x37,
    0x77, 0x2a, 0x7f, 0xe4, 0x34, 0x82, 0x89, 0x5a, 0x88, 0x0c, 0x60, 0x3a,
    0x50, 0x28, 0x87, 0x7d, 0xfc, 0xc1, 0xe6, 0x0d, 0xa1, 0x74, 0x9e, 0x7a,
    0x89, 0x52, 0x6f, 0x89, 0x22, 0xb2, 0x74, 0x17, 0xf5, 0x14, 0x2b, 0xfe,
    0x8f, 0x4f, 0x20, 0xd7, 0x6a, 0xb5, 0xc5, 0x27, 0xc2, 0x91, 0x25, 0x4b,
    0xa7, 0x92, 0x22, 0x21, 0x33, 0x91, 0x8c, 0x73, 0x9d, 0xec, 0x27, 0x03,
    0x95, 0x18, 0x5d, 0xb2, 0x58, 0x45, 0x49, 0x19, 0x53, 0x9a, 0x77, 0xe1,
    0xcc, 0x91, 0xa0, 0xe7, 0xde, 0xb9, 0x03, 0x43, 0x60, 0x60, 0xad, 0x6e,
    0x1e, 0xee, 0x8e, 0xdd, 0x94, 0x7a, 0xea, 0xca, 0x76, 0xd1, 0xbd, 0xe1,
    0xd4, 0x7a, 0xd0, 0x4d, 0x64, 0xc7, 0xfb, 0x89, 0x56, 0x09, 0xaa, 0x99,
    0xf4, 0xf9, 0x5c, 0xb1, 0x5c, 0x8a, 0x95, 0x1d, 0xd2, 0xf3, 0x74, 0x51,
    0x7f, 0x20, 0x86, 0x1a, 0x91, 0x34, 0x84, 0x27, 0x64, 0xe6, 0xa4, 0xed,
    0x56, 0x65, 0x64, 0x66, 0x73, 0x14, 0x7f, 0xce, 0x58, 0x81, 0x3f, 0xfc,
    0x90, 0x1c, 0xe9, 0x54, 0xa7, 0x14, 0x09, 0xbe, 0xb7, 0x09, 0x29, 0xd9,
    0xa1, 0x1f, 0x52, 0xa1, 0xf8, 0x11, 0x63, 0x3d, 0xb3, 0x7b, 0xa1, 0x37,
    0xe2, 0xf8, 0x85, 0x3d, 0x69, 0xad, 0x94, 0x52, 0xcc, 0xf7, 0x05, 0x59,
    0x73, 0xea, 0x0f, 0x33, 0xb2, 0xf4, 0x74, 0xec, 0x36, 0x26, 0x1e, 0x19,
    0xf4, 0x47, 0xbf, 0xce, 0x37, 0xc4, 0xd1, 0x9a, 0x89, 0xaf, 0x8f, 0xb6,
    0xdf, 0x3f, 0x07, 0x09, 0xe7, 0x78, 0xbb, 0x62, 0xd1, 0xc8, 0xdc, 0xee,
    0x4d, 0xbc, 0x5e, 0xb9, 0x49, 0xff, 0x20, 0x48, 0x36, 0x30, 0x04, 0xe8,
    0xd5, 0x20, 0x84, 0xf4, 0x4a, 0xe5, 0xd3, 0x60, 0x55, 0x42, 0x5f, 0xcd,
    0xc3, 0xc8, 0x76, 0x09, 0x71, 0x4f, 0xfd, 0x2d, 0x39, 0xd4, 0x31, 0x2a,
    0xbe, 0xc9, 0xa7, 0x61, 0x5d, 0xb2, 0xfb, 0x42, 0xb0, 0x12, 0xaf, 0x7a,
    0xe6, 0x61, 0x81, 0x08, 0xfd, 0x78, 0x28, 0xc0, 0xe5, 0x58, 0xe7, 0xda,
    0xc4, 0xd6, 0x1e, 0x36, 0x15, 0x16, 0x9b, 0xd7, 0xd4, 0x53, 0x0e, 0x3c,
    0x64, 0x22, 0xea, 0x37, 0xb7, 0x87, 0xc9, 0x2f, 0x2d, 0x70, 0x57, 0x40,
    0x06, 0xba, 0x7e, 0x57, 0x01, 0xfc, 0x61, 0x10, 0x16, 0x34, 0x16, 0xd5,
    0xbf, 0x31, 0xa2, 0xab, 0xd6, 0x00, 0x46, 0x69, 0x0a, 0x15, 0xc2, 0x9e,
    0x96, 0x42, 0x0e, 0xa1, 0x2e, 0x23, 0xf2, 0x56, 0x19, 0x30, 0xb1, 0x14,
    0xe8, 0xd1, 0x63, 0xb1, 0x2d, 0x64, 0x6a, 0x0c, 0x79, 0xc1, 0xa9, 0x32,
    0x49, 0x79, 0x80, 0xc8, 0x8f, 0x95, 0x91, 0x66, 0xdb, 0x05, 0xa9, 0x98,
    0x65, 0x55, 0x01, 0x34, 0x46, 0x36, 0x74, 0xa7, 0x10, 0x47, 0xb8, 0x37,
    0xc7, 0x40, 0x8e, 0xc3, 0x2f, 0x8a, 0xfe, 0xac, 0xa5, 0x82, 0x1d, 0xdd,
    0x6c, 0x36, 0xdc, 0x6f, 0xb0, 0x29, 0xad, 0x36, 0x6a, 0x3b, 0x03, 0x05,
    0x8e, 0x7c, 0x7d, 0x56, 0x91, 0x65, 0x3d, 0xd2, 0xa6, 0x5f, 0xa7, 0xea,
    0x45, 0xdc, 0x28, 0x7c, 0xe5, 0x88, 0xc1, 0x8d, 0x12, 0x5c, 0xe9, 0xc7,
    0xcf, 0xf5, 0x66, 0x12, 0xe8, 0xcb, 0xe0, 0x11, 0x2e, 0xfe, 0x72, 0x86,
    0xab, 0x25, 0x80, 0x0e, 0x79, 0x77, 0xad, 0xff, 0x6c, 0xa3, 0x90, 0x25,
    0x98, 0x06, 0x53, 0x64, 0x99, 0x5f, 0xd6, 0x1f, 0x78, 0x84, 0x46, 0xac,
    0xe7, 0x54, 0x9b, 0x44, 0x5a, 0xeb, 0x02, 0x85, 0x3f, 0x81, 0xd6, 0xdb,
    0x22, 0x71, 0x7a, 0x9e, 0x02, 0xd7, 0x6a, 0x28, 0x72, 0x2d, 0x41, 0x1c,
    0xfe, 0x42, 0xdf, 0x9e, 0x79, 0xa8, 0x5b, 0x74, 0xa7, 0x27, 0xf5, 0xbc,
    0x72, 0x19, 0x47, 0xc2, 0xb8, 0x53, 0x6c, 0xa9, 0x24, 0xfb, 0xe4, 0x62,
    0x95, 0x17, 0x42, 0x3b, 0x7c, 0x42, 0xe1, 0x38, 0x2a, 0xd3, 0x65, 0x46,
    0xd2, 0xd6, 0x3c, 0x1f, 0xad, 0x59, 0xf7, 0x79, 0x7a, 0xa2, 0x16, 0xcf,
    0x44, 0x80, 0xed, 0xeb, 0x2c, 0x28, 0x19, 0xad, 0x9a, 0x22, 0x06, 0x65,
    0xcd, 0xff, 0xa3, 0x43, 0x0d, 0x49, 0x29, 0xdf, 0xd3, 0xae, 0x5a, 0x11,
    0x8c, 0x05, 0x78, 0xcc, 0xc9, 0xbc, 0xb0, 0xd5, 0x72, 0x66, 0xd5, 0xdb,
    0xe0, 0xa7, 0xb8, 0xfa, 0xec, 0x28, 0x89, 0xec, 0x51, 0x13, 0xa5, 0x18,
    0x5e, 0x77, 0x41, 0xa7, 0xaa, 0x2d, 0x58, 0xc9, 0xe9, 0xac, 0x28, 0x6f,
    0x3a, 0x08, 0x87, 0xe1, 0x49, 0xe0, 0xfd, 0x8d, 0x25, 0xb1, 0x13, 0xb3,
    0x4a, 0xe1, 0x96, 0xc9, 0x10, 0xe5, 0x19, 0x83, 0x09, 0xf6, 0x20, 0x48,
    0x6a, 0xa9, 0x5c, 0xba, 0x9a, 0xee, 0xfe, 0x11, 0x20, 0xca, 0x48, 0xda,
    0x65, 0xe4, 0xb5, 0x7d, 0x73, 0xbc, 0xdf, 0x8f, 0x8f, 0xe3, 0xb9, 0x42,
    0xd3, 0x51, 0xf1, 0x7d, 0x68, 0x07, 0xe4, 0x48, 0x7d, 0x8b, 0x82, 0xd7,
    0x03, 0x6c, 0xe3, 0xfe, 0xd4, 0x4e, 0xa2, 0x61, 0x82, 0x70, 0x62, 0x88,
    0xdf, 0xa6, 0xf3, 0x84, 0xdd, 0x1b, 0xc2, 0x96, 0xf4, 0x73, 0x5e, 0x15,
    0xfe, 0x31, 0x8f, 0xd4, 0x5c, 0x1b, 0xa1, 0xa1, 0x6b, 0xe5, 0x9b, 0xe1,
    0x16, 0x6e, 0xc5, 0x16, 0xd6, 0x20, 0x39, 0x7d, 0x71, 0x6b, 0xa3, 0xb2,
    0x5c, 0x69, 0xb2, 0xa9, 0xdb, 0xba, 0xba, 0x5e, 0xac, 0x10, 0x96, 0x90,
    0xaf, 0x93, 0x69, 0x48, 0xb7, 0xbc, 0xe5, 0x15, 0x88, 0xc5, 0xe5, 0xdf,
    0x51, 0x7f, 0xa3, 0x1d, 0x52, 0x03, 0x2c, 0x7c, 0x9e, 0x26, 0xf4, 0x92,
    0xe3, 0x01, 0x3b, 0xc2, 0x87, 0xb6, 0xa1, 0x43, 0xe4, 0x62, 0x7e, 0xbb,
    0x09, 0x3f, 0xa1, 0x10, 0xfc, 0x0f, 0x06, 0x41, 0xf2, 0xc2, 0x87, 0x10,
    0x1a, 0x14, 0x44, 0xd2, 0xbd, 0x62, 0x41, 0xd7, 0xdd, 0x71, 0xbc, 0xe6,
    0xfb, 0xe9, 0xb9, 0x50, 0xdf, 0x54, 0xb9, 0x83, 0x72, 0xaf, 0x93, 0x5d,
    0x93, 0xa2, 0xc1, 0x82, 0xe2, 0xbc, 0xcd, 0xbe, 0x01, 0x65, 0xb8, 0xc2,
    0x89, 0x8a, 0xe6, 0xb2, 0x16, 0x22, 0x1d, 0x3d, 0xc7, 0xc3, 0x2a, 0x05,
    0x25, 0x12, 0x86, 0x70, 0x98, 0x98, 0x1e, 0x2d, 0x93, 0x3b, 0x36, 0x2d,
    0x94, 0xdb, 0xe7, 0x6f, 0x51, 0xfb, 0x39, 0x55, 0x7e, 0x39, 0xad, 0xb4,
    0x20, 0xdb, 0x99, 0x0d, 0xf7, 0x09, 0x04, 0x8d, 0x9d, 0xb6, 0x3a, 0x11,
    0x98, 0x90, 0x07, 0x85, 0x4c, 0x34, 0x8c, 0x82, 0x1e, 0x0d, 0xa5, 0x84,
    0x1a, 0x41, 0xcc, 0x8d, 0xcb, 0x58, 0x6b, 0x3a, 0xad, 0x61, 0x19, 0x19,
    0x46, 0xbf, 0x72, 0x48, 0x39, 0x7a, 0x57, 0x5e, 0x65, 0x14, 0x4b, 0x72,
    0x38, 0x08, 0x10, 0x4f, 0x86, 0x06, 0x1b, 0xe3, 0x40, 0xe9, 0x81, 0xad,
    0xd5, 0x34, 0xa6, 0x9b, 0xb1, 0xad, 0x27, 0xff, 0xab, 0x1e, 0x61, 0x91,
    0x99, 0xae, 0x53, 0xd2, 0x73, 0xe8, 0xd9, 0x24, 0x72, 0x88, 0x65, 0xe2,
    0x0a, 0x02, 0xcd, 0xc7, 0x1d, 0xf6, 0x5a, 0xe8, 0xf1, 0x71, 0x85, 0xf2,
    0x9a, 0x82, 0x99, 0x0e, 0xbc, 0x2d, 0xe3, 0x8d, 0xf4, 0xa3, 0xc6, 0xa4,
    0x5b, 0x03, 0x62, 0xc0, 0xc5, 0x65, 0x86, 0xea, 0x40, 0x66, 0xfe, 0x7a,
    0x14, 0xb6, 0xbe, 0x53, 0xa8, 0xb8, 0xd7, 0xd5, 0x9a, 0xe0, 0x41, 0x98,
    0xbf, 0xea, 0xd3, 0x15, 0xa8, 0x53, 0xc7, 0x38, 0xd9, 0x1b, 0xd0, 0xdb,
    0x7c, 0xf0, 0x78, 0x8e, 0x71, 0x55, 0x57, 0x3b, 0x1d, 0xd0, 0x58, 0x89,
    0x01, 0xbc, 0x50, 0xca, 0xf8, 0xb7, 0x68, 0x45, 0xa7, 0xb2, 0x93, 0x17,
    0xb1, 0xcc, 0x94, 0x35, 0x3b, 0xbe, 0xe1, 0x93, 0x32, 0x2e, 0x67, 0x3e,
    0x3b, 0x40, 0x98, 0x38, 0xb8, 0xbf, 0x42, 0x1e, 0x4a, 0xdd, 0x2a, 0x11,
    0x34, 0x94, 0x8c, 0x23, 0x84, 0x8d, 0x58, 0x48, 0x1b, 0xc3, 0x91, 0x9f,
    0xdd, 0x5e, 0x0a, 0x99, 0x4c, 0x59, 0x2c, 0x47, 0xce, 0xe8, 0x0c, 0x65,
    0x33, 0x6e, 0x97, 0xf4, 0x39, 0x05, 0x42, 0x24, 0x7e, 0x55, 0x8d, 0x45,
    0xd6, 0xc8, 0x2b, 0xb5, 0x52, 0x1b, 0x43, 0x73, 0x0c, 0xaa, 0x39, 0xbc,
    0x17, 0x20, 0x26, 0x4e, 0x7e, 0xb5, 0xfa, 0x65, 0x07, 0x52, 0x26, 0x2e,
    0xc9, 0x90, 0x7b, 0x0e, 0x03, 0xb4, 0x6e, 0x76, 0xf6, 0xae, 0x69, 0x9e,
    0x31, 0x61, 0x7d, 0xad, 0x76, 0xd7, 0xe3, 0x50, 0x35, 0x2d, 0x9c, 0x93,
    0xc5, 0x7d, 0x6d, 0xde, 0xfa, 0x61, 0x7d, 0xb8, 0x01, 0x47, 0x40, 0xdf,
    0x60, 0xbd, 0x69, 0x99, 0x2e, 0x3d, 0x8a, 0x46, 0x12, 0xc4, 0x6f, 0xea,
    0x82, 0x8a, 0x51, 0xd1, 0xba, 0x86, 0x70, 0x86, 0x09, 0x89, 0x1a, 0xf9,
    0xfd, 0x2e, 0x46, 0x5b, 0x45, 0x7d, 0x7a, 0xad, 0x20, 0x9e, 0x83, 0x5b,
    0x5c, 0xce, 0xee, 0xdb, 0x0a, 0x1d, 0xf6, 0xdf, 0xd4, 0x9e, 0x9b, 0x67,
    0x4e, 0xef, 0xb9, 0x71, 0xfd, 0x6d, 0x5c, 0xf1, 0x95, 0xbf, 0x9a, 0x28,
    0x55, 0x92, 0x20, 0xac, 0x95, 0xe5, 0x5b, 0x27, 0x43, 0xd0, 0x4d, 0x4d,
    0xfa, 0x2d, 0xea, 0xbe, 0x46, 0x30, 0x40, 0x96, 0x76, 0x0d, 0xe9, 0x85,
    0x33, 0xb6, 0x21, 0x58, 0x46, 0x61, 0x26, 0xab, 0x99, 0xf7, 0x09, 0x7e,
    0xae, 0x34, 0x5a, 0x74, 0x8d, 0xd1, 0x76, 0x5d, 0xaf, 0xc1, 0xce, 0x56,
    0xdb, 0x77, 0xea, 0x23, 0x13, 0x6a, 0x4d, 0x85, 0xe1, 0xfe, 0x72, 0xfd,
    0x11, 0x12, 0x27, 0x5d, 0x0f, 0x1a, 0x72, 0x7c, 0x6d, 0x4e, 0x2a, 0x69,
    0x6f, 0x0e, 0xcb, 0x9b, 0xf5, 0xd3, 0xf7, 0xf3, 0x35, 0x7b, 0xf3, 0x23,
    0x58, 0x92, 0xf4, 0x33, 0x2c, 0x7d, 0xe5, 0x6c, 0xce, 0xa2, 0x91, 0x0a,
    0x78, 0x5c, 0x9e, 0x8e, 0x78, 0xac, 0x29, 0xad, 0x50, 0xff, 0xd5, 0x3b,
    0xac, 0x01, 0xb5, 0xc0, 0x95, 0x08, 0xcb, 0x0f, 0xed, 0x96, 0xb8, 0x2d,
    0x23, 0x7e, 0x76, 0x2b, 0xda, 0x9d, 0x40, 0x1b, 0x07, 0x61, 0x88, 0x3b,
    0x77, 0xd2, 0xcd, 0xa9, 0xfc, 0x42, 0x72, 0xa0, 0x43, 0x92, 0x13, 0xd5,
    0x99, 0xd0, 0xdb, 0xc5, 0x97, 0x01, 0x07, 0xcb, 0xaa, 0xb0, 0xce, 0xf7,
    0xf4, 0xdf, 0x7c, 0x4d, 0x2a, 0x01, 0xf9, 0x76, 0xa8, 0xe4, 0x32, 0x6c,
    0x6e, 0xd6, 0x14, 0x8d, 0xd5, 0x51, 0xdb, 0x20, 0x57, 0x27, 0xbc, 0x2d,
    0x3f, 0xd0, 0x39, 0xb0, 0x36, 0x2b, 0xa8, 0xa0, 0xec, 0x39, 0x4a, 0xb8,
    0x12, 0x13, 0xc2, 0xb5, 0x14, 0x48, 0xb3, 0xd0, 0x0f, 0x6b, 0xac, 0x6c,
    0x84, 0x62, 0xf2, 0xc1, 0x7c, 0x78, 0xd6, 0x00, 0x48, 0x02, 0xb8, 0x03,
    0x09, 0x53, 0x7b, 0x9b, 0x64, 0xc3, 0x68, 0xd2, 0xca, 0xc7, 0x0f, 0xeb,
    0x6a, 0x2c, 0x9e, 0x76, 0xe2, 0xe4, 0x1e, 0x9f, 0x40, 0x2c, 0x13, 0x72,
    0x9e, 0x52, 0x44, 0x50, 0xf9, 0x5c, 0x79, 0x61, 0x38, 0xcc, 0x8c, 0x84,
    0x81, 0xe2, 0x2a, 0xcc, 0xe6, 0xb3, 0x22, 0x5a, 0xb6, 0x38, 0x9c, 0x8d,
    0x4f, 0xef, 0x81, 0x77, 0x4c, 0x9c, 0xa4, 0x26, 0xbc, 0x01, 0xe3, 0x84,
    0x5e, 0xb8, 0xc4, 0x1d, 0x01, 0x55, 0xa6, 0x77, 0xd4, 0xe3, 0x25, 0x16,
    0x38, 0x3d, 0xe2, 0x5c, 0x8a, 0x87, 0x37, 0xd3, 0xab, 0x52, 0xdc, 0x34,
    0x2e, 0xc9, 0x5f, 0xdf, 0x32, 0x33, 0x60, 0x13, 0xe0, 0xf7, 0x41, 0x34,
    0x87, 0xd5, 0xbf, 0xbf, 0x7e, 0x93, 0xde, 0x50, 0x40, 0x18, 0x90, 0xb2,
    0x34, 0x0b, 0x43, 0x5e, 0xe8, 0xcf, 0xd7, 0xae, 0x9a, 0x1d, 0x82, 0x3e,
    0x9d, 0x2b, 0x9d, 0xc4, 0xb0, 0x64, 0xda, 0x6b, 0xe7, 0x1a, 0x8f, 0x4e,
    0x47, 0x89, 0xfe, 0x4a, 0x24, 0x23, 0x3d, 0xdb, 0xc6, 0x4c, 0x08, 0x3d,
    0x86, 0xa7, 0x92, 0xd6, 0x8b, 0xa4, 0x4c, 0x8e, 0x41, 0x30, 0x73, 0x86,
    0x38, 0x5a, 0x21, 0xea, 0x36, 0xde, 0x5e, 0xd1, 0x50, 0x2a, 0x54, 0x0d,
    0xfc, 0xe1, 0x75, 0xfa, 0x91, 0x65, 0x58, 0xe7, 0xf8, 0x38, 0x86, 0xcd,
    0x0c, 0xc9, 0xe0, 0xfe, 0xa2, 0x33, 0x0e, 0xa6, 0x1d, 0x4e, 0x7f, 0xc1,
    0x3f, 0x90, 0x1a, 0xd3, 0xc4, 0xe1, 0xeb, 0x8c, 0x5a, 0xaa, 0x08, 0x13,
    0xdb, 0xed, 0x24, 0xa6, 0x9b, 0x3f, 0x85, 0xd2, 0xbc, 0xaa, 0x9e, 0xd0,
    0xe6, 0xc8, 0x3e, 0x32, 0x86, 0xf7, 0x6d, 0x7e, 0x96, 0xb7, 0x5e, 0x48,
    0x4d, 0x62, 0x50, 0xbc, 0x01, 0x66, 0x80, 0x4e, 0x9c, 0x1a, 0xeb, 0x9d,
    0x14, 0x86, 0x8d, 0x7c, 0xcd, 0x8f, 0xaf, 0x37, 0xdf, 0xf0, 0xd2, 0x4a,
    0xb7, 0x16, 0x61, 0x82, 0xa6, 0x82, 0xe0, 0x86, 0xd8, 0xf1, 0xb9, 0x3f,
    0x14, 0x63, 0x57, 0x91, 0xfc, 0x7d, 0x00, 0x24, 0xd0, 0xd7, 0x99, 0x9a,
    0x98, 0x2f, 0x3d, 0xbd, 0x18, 0x3f, 0x96, 0x6c, 0xe6, 0xd1, 0xba, 0xb4,
    0x32, 0xfa, 0xf0, 0x7c, 0x27, 0x78, 0x3c, 0x03, 0x69, 0x88, 0xad, 0x12,
    0xd5, 0xe1, 0xa0, 0x32, 0x2e, 0x1c, 0xd9, 0x5d, 0x9f, 0xc0, 0x82, 0x06,
    0xa9, 0x8e, 0x22, 0x68, 0x56, 0x6a, 0x96, 0x90, 0xdb, 0x50, 0x10, 0x80,
    0xe2, 0xa9, 0x06, 0xd4, 0x50, 0x28, 0xe0, 0x73, 0x5b, 0x48, 0x4f, 0xa0,
    0xbc, 0x92, 0xea, 0x88, 0x53, 0xdb, 0x57, 0x01, 0x2d, 0x43, 0x4b, 0x56,
    0x06, 0x8e, 0x51, 0x68, 0x18, 0x61, 0x0e, 0xf4, 0x88, 0x23, 0x9b, 0xaf,
    0x13, 0xd7, 0x2e, 0xdd, 0x57, 0x07, 0x2a, 0x88, 0x1d, 0x2e, 0xb7, 0x24,
    0x85, 0x1e, 0x9f, 0x9e, 0xbc, 0x05, 0xc8, 0xa6, 0x1f, 0xe2, 0x43, 0x1e,
    0x63, 0x82, 0x57, 0x6e, 0x83, 0x0e, 0x28, 0x5c, 0xc7, 0x97, 0x41, 0x5a,
    0x70, 0x2d, 0x5f, 0x88, 0xfc, 0x98, 0xd3, 0x70, 0x32, 0x20, 0x58, 0x62,
    0xb6, 0xf5, 0x73, 0x88, 0xfa, 0x24, 0xf3, 0xa3, 0x32, 0x82, 0xa9, 0x9b,
    0xe5, 0x4a, 0xa3, 0x64, 0x9c, 0xea, 0xca, 0xb7, 0x79, 0x94, 0x04, 0xaf,
    0x98, 0x87, 0x5c, 0xa0, 0x73, 0x22, 0xdb, 0x03, 0x2f, 0xfc, 0x77, 0x6f,
    0x0e, 0xc5, 0x72, 0x76, 0x50, 0x0a, 0x59, 0x8a, 0x43, 0xca, 0xa2, 0x7b,
    0x61, 0x15, 0xd8, 0x88, 0x89, 0x9a, 0x70, 0xd0, 0x32, 0x87, 0xf0, 0x01,
    0xbd, 0x80, 0x39, 0xbd, 0xda, 0x54, 0x13, 0x99, 0xf8, 0xd7, 0x9c, 0x45,
    0xef, 0xb1, 0x5b, 0x3f, 0xee, 0x1d, 0xd8, 0xf9, 0x96, 0x8a, 0x50, 0xe7,
    0xe0, 0x65, 0x33, 0xda, 0x50, 0xec, 0xed, 0x3b, 0xda, 0x5e, 0xeb, 0x74,
    0x09, 0xcf, 0x4a, 0x28, 0xa0, 0x13, 0xdd, 0x8a, 0x67, 0x4f, 0xc2, 0xb3,
    0xfa, 0x84, 0xe3, 0x26, 0x13, 0x9b, 0xbf, 0x51, 0x39, 0x9a, 0xa8, 0x97,
    0xe5, 0xb4, 0xe1, 0xbc, 0x11, 0x98, 0x3f, 0x3a, 0xdf, 0xef, 0x4f, 0x56,
    0x02, 0x9b, 0xcd, 0xdb, 0x12, 0x44, 0x48, 0xac, 0xbd, 0xfb, 0xdf, 0x7e,
    0x49, 0x6d, 0xdc, 0x84, 0x07, 0xa5, 0x63, 0x0b, 0xaa, 0xb9, 0xa4, 0x51,
    0xc8, 0x7e, 0xce, 0x0b, 0x98, 0xc4, 0x30, 0xc6, 0xb9, 0xff, 0x53, 0x7d,
    0xd5, 0x67, 0x59, 0xf8, 0xdd, 0x58, 0x46, 0x6d, 0xa2, 0x6b, 0x0b, 0x14,
    0xae, 0xf7, 0x08, 0x41, 0xfc, 0x84, 0x3b, 0x68, 0x88, 0xfb, 0x67, 0x76,
    0xd0, 0x90, 0xeb, 0x29, 0x98, 0x61, 0xf1, 0xca, 0xf0, 0x0d, 0x0c, 0x51,
    0x1b, 0x69, 0x26, 0x07, 0xcc, 0xbe, 0xaf, 0xf5, 0x8d, 0xfe, 0xef, 0x4a,
    0x0e, 0x4f, 0xfe, 0x4c, 0xb7, 0xb7, 0xc1, 0xdb, 0xa2, 0x4b, 0x61, 0x70,
    0x7d, 0x78, 0x2c, 0x23, 0x0e, 0xdf, 0x97, 0x57, 0x6f, 0x18, 0x6d, 0xe1,
    0xab, 0x90, 0xae, 0xa6, 0xae, 0x67, 0x07, 0x37, 0xd3, 0x9c, 0xcd, 0xa6,
    0x28, 0x9f, 0x77, 0x98, 0x19, 0x78, 0x77, 0x45, 0x0a, 0x53, 0x79, 0x8b,
    0xa3, 0x90, 0x5b, 0xbf, 0x26, 0x16, 0x34, 0xef, 0x61, 0x74, 0xa6, 0xe0,
    0xad, 0x21, 0x55, 0xcf, 0xd4, 0xc4, 0xb5, 0xcc, 0x1b, 0x87, 0xff, 0x04,
    0xa8, 0x0c, 0x2f, 0xbe, 0x8f, 0x95, 0x74, 0x6a, 0xc6, 0xa6, 0x10, 0xa3,
    0xb4, 0xf3, 0x17, 0xc3, 0x35, 0xe5, 0x21, 0x12, 0x8f, 0x86, 0xbf, 0xdd,
    0x24, 0x22, 0xd8, 0x02, 0x42, 0xd2, 0x78, 0xfb, 0x2c, 0xc9, 0x94, 0x6f,
    0x45, 0x8a, 0x69, 0xb2, 0xb6, 0x3f, 0x8c, 0x11, 0x00, 0x9f, 0xb5, 0x64,
    0x8b, 0xc8, 0x91, 0x7a, 0xa9, 0x25, 0xa4, 0xf1, 0xdc, 0x12, 0x5e, 0x30,
    0x4e, 0x1f, 0x4e, 0x95, 0x66, 0xe9, 0x56, 0x82, 0x18, 0x4b, 0x87, 0x23,
    0xfc, 0x4d, 0xf5, 0x2d, 0x67, 0x5d, 0x96, 0x72, 0x4b, 0x03, 0xcb, 0x65,
    0x75, 0xbc, 0x1c, 0x51, 0xe9, 0x04, 0xfc, 0x6f, 0x01, 0x97, 0xeb, 0xf1,
    0x08, 0x6c, 0xc0, 0x5f, 0xfd, 0xbd, 0x87, 0x43, 0x0b, 0x8b, 0x4b, 0x7c,
    0xda, 0xbb, 0xad, 0xba, 0xd5, 0x7d, 0xf8, 0xa6, 0x57, 0x52, 0x06, 0x17,
    0x6a, 0x7c, 0xf6, 0x18, 0x17, 0x66, 0x42, 0x5a, 0xea, 0xef, 0x09, 0x32,
    0xe1, 0x92, 0xce, 0x9d, 0x85, 0x66, 0xab, 0xbf, 0x07, 0x20, 0x0a, 0xfe,
    0x1d, 0xb9, 0x7f, 0x42, 0x6e, 0xf9, 0x99, 0xd0, 0xdd, 0x9d, 0xd2, 0xa1,
    0x9b, 0x8f, 0x28, 0xd7, 0x31, 0xfb, 0x79, 0x30, 0x28, 0x00, 0x56, 0xd1,
    0x70, 0xc6, 0xff, 0x61, 0x42, 0x78, 0x09, 0x03, 0xdf, 0x49, 0xec, 0x5d,
    0xad, 0xfb, 0xf0, 0x64, 0xba, 0x98, 0x86, 0xaa, 0xa4, 0xe6, 0xc9, 0x29,
    0x72, 0xc7, 0xdd, 0xb1, 0x67, 0x71, 0x65, 0xf6, 0xd8, 0xa3, 0x5a, 0x6f,
    0x69, 0xe8, 0x0b, 0x6e, 0xe7, 0x48, 0xe6, 0x23, 0xee, 0x91, 0xf2, 0x6a,
    0x4c, 0x72, 0x3b, 0x0f, 0x37, 0x1d, 0x68, 0x31, 0xce, 0xde, 0x93, 0x56,
    0x57, 0x08, 0x43, 0xc8, 0xed, 0x2f, 0x6b, 0xb0, 0x8f, 0xc0, 0xbd, 0x09,
    0xfd, 0x0a, 0x7b, 0xba, 0xea, 0xfe, 0xf1, 0x0c, 0x9a, 0x88, 0x17, 0x6b,
    0x8d, 0x12, 0x7a, 0x9b, 0x39, 0xa5, 0x6f, 0xef, 0x55, 0x2e, 0x54, 0x52,
    0xaf, 0x7b, 0x35, 0xd6, 0x64, 0x1a, 0x09, 0xc6, 0x35, 0x3c, 0x50, 0x26,
    0x9a, 0x96, 0x00, 0x8e, 0xad, 0x18, 0x74, 0x56, 0x8b, 0x9d, 0xfe, 0x36,
    0x6c, 0x25, 0x8c, 0xc9, 0xc3, 0x5a, 0x2e, 0x3c, 0x4e, 0x1f, 0xb2, 0xb5,
    0xc1, 0x94, 0x14, 0xe7, 0x6d, 0xd7, 0x0b, 0x06, 0xe5, 0x16, 0x14, 0x16,
    0x87, 0x73, 0x24, 0x7c, 0x20, 0x1e, 0xa9, 0x48, 0xa3, 0x88, 0x7f, 0xce,
    0x93, 0x61, 0x88, 0x3c, 0xf3, 0x58, 0x4a, 0xd1, 0x83, 0xae, 0x07, 0x9b,
    0xb0, 0x96, 0xd9, 0xbb, 0x62, 0x66, 0xa6, 0xe5, 0xd5, 0x8b, 0x59, 0x31,
    0x86, 0x99, 0x07, 0x0b, 0x63, 0xa4, 0x00, 0xa9, 0x65, 0x71, 0xd8, 0xd6,
    0x9e, 0x7e, 0x71, 0xc8, 0x18, 0x91, 0x1e, 0x9b, 0x22, 0x29, 0x37, 0x28,
    0x0c, 0xaf, 0x30, 0xfb, 0x35, 0xeb, 0x4d, 0xa3, 0x2e, 0x31, 0xd4, 0x98,
    0xba, 0xae, 0x31, 0x42, 0xc0, 0x0e, 0x86, 0xca, 0xaf, 0x96, 0x46, 0x88,
    0x14, 0x58, 0x52, 0x71, 0x1d, 0x0e, 0xd8, 0x36, 0xba, 0xe9, 0x19, 0xe3,
    0xa1, 0x5c, 0xe4, 0xe6, 0xdd, 0xb2, 0x42, 0xc1, 0xcd, 0xe6, 0xa0, 0x63,
    0x9e, 0x49, 0x4c, 0x23, 0x7a, 0x43, 0x8a, 0x08, 0xa3, 0x25, 0x8c, 0xb4,
    0xfe, 0xb2, 0x2d, 0x5b, 0xe5, 0x70, 0xf7, 0x09, 0xeb, 0x69, 0x00, 0xe7,
    0xc0, 0x82, 0x5b, 0xfc, 0x99, 0xb5, 0x58, 0xb7, 0xc1, 0x79, 0x25, 0x1d,
    0xfe, 0xae, 0xec, 0x66, 0xec, 0x4f, 0x3a, 0xc8, 0xb1, 0x82, 0xf8, 0x0c,
    0x7a, 0x00, 0x1e, 0xe5, 0xbd, 0xec, 0x28, 0xe0, 0xf8, 0x47, 0x0d, 0x65,
    0x47, 0x5b, 0x1c, 0x28, 0x7a, 0xa6, 0x70, 0xba, 0x90, 0xf5, 0x6a, 0xc7,
    0xff, 0x2a, 0x78, 0x32, 0x55, 0x0f, 0xf0, 0xe3, 0xab, 0x91, 0x33, 0x4a,
    0xce, 0x25, 0x00, 0x84, 0x15, 0xb9, 0x16, 0xcd, 0x86, 0x5d, 0xf7, 0xa1,
    0xcf, 0xd1, 0x53, 0x76, 0xcf, 0x1e, 0x01, 0xbd, 0x39, 0xa1, 0x98, 0xb0,
    0xf1, 0xdf, 0xa3, 0x82, 0x00, 0x56, 0x06, 0xbb, 0x1a, 0x86, 0xa2, 0x90,
    0x95, 0x63, 0x9a, 0x01, 0x7c, 0x6c, 0x0a, 0xd2, 0x55, 0x88, 0xb8, 0x8d,
    0xdc, 0xdf, 0x5f, 0xd8, 0xc1, 0x48, 0x2b, 0x84, 0x21, 0x03, 0x9d, 0xfd,
    0xa8, 0xad, 0xc5, 0x8c, 0xf3, 0x63, 0x45, 0x21, 0x8d, 0x22, 0x39, 0xfc,
    0x29, 0x21, 0x98, 0xd0, 0xb4, 0x8c, 0x57, 0x2d, 0x1c, 0xec, 0x87, 0x7f,
    0x6b, 0xef, 0x7e, 0xf2, 0x6d, 0x94, 0x31, 0x2c, 0x72, 0xd4, 0xdf, 0xdb,
    0x55, 0xfc, 0xf3, 0x47, 0xf5, 0xf7, 0x3c, 0xba, 0x9c, 0x30, 0x03, 0x59,
    0xe4, 0x1c, 0xaa, 0x3e, 0x40, 0xec, 0xf1, 0x00, 0x22, 0xb3, 0xfd, 0x4b,
    0xc3, 0x5a, 0x97, 0x56, 0x5e, 0xfe, 0x76, 0x36, 0x0f, 0x04, 0x9f, 0x4d,
    0xf8, 0xc1, 0x69, 0x17, 0x8c, 0xc4, 0x9d, 0x11, 0x5e, 0x76, 0x15, 0xeb,
    0x93, 0x35, 0xa9, 0xf2, 0x36, 0xcd, 0xcd, 0x7a, 0xce, 0xb1, 0x4f, 0x58,
    0x05, 0x38, 0x47, 0x6d, 0xf6, 0x06, 0xf4, 0x8a, 0x18, 0x79, 0xf8, 0x58,
    0xbd, 0xe5, 0xd1, 0xe5, 0xdd, 0xd7, 0x5c, 0x19, 0xfd, 0x60, 0x6c, 0x32,
    0xa3, 0xcc, 0x52, 0x77, 0x62, 0x13, 0xe5, 0x34, 0x57, 0x82, 0xa4, 0x97,
    0xc7, 0x5e, 0x3d, 0x2c, 0xdb, 0xb1, 0x7a, 0x88, 0x06, 0x32, 0xdb, 0x17,
    0xc4, 0xfa, 0x02, 0xab, 0x29, 0xdf, 0x99, 0x9f, 0xac, 0x3d, 0x39, 0x19,
    0x74, 0x52, 0x03, 0x3c, 0x0f, 0x33, 0x9c, 0xd6, 0x3d, 0xe2, 0x24, 0x89,
    0x47, 0x7a, 0x91, 0xbe, 0x1e, 0x4c, 0xa3, 0x92, 0x52, 0xdf, 0xfd, 0x72,
    0x68, 0x96, 0xdd, 0xd6, 0xaf, 0xd9, 0xf3, 0x93, 0xfc, 0xb9, 0xa8, 0x02,
    0xf6, 0xa1, 0x39, 0xfa, 0x9d, 0xc9, 0xa3, 0xf0, 0x08, 0x34, 0x23, 0xc9,
    0xb1, 0xd2, 0x34, 0x5d, 0x89, 0xa0, 0xd0, 0x8e, 0x33, 0x74, 0x3a, 0xd9,
    0x95, 0xe0, 0x99, 0x51, 0x53, 0xc4, 0xa0, 0xfc, 0xbf, 0x5b, 0x3e, 0xb0,
    0x78, 0xba, 0x7b, 0x78, 0xef, 0x79, 0x0f, 0x48, 0x8c, 0x96, 0x66, 0x8e,
    0x34, 0xcf, 0xb4, 0x1a, 0x6f, 0xe3, 0x76, 0xbc, 0x6d, 0xdb, 0xa4, 0x3d,
    0x83, 0x3a, 0x0a, 0xee, 0xfd, 0x23, 0x40, 0xc6, 0x04, 0xff, 0xbe, 0xf6,
    0xe1, 0x41, 0x4b, 0x1a, 0xab, 0x21, 0x8f, 0x20, 0xab, 0x22, 0x9b, 0x2f,
    0x71, 0x62, 0x7e, 0x5d, 0x9a, 0xe3, 0x55, 0x95, 0xa9, 0x02, 0x04, 0x4b,
    0x48, 0x67, 0x84, 0xfc, 0x0e, 0x5f, 0xe4, 0xa5, 0x0e, 0x27, 0xa0, 0x2a,
    0x5e, 0xb9, 0x5f, 0x04, 0x7e, 0xe8, 0x34, 0x70, 0x28, 0xba, 0x17, 0x59,
    0x37, 0x98, 0x0a, 0xf2, 0x0e, 0x34, 0x1e, 0xfc, 0xd5, 0x97, 0xd6, 0x76,
    0x4c, 0x2b, 0xe3, 0x9b, 0x96, 0x86, 0x8d, 0x98, 0xd2, 0x44, 0xc4, 0xc9,
    0xf4, 0xac, 0x30, 0xec, 0xde, 0x1c, 0x9d, 0xb6, 0x85, 0xe7, 0x57, 0x48,
    0x18, 0x71, 0x99, 0x14, 0xb7, 0x68, 0x98, 0x2c, 0x4e, 0xd9, 0x69, 0xc0,
    0xb6, 0x30, 0x44, 0xe7, 0x75, 0x53, 0x11, 0x25, 0xa3, 0x60, 0x35, 0x0c,
    0xc0, 0x74, 0x8b, 0x84, 0x44, 0xe0, 0xf4, 0x0f, 0x2b, 0x84, 0xba, 0x1c,
    0xb2, 0x22, 0xc7, 0x2a, 0x3b, 0x2f, 0xa4, 0x54, 0x33, 0xf8, 0xe2, 0xfe,
    0x9b, 0x6d, 0xe9, 0x69, 0xf3, 0x1a, 0x3c, 0xa6, 0x62, 0x21, 0x0a, 0x41,
    0x6e, 0xd1, 0xec, 0xae, 0x81, 0x9d, 0x3e, 0x74, 0xc5, 0x0f, 0x1d, 0xaa,
    0x5c, 0x48, 0x27, 0x0f, 0x6b, 0x1e, 0x8e, 0x79, 0x86, 0xc4, 0x3b, 0x09,
    0x80, 0xbe, 0xb7, 0x7b, 0xe0, 0xd8, 0xdd, 0xbc, 0x69, 0x87, 0x96, 0x87,
    0x85, 0xb9, 0x87, 0x22, 0xf9, 0xbf, 0xa4, 0x0e, 0x82, 0x86, 0x58, 0x7e,
    0x57, 0xc3, 0x57, 0x5f, 0x31, 0x59, 0x61, 0x70, 0x5e, 0x62, 0xca, 0xc0,
    0x06, 0x95, 0x62, 0xef, 0x31, 0x12, 0xae, 0xb0, 0x22, 0xb6, 0x54, 0xdc,
    0x79, 0xc1, 0xe6, 0xc9, 0xa3, 0x9e, 0xa6, 0xcf, 0x34, 0x87, 0xaf, 0x90,
    0x22, 0x65, 0xee, 0x1c, 0xfa, 0xbc, 0x30, 0xd4, 0x5d, 0x1f, 0x54, 0x25,
    0x4b, 0x20, 0x87, 0x5d, 0x6e, 0x96, 0xa4, 0xef, 0x84, 0x34, 0x30, 0x07,
    0xf9, 0x58, 0x12, 0x28, 0xcb, 0xa3, 0x2c, 0x23, 0xb0, 0xd0, 0x94, 0x3b,
    0xf4, 0x38, 0x56, 0x4e, 0x37, 0x3d, 0xab, 0x89, 0x2c, 0xe0, 0x16, 0xce,
    0xd1, 0xce, 0x28, 0x79, 0xa9, 0x6d, 0x6d, 0xb1, 0x13, 0x10, 0x59, 0xaf,
    0x2a, 0x19, 0x3d, 0x5f, 0xa9, 0x3b, 0x56, 0x7c, 0x31, 0x11, 0x20, 0x34,
    0x3c, 0xfc, 0xd6, 0x86, 0x78, 0x97, 0x79, 0xbd, 0x89, 0xa0, 0x8a, 0x48,
    0x02, 0x66, 0xd1, 0x47, 0x3a, 0xe4, 0xb5, 0x27, 0xab, 0xbf, 0xf7, 0xe2,
    0x43, 0x5c, 0x76, 0xd7, 0x20, 0xab, 0x58, 0x51, 0x5c, 0xfc, 0xda, 0x3a,
    0x98, 0x0e, 0x89, 0x54, 0xc7, 0x5f, 0x32, 0x63, 0x9b, 0x7c, 0x40, 0x4c,
    0x4f, 0xfd, 0x76, 0xb3, 0x6f, 0xb4, 0xcc, 0x37, 0x44, 0x31, 0xf1, 0xb4,
    0x92, 0x11, 0xa3, 0xde, 0x37, 0x38, 0xe8, 0x72, 0x89, 0x24, 0x8a, 0x7a,
    0x5e, 0xf3, 0x42, 0xc5, 0x34, 0xf3, 0x25, 0x98, 0xf2, 0x16, 0x1e, 0x60,
    0x5c, 0xdf, 0x60, 0xfc, 0xdc, 0x56, 0x18, 0xe2, 0xbf, 0xbe, 0xfa, 0x99,
    0xbc, 0xdf, 0x18, 0x6d, 0x20, 0xcc, 0xf5, 0x1b, 0x5e, 0x61, 0x51, 0x06,
    0x1f, 0x93, 0xdb, 0x4a, 0x30, 0x7c, 0xfb, 0x71, 0x93, 0x30, 0xba, 0x57,
    0xe3, 0x78, 0xa8, 0x54, 0x49, 0x57, 0x29, 0xa5, 0xbe, 0xb7, 0x0d, 0x56,
    0xe1, 0xcf, 0x2f, 0xd6, 0x76, 0xbd, 0x3c, 0x98, 0x1f, 0x92, 0x18, 0x7f,
    0x43, 0x3b, 0x83, 0x4b, 0xa8, 0x3a, 0xbe, 0x06, 0xdd, 0xb3, 0x26, 0xc4,
    0x18, 0xa9, 0x86, 0x54, 0x72, 0xd0, 0x55, 0x85, 0x3a, 0x1d, 0xaf, 0x4b,
    0x76, 0xc4, 0xaf, 0x21, 0xf3, 0x40, 0x9c, 0x0c, 0x02, 0x61, 0xcd, 0x74,
    0x77, 0x1e, 0xea, 0x9b, 0x0e, 0x4c, 0x68, 0xfb, 0xe1, 0x8f, 0xb3, 0xbc,
    0x4f, 0x2e, 0x93, 0xb2, 0x01, 0x7a, 0xb7, 0x31, 0x86, 0x63, 0xbf, 0x6a,
    0x06, 0xbd, 0x96, 0x3c, 0x0a, 0x36, 0x43, 0x98, 0xb5, 0x26, 0x38, 0x83,
    0x3c, 0x6d, 0xa1, 0x79, 0x91, 0xd3, 0x61, 0x9f, 0x43, 0xab, 0x32, 0x61,
    0x30, 0x68, 0x73, 0x56, 0x99, 0xa4, 0x68, 0xdb, 0xf3, 0x62, 0x2e, 0x09,
    0x1b, 0xcd, 0xc4, 0xe9, 0x4f, 0xfc, 0x0f, 0x1e, 0x4e, 0x4c, 0x70, 0x2e,
    0xa7, 0x51, 0xb4, 0x13, 0x9b, 0xb7, 0x11, 0x4f, 0x00, 0x57, 0x7e, 0x36,
    0x81, 0xa6, 0x3f, 0x5a, 0xf4, 0x74, 0xa9, 0x5b, 0xd7, 0x9e, 0x0f, 0x18,
    0x53, 0x2b, 0xb5, 0x80, 0xed, 0xfc, 0x59, 0xa1, 0x36, 0x9b, 0x2a, 0xad,
    0x2e, 0xe8, 0x5b, 0x74, 0x19, 0xf8, 0x5e, 0x43, 0x6b, 0x45, 0x2e, 0xba,
    0xf7, 0x42, 0xf4, 0xb0, 0x33, 0x9b, 0xb7, 0x94, 0xb7, 0x1c, 0x1d, 0x54,
    0xdb, 0xd4, 0xfa, 0x08, 0x4e, 0xf2, 0x20, 0x12, 0x01, 0x08, 0x14, 0x1a,
    0x33, 0x35, 0x4e, 0x50, 0x96, 0x99, 0xa3, 0xb2, 0xbc, 0xc5, 0xe9, 0xf2,
    0xf3, 0xfb, 0x33, 0x47, 0x63, 0x6e, 0x82, 0x8d, 0xa7, 0xb5, 0xbf, 0xe0,
    0x62, 0x84, 0x9e, 0xa3, 0xbb, 0xd0, 0x35, 0x37, 0x4b, 0x4f, 0x51, 0x6b,
    0x74, 0x7a, 0xa0, 0xe4, 0x0b, 0x80, 0xa1, 0xdd, 0xe1, 0xf2, 0x3d, 0x7f,
    0xb4, 0xbf, 0xd6, 0xe9, 0x04, 0x1f, 0x34, 0x55, 0x56, 0x68, 0x6b, 0x75,
    0x90, 0xd7, 0x1c, 0x9c, 0xcc, 0x00, 0x00, 0x00, 0x00, 0x00, 0x00, 0x12,
    0x1c, 0x22, 0x2c, 0x32, 0x38, 0x42, 0x45
};
static const unsigned char kat_mldsa87_sig_ph256[] = {
    0x9c, 0x1d, 0x1a, 0x91, 0xc0, 0x9a, 0x28, 0x27, 0xc1, 0x38, 0x79, 0xd0,
    0x9d, 0x2b, 0x00, 0x4f, 0x2a, 0xb0, 0x36, 0x7f, 0x38, 0x9d, 0x2b, 0x57,
    0xe2, 0x5a, 0x0c, 0xdb, 0xe8, 0x0e, 0xdb, 0x1e, 0x14, 0x98, 0x83, 0xda,
    0x32, 0x72, 0x5f, 0x61, 0x8d, 0x12, 0x58, 0x69, 0x7b, 0x69, 0x02, 0xb3,
    0x85, 0x3e, 0xe1, 0xbb, 0x8b, 0x59, 0xe5, 0x09, 0x00, 0x00, 0x82, 0xa5,
    0x18, 0xe8, 0x83, 0x95, 0xc6, 0xb6, 0x09, 0x20, 0x57, 0xed, 0x00, 0xf6,
    0xf7, 0x37, 0x12, 0xbc, 0x4e, 0x05, 0x78, 0xf9, 0x96, 0x7c, 0xa8, 0x77,
    0x58, 0xe7, 0xe5, 0x8e, 0xdf, 0x02, 0x3d, 0xd3, 0x18, 0xb2, 0x64, 0x8a,
    0x37, 0x44, 0x67, 0xd0, 0xcb, 0x4b, 0x6b, 0x71, 0x3c, 0xf0, 0x75, 0x1a,
    0x8d, 0x6d, 0x71, 0x75, 0xbe, 0xdb, 0x61, 0x25, 0xa9, 0x7a, 0x2f, 0x92,
    0xeb, 0x58, 0x87, 0x3e, 0x57, 0xc7, 0xd8, 0xa6, 0xeb, 0x15, 0xbe, 0x5a,
    0x1e, 0x07, 0xcb, 0xd3, 0x8d, 0xf1, 0xa8, 0x0b, 0x63, 0x0d, 0x71, 0x17,
    0xe5, 0x58, 0xc6, 0x13, 0xd3, 0x89, 0xa9, 0x3b, 0x37, 0x95, 0xe4, 0xbe,
    0x89, 0x21, 0xd0, 0x7a, 0xf2, 0x5f, 0x82, 0xe4, 0xb8, 0xaf, 0xef, 0x8f,
    0xd6, 0xb7, 0x0d, 0x72, 0x9d, 0x68, 0x10, 0x49, 0x77, 0x30, 0x36, 0x57,
    0x06, 0x81, 0xcf, 0xeb, 0x9a, 0xa6, 0x02, 0x62, 0x7a, 0x05, 0xe7, 0xaf,
    0xcb, 0x9f, 0x9c, 0x5a, 0x9c, 0x9e, 0x4b, 0x23, 0xba, 0xc7, 0x99, 0x4a,
    0xd5, 0xbc, 0xd9, 0xbf, 0x00, 0x06, 0x9a, 0x4d, 0x0b, 0x1f, 0xa0, 0x19,
    0xc3, 0xec, 0x33, 0x10, 0x8d, 0x04, 0x02, 0xb6, 0x90, 0xf0, 0xb1, 0xa0,
    0x22, 0xfd, 0xad, 0x52, 0x16, 0x6a, 0xe5, 0xb2, 0xe7, 0x72, 0xf0, 0x74,
    0xdd, 0x3d, 0xe3, 0x87, 0x48, 0xdd, 0x1f, 0xee, 0xff, 0x81, 0x1c, 0x3e,
    0xc0, 0xdb, 0xc2, 0x0c, 0x42, 0xd6, 0x63, 0xb2, 0xe0, 0x39, 0x3f, 0x95,
    0xde, 0xa3, 0xb8, 0xdf, 0x07, 0xa7, 0xb6, 0x91, 0x04, 0x04, 0x47, 0xac,
    0x8f, 0x1a, 0x96, 0x12, 0x50, 0xe9, 0x31, 0x5b, 0xf5, 0x3c, 0xcd, 0xa9,
    0xe4, 0xbe, 0x31, 0x4e, 0xab, 0x3f, 0x2d, 0x46, 0x63, 0xe2, 0x9b, 0x8e,
    0x9c, 0xc1, 0x18, 0x02, 0x64, 0x89, 0x2c, 0x80, 0x78, 0x23, 0x09, 0xd9,
    0x97, 0x8b, 0xe5, 0x15, 0x4b, 0xd9, 0xf8, 0xe3, 0x59, 0xec, 0x5a, 0x6e,
    0xd5, 0xe4, 0xbf, 0x75, 0x33, 0xb0, 0xa0, 0x87, 0x1b, 0x50, 0x00, 0x27,
    0xa2, 0x88, 0x5f, 0xfe, 0xe0, 0xc3, 0x30, 0x2d, 0x71, 0x9b, 0x9c, 0xa4,
    0xd6, 0x86, 0xe3, 0x47, 0xcd, 0x70, 0x71, 0xf4, 0x15, 0x6a, 0x62, 0x75,
    0x47, 0x71, 0x23, 0x71, 0x9d, 0xa2, 0xba, 0x17, 0xf7, 0xb8, 0x74, 0x77,
    0x38, 0x2d, 0xac, 0x5a, 0x6d, 0x82, 0xdb, 0x59, 0x6c, 0x3f, 0x75, 0xef,
    0xa4, 0xb7, 0x3a, 0xcc, 0xc6, 0xb3, 0xaa, 0x0b, 0x85, 0xa2, 0xc4, 0x31,
    0x37, 0xe8, 0xb7, 0x00, 0x41, 0x46, 0x6e, 0xab, 0x3a, 0x33, 0xb5, 0x22,
    0xf7, 0xd5, 0x49, 0xbe, 0x4c, 0xc0, 0x9b, 0x92, 0xa2, 0x8c, 0x74, 0x22,
    0x56, 0x7f, 0x8d, 0x21, 0xd2, 0x67, 0x93, 0x72, 0xfd, 0x89, 0x55, 0x68,
    0xab, 0x18, 0x36, 0xfa, 0x09, 0x6f, 0xe7, 0x61, 0x67, 0xb0, 0x4c, 0xc7,
    0x91, 0xea, 0x76, 0x89, 0xac, 0xd3, 0xe6, 0x69, 0xc8, 0x6f, 0x66, 0x53,
    0x4b, 0x82, 0x08, 0x20, 0x32, 0x82, 0x37, 0xe9, 0xad, 0x26, 0xe8, 0x41,
    0xe2, 0xcb, 0xb1, 0x31, 0xd0, 0xd0, 0x0c, 0xd4, 0x8f, 0x06, 0x1a, 0x65,
    0xb8, 0xc5, 0x4d, 0x55, 0xfc, 0x13, 0xcf, 0x14, 0x11, 0xd1, 0xd5, 0x95,
    0x12, 0xd5, 0xd5, 0x8d, 0xce, 0xb9, 0x26, 0x31, 0xe2, 0x7e, 0x34, 0x5e,
    0x7a, 0x73, 0xd7, 0x75, 0x06, 0x71, 0x29, 0xe9, 0x43, 0x9f, 0x4f, 0x42,
    0x97, 0xfa, 0x21, 0x0b, 0x3b, 0xf2, 0xd4, 0xf0, 0x91, 0x57, 0x57, 0x05,
    0x39, 0x12, 0x24, 0x72, 0x27, 0x30, 0xa5, 0x80, 0x84, 0xdb, 0xdd, 0x12,
    0xff, 0xb6, 0x1d, 0xd6, 0xb8, 0x06, 0xa7, 0x55, 0x1a, 0xd1, 0x58, 0xdf,
    0xdc, 0xae, 0x2e, 0xc0, 0x18, 0x44, 0xbe, 0xcd, 0xd2, 0xff, 0x40, 0x4a,
    0x3f, 0x7c, 0x56, 0xbf, 0xc2, 0xbe, 0xaa, 0xed, 0xe7, 0x72, 0xfa, 0xe5,
    0xc8, 0xfe, 0x47, 0x75, 0x16, 0x96, 0x91, 0x0c, 0xdf, 0xc0, 0x0b, 0x9c,
    0x0b, 0x64, 0x85, 0x51, 0xe5, 0x38, 0x15, 0xd8, 0x91, 0x04, 0x17, 0xb7,
    0x5a, 0x07, 0x47, 0x41, 0x16, 0x7b, 0x0f, 0x0f, 0x0e, 0x65, 0xec, 0xc3,
    0xc6, 0x0c, 0x61, 0xc7, 0x66, 0x70, 0x4e, 0x90, 0xf4, 0x5c, 0x82, 0x19,
    0x94, 0x8e, 0x37, 0xd6, 0x49, 0xaf, 0xce, 0x80, 0x0d, 0xf6, 0x86, 0x41,
    0x07, 0x97, 0xaf, 0x92, 0xf3, 0x4e, 0x4c, 0xe9, 0x94, 0x8c, 0xd4, 0x23,
    0xad, 0xee, 0x9c, 0x49, 0x35, 0x67, 0x2b, 0xa8, 0xdf, 0x42, 0xec, 0xd6,
    0x62, 0x2c, 0x72, 0xdb, 0x5d, 0xcf, 0x21, 0xa2, 0x83, 0xf1, 0x36, 0x93,
    0x7c, 0x52, 0x90, 0x72, 0xc3, 0x55, 0xbc, 0x43, 0x3c, 0xac, 0x8d, 0xc6,
    0xdc, 0xcc, 0x53, 0x31, 0x28, 0x0a, 0xf2, 0x2f, 0x14, 0x09, 0x37, 0x87,
    0x7b, 0xe8, 0xfe, 0xdd, 0xea, 0x4c, 0x2b, 0xe0, 0x83, 0x15, 0x57, 0xed,
    0x64, 0xba, 0xc6, 0xcf, 0xbc, 0xa8, 0xd7, 0x24, 0x78, 0xc4, 0x4a, 0xa2,
    0xe6, 0x36, 0x3c, 0xf5, 0x4f, 0x56, 0x0d, 0x79, 0x96, 0xc6, 0x4c, 0x18,
    0x68, 0x97, 0xea, 0x00, 0x97, 0x54, 0xe0, 0x6b, 0xf3, 0xca, 0x24, 0xff,
    0xae, 0x85, 0x4d, 0x67, 0xc1, 0xa1, 0x03, 0xb0, 0x68, 0x3c, 0x84, 0x2e,
    0x7d, 0x7d, 0x41, 0xa8, 0xa2, 0x24, 0xa3, 0x9f, 0x33, 0xa5, 0xc0, 0x75,
    0xf3, 0x9d, 0x1b, 0x3f, 0x59, 0x60, 0x51, 0xa6, 0x4b, 0x47, 0x55, 0x9d,
    0xe8, 0x20, 0x7b, 0xf6, 0x94, 0x47, 0x1c, 0xae, 0x7d, 0x83, 0x8e, 0x10,
    0x87, 0x60, 0x84, 0x94, 0x39, 0xd6, 0xa8, 0x83, 0x1c, 0x33, 0x99, 0x39,
    0x86, 0x3a, 0x94, 0x29, 0x09, 0x34, 0xb1, 0x50, 0x00, 0x56, 0xc8, 0x95,
    0x2c, 0xba, 0x78, 0x98, 0xa5, 0x1f, 0x1d, 0x6f, 0xec, 0x2b, 0x36, 0x92,
    0xd7, 0x84, 0x72, 0xb1, 0xd4, 0x9a, 0x2f, 0xa5, 0xb6, 0xc8, 0x9f, 0xc0,
    0x00, 0x3a, 0x83, 0x3a, 0x83, 0xaf, 0x53, 0x0f, 0xfd, 0x76, 0xd5, 0x05,
    0xa0, 0xc9, 0xab, 0xe3, 0x35, 0x64, 0xbf, 0x2c, 0xd9, 0x77, 0x96, 0xb5,
    0xff, 0x58, 0x3b, 0xed, 0x21, 0xc1, 0x1f, 0x46, 0x99, 0xef, 0x77, 0x3e,
    0xc3, 0x36, 0x41, 0xaf, 0x28, 0xfd, 0x9a, 0x00, 0x82, 0xea, 0x46, 0x92,
    0x36, 0xb7, 0x37, 0x78, 0x51, 0x9c, 0x0d, 0xa5, 0x6b, 0x99, 0x81, 0x4b,
    0x59, 0x5f, 0x87, 0x93, 0x02, 0xd3, 0x40, 0x1c, 0x75, 0x7b, 0x67, 0xfb,
    0xe7, 0x1b, 0x29, 0xa2, 0x0e, 0xa7, 0xa1, 0x33, 0x47, 0x9d, 0x01, 0xc7,
    0xac, 0xc2, 0x74, 0xb2, 0x9a, 0x8c, 0xd3, 0xfb, 0xa4, 0x66, 0x18, 0xc0,
    0xe7, 0xd2, 0xa7, 0xf2, 0x2b, 0x18, 0x97, 0x84, 0x70, 0x1f, 0x18, 0x1d,
    0x48, 0x02, 0xe1, 0x14, 0x65, 0xe9, 0x33, 0xab, 0x24, 0xa8, 0xe9, 0xd1,
    0x8f, 0x82, 0xb8, 0xd2, 0x7f, 0x28, 0xa3, 0xc0, 0xcf, 0x60, 0x79, 0x50,
    0x36, 0x82, 0xb7, 0x58, 0xdf, 0x44, 0x42, 0x6e, 0x66, 0xb0, 0x8c, 0x44,
    0x0c, 0x74, 0xa6, 0x30, 0xfb, 0x95, 0xfb, 0xf3, 0x1f, 0xba, 0x94, 0xd2,
    0xaa, 0xac, 0xb1, 0x4e, 0x46, 0xa0, 0x35, 0xac, 0xda, 0x19, 0x75, 0x94,
    0x23, 0x55, 0x2d, 0xa0, 0xd8, 0xf8, 0x4d, 0x27, 0x66, 0x60, 0xa0, 0xf8,
    0x50, 0xe1, 0xb8, 0x95, 0xa2, 0xd4, 0x08, 0x00, 0x67, 0x71, 0x09, 0xb1,
    0xde, 0xdf, 0xab, 0x47, 0x60, 0x1d, 0x1c, 0x39, 0xe0, 0xa7, 0x08, 0xfc,
    0x59, 0x1f, 0x04, 0x85, 0xfb, 0xeb, 0x0d, 0x0f, 0xb7, 0x28, 0x4e, 0x67,
    0x86, 0x6d, 0x35, 0x4e, 0x04, 0xbc, 0xea, 0x8d, 0x06, 0xaf, 0x25, 0x2c,
    0x95, 0x0f, 0x4d, 0x0b, 0xf7, 0x15, 0xa1, 0x38, 0xa7, 0x55, 0x4e, 0x06,
    0xe8, 0xd0, 0x0a, 0x72, 0x41, 0xe5, 0x2c, 0x25, 0x54, 0x28, 0x14, 0x35,
    0x43, 0x1e, 0xd1, 0x9c, 0x26, 0x62, 0x35, 0xe0, 0xd4, 0x60, 0x43, 0x93,
    0x46, 0xb0, 0x50, 0xa3, 0xee, 0x86, 0x75, 0xaa, 0x04, 0x88, 0xb4, 0x1e,
    0xda, 0x2b, 0xf8, 0x29, 0x3a, 0xa4, 0x2e, 0x78, 0xea, 0x1a, 0xf3, 0xe3,
    0x46, 0x20, 0xd0, 0x9c, 0xf7, 0x4b, 0x9e, 0xfb, 0xe6, 0xf7, 0xca, 0xf1,
    0x55, 0xcb, 0x9b, 0xc8, 0xd6, 0xd6, 0xc7, 0xe1, 0x15, 0x6e, 0x28, 0x57,
    0xbe, 0x98, 0x8b, 0xe0, 0x0b, 0x79, 0x5c, 0x5b, 0x3b, 0xad, 0x24, 0xec,
    0x70, 0x2e, 0xde, 0x6a, 0x3c, 0x07, 0x69, 0x2a, 0x06, 0xdc, 0x28, 0xc1,
    0x2d, 0xa7, 0x7f, 0xa7, 0x27, 0x88, 0x9b, 0x77, 0x50, 0x11, 0x9f, 0xc9,
    0x0e, 0xbe, 0xdc, 0x75, 0x6d, 0xee, 0x90, 0x7e, 0xc7, 0xcc, 0xf4, 0x14,
    0x0f, 0x64, 0x5f, 0xce, 0x3e, 0x2d, 0xa2, 0xa8, 0x2c, 0xff, 0xd6, 0xed,
    0x7d, 0xb8, 0xc5, 0xa4, 0xbd, 0x02, 0x95, 0xb9, 0xf1, 0xf7, 0xba, 0x87,
    0x45, 0x00, 0x5f, 0x3b, 0xc6, 0x25, 0x0c, 0xaf, 0x8f, 0x29, 0x9a, 0x97,
    0x02, 0x0e, 0x6f, 0xeb, 0x43, 0xbd, 0x67, 0x37, 0x5a, 0x96, 0x33, 0xa7,
    0x76, 0x4e, 0x19, 0x86, 0x36, 0x66, 0xa5, 0x3e, 0x2d, 0x0f, 0x6b, 0x92,
    0xe2, 0x94, 0xd2, 0xac, 0xfb, 0x2f, 0xa1, 0xb1, 0x27, 0x11, 0x94, 0x27,
    0x55, 0x5a, 0xe6, 0x42, 0xb0, 0xc4, 0xdd, 0x9d, 0x64, 0x54, 0x2f, 0xf1,
    0x95, 0x22, 0xb5, 0x63, 0xfc, 0xa0, 0xdc, 0x06, 0x57, 0xc4, 0xac, 0x27,
    0x8a, 0x50, 0x02, 0x4c, 0x03, 0x25, 0xb6, 0xe5, 0x69, 0x81, 0xe0, 0x63,
    0xff, 0x6b, 0x5f, 0x98, 0xad, 0x9f, 0xe2, 0x77, 0x1e, 0xaf, 0xf8, 0x21,
    0x77, 0x05, 0x9f, 0xc3, 0x49, 0x93, 0x78, 0x73, 0x5d, 0x43, 0xac, 0xc9,
    0x29, 0x65, 0x64, 0xe0, 0x31, 0xf1, 0xec, 0x9b, 0xcf, 0x65, 0x0c, 0x9d,
    0xe7, 0x10, 0xdc, 0x37, 0x05, 0x07, 0x65, 0x35, 0x51, 0x46, 0xd9, 0xe4,
    0x84, 0xb0, 0x37, 0xb2, 0x1f, 0xc3, 0xd4, 0x76, 0x3d, 0x2c, 0x2d, 0xe6,
    0x20, 0x7b, 0xa6, 0xe5, 0x4b, 0x58, 0x35, 0xbb, 0x4b, 0xd4, 0xc6, 0x06,
    0x99, 0xad, 0xd9, 0x8b, 0xd2, 0x3b, 0x12, 0xc3, 0xa6, 0xc4, 0x5f, 0x62,
    0x8a, 0x85, 0x1b, 0xb7, 0xe6, 0x02, 0xf7, 0x07, 0xbe, 0xc3, 0xa1, 0xa5,
    0x29, 0xaa, 0xcf, 0x04, 0xcc, 0xeb, 0x92, 0xf6, 0xe8, 0x83, 0x8f, 0x3a,
    0x18, 0x93, 0x2a, 0xda, 0x4c, 0xee, 0x2a, 0xfa, 0x3c, 0xc4, 0xf2, 0x6a,
    0x02, 0xee, 0x00, 0xe1, 0x68, 0xb7, 0xcb, 0xdc, 0xe4, 0x9a, 0x96, 0xed,
    0x70, 0xa7, 0xf2, 0x05, 0xa3, 0xdc, 0x06, 0x1b, 0x7e, 0xb2, 0xbd, 0x75,
    0x70, 0x95, 0xf6, 0x9d, 0x96, 0xee, 0xda, 0x3a, 0x07, 0x39, 0xb4, 0x24,
    0x19, 0x4e, 0x26, 0x4f, 0xa6, 0xab, 0x90, 0x17, 0x1e, 0xd2, 0x81, 0x7c,
    0xc8, 0x8f, 0xc0, 0x99, 0xbf, 0x32, 0xe3, 0x53, 0x42, 0x53, 0x63, 0xf8,
    0xa4, 0x0f, 0x73, 0x05, 0x6c, 0x08, 0x5e, 0xe2, 0x04, 0x3d, 0xa3, 0x27,
    0xc3, 0x1b, 0xdd, 0xff, 0x71, 0x2a, 0xf7, 0x24, 0xc7, 0x14, 0x20, 0xe5,
    0xec, 0xde, 0x89, 0x02, 0x4f, 0xd7, 0xe0, 0xe4, 0x1d, 0xd4, 0xc4, 0xf3,
    0xc0, 0x95, 0x78, 0xd7, 0xa8, 0x1d, 0x29, 0x87, 0x3e, 0x9b, 0x73, 0x26,
    0xcf, 0x3d, 0x29, 0xbc, 0x85, 0xce, 0xf8, 0x1d, 0xa5, 0xc5, 0x72, 0x85,
    0xdf, 0x4d, 0x95, 0x8c, 0xdc, 0x37, 0x3b, 0xa4, 0xc3, 0x8a, 0x4a, 0x9a,
    0xd4, 0xc1, 0x55, 0xe0, 0xa5, 0x3e, 0x20, 0xa1, 0xdc, 0x3b, 0x4f, 0x39,
    0xf5, 0xed, 0x7b, 0xdb, 0xb5, 0x22, 0xbb, 0x85, 0x42, 0x63, 0x52, 0xfe,
    0xc4, 0xb3, 0xef, 0x7c, 0xfb, 0xeb, 0x4f, 0x9a, 0x1e, 0x00, 0xbf, 0xd1,
    0x83, 0xf9, 0x51, 0xbf, 0x1f, 0x36, 0x3e, 0x34, 0x47, 0xfc, 0x7b, 0x84,
    0x16, 0x30, 0xbc, 0x53, 0x1c, 0x56, 0xfe, 0xab, 0x94, 0xe5, 0x98, 0x5c,
    0x09, 0x7b, 0x06, 0x57, 0xa3, 0x38, 0x0a, 0x36, 0xa7, 0x10, 0xc5, 0xc5,
    0xd4, 0xbb, 0x20, 0x0c, 0x7b, 0x45, 0xd0, 0x48, 0x39, 0x8e, 0x9b, 0xad,
    0x58, 0xc4, 0x19, 0x82, 0xa9, 0x41, 0xca, 0xde, 0x9f, 0x94, 0x7b, 0x4f,
    0x3c, 0x15, 0x74, 0xec, 0xb7, 0xa2, 0x42, 0xe2, 0xcd, 0x0d, 0xa0, 0x9f,
    0xf9, 0x08, 0xc8, 0x85, 0xe9, 0xaa, 0x27, 0x74, 0xe4, 0xd2, 0x96, 0x58,
    0x72, 0x0c, 0x97, 0x20, 0x1e, 0xc6, 0xf7, 0xcf, 0x9a, 0x22, 0x81, 0x68,
    0xcf, 0x2b, 0x03, 0x9f, 0xcc, 0xe1, 0xd3, 0x4f, 0x39, 0xba, 0xcb, 0x1b,
    0x06, 0xb3, 0xc1, 0xd6, 0x21, 0xf7, 0x29, 0xd8, 0x58, 0x5d, 0x40, 0xda,
    0x0e, 0x1d, 0x3a, 0xad, 0xf6, 0x23, 0x70, 0xe4, 0x6f, 0x07, 0x98, 0x8f,
    0x87, 0x4e, 0x63, 0x57, 0x41, 0xaf, 0x12, 0x9f, 0x8a, 0x11, 0x6b, 0xfd,
    0x18, 0x31, 0xdf, 0x49, 0x10, 0x97, 0x85, 0x80, 0xfd, 0xb8, 0x83, 0xad,
    0x40, 0x8d, 0x83, 0x3c, 0x7a, 0xab, 0x23, 0x6e, 0x8e, 0x3a, 0xab, 0xf7,
    0x22, 0x17, 0x6f, 0xa2, 0x12, 0xe8, 0xb5, 0x66, 0xc3, 0x8a, 0x04, 0xc8,
    0xd5, 0xe1, 0xc5, 0xf6, 0x71, 0xeb, 0x13, 0xca, 0x91, 0x1b, 0x85, 0xbb,
    0xb7, 0x3d, 0x85, 0x16, 0x2a, 0xb2, 0x7c, 0xf6, 0x60, 0xa0, 0xb0, 0x8c,
    0xc5, 0xf7, 0x8f, 0x4a, 0x21, 0x67, 0x9e, 0xde, 0x0f, 0x4a, 0x53, 0x36,
    0xf2, 0xf9, 0x73, 0xe1, 0xaf, 0xdf, 0x72, 0xcd, 0x8f, 0xc9, 0x19, 0xc4,
    0x48, 0x27, 0xe8, 0x26, 0x5f, 0xbe, 0x82, 0xc1, 0x0d, 0xf5, 0x75, 0x64,
    0x38, 0xd5, 0x7a, 0x2f, 0x25, 0xbd, 0xe4, 0x3d, 0x6d, 0x2e, 0x67, 0x14,
    0xd8, 0xf2, 0x73, 0x3f, 0x13, 0xa3, 0xb6, 0xae, 0xe7, 0xa3, 0xb3, 0xb8,
    0x31, 0xec, 0xdd, 0x52, 0x53, 0xc9, 0xea, 0x1d, 0x75, 0x3c, 0x1b, 0x11,
    0x1a, 0xc5, 0x47, 0x7d, 0x0b, 0x38, 0xdc, 0xad, 0xfe, 0x0f, 0x97, 0xd9,
    0x90, 0xbe, 0xb2, 0xd5, 0xb2, 0xd3, 0x29, 0x66, 0x0a, 0xad, 0x40, 0x6b,
    0x05, 0x71, 0x42, 0x2e, 0x5b, 0x54, 0xda, 0x1b, 0x91, 0xb7, 0xd2, 0xc3,
    0x7e, 0xfc, 0xcf, 0xb4, 0xe8, 0x19, 0x17, 0xcd, 0x2d, 0x01, 0x8d, 0x4d,
    0xe6, 0x2a, 0x2b, 0x40, 0x67, 0x92, 0x76, 0x6e, 0x4b, 0x38, 0x6f, 0x08,
    0xf0, 0x4e, 0x5f, 0xcd, 0x47, 0x17, 0x39, 0xb5, 0x6c, 0xa5, 0x25, 0x7b,
    0x80, 0x34, 0x5c, 0xb9, 0xef, 0x66, 0x8e, 0x59, 0x44, 0xf0, 0xe5, 0xdf,
    0x4e, 0x4b, 0x2c, 0xa2, 0x5a, 0x89, 0x5f, 0x84, 0x2b, 0x55, 0x05, 0xea,
    0x84, 0xf9, 0xa4, 0x5b, 0x67, 0xf4, 0x6c, 0x71, 0x11, 0x90, 0x19, 0x5a,
    0xfa, 0x10, 0xd3, 0x8f, 0x8b, 0x1d, 0x82, 0xdf, 0xd6, 0xbf, 0x90, 0x6c,
    0xa3, 0x25, 0x18, 0x28, 0x72, 0xb9, 0x31, 0xc0, 0x50, 0x8c, 0xcb, 0x75,
    0xb5, 0x95, 0x1f, 0xe3, 0xd6, 0x28, 0xe3, 0xb8, 0xda, 0x83, 0xff, 0x5b,
    0x09, 0x06, 0xb8, 0xb0, 0x4f, 0x8b, 0x29, 0xb1, 0x99, 0x4f, 0x19, 0x9b,
    0x7e, 0x64, 0x35, 0x4c, 0xad, 0x38, 0xbe, 0xf2, 0x1c, 0xe9, 0x60, 0x56,
    0x97, 0xd9, 0x66, 0x53, 0x14, 0x9c, 0xa2, 0x38, 0xf6, 0xe5, 0x1c, 0x2c,
    0xc9, 0xea, 0x35, 0xa6, 0xa6, 0x43, 0xf4, 0x05, 0x35, 0xef, 0x36, 0xc3,
    0x0e, 0x65, 0x18, 0x4f, 0x88, 0x52, 0x16, 0x2f, 0x59, 0xb6, 0x33, 0xe0,
    0x8f, 0x06, 0xb4, 0x62, 0x24, 0x6b, 0xdc, 0x44, 0x00, 0x6e, 0xdc, 0x7e,
    0xd6, 0x79, 0xff, 0xf5, 0xde, 0xf1, 0x60, 0xdb, 0x49, 0xd7, 0x40, 0x14,
    0xaa, 0x6d, 0xfa, 0x7d, 0x57, 0x54, 0xa0, 0xf3, 0x1e, 0x91, 0xc3, 0x74,
    0x1f, 0xb4, 0x20, 0xa8, 0xd2, 0x54, 0x6f, 0x6a, 0x1b, 0x30, 0x98, 0x36,
    0x9b, 0x9f, 0xee, 0x8f, 0x5b, 0xf7, 0x5f, 0x7e, 0x3f, 0x98, 0x29, 0x23,
    0xeb, 0xb4, 0x52, 0x70, 0xcb, 0x74, 0xfe, 0xc9, 0xe8, 0xc0, 0x84, 0x34,
    0x52, 0xa9, 0x4a, 0xcb, 0x88, 0x2e, 0x02, 0xb4, 0xaa, 0x30, 0x2b, 0x6e,
    0x9d, 0x2c, 0x5b, 0x33, 0xa0, 0xf0, 0xa7, 0x0d, 0x84, 0x00, 0x87, 0xa3,
    0xbe, 0x8b, 0x30, 0x34, 0xce, 0x0e, 0x3b, 0xb2, 0x1d, 0x37, 0xda, 0xcf,
    0xf1, 0xda, 0x63, 0x03, 0x8a, 0xab, 0x5b, 0x46, 0x93, 0x3b, 0x6f, 0x0b,
    0x0c, 0xb0, 0x05, 0x23, 0x22, 0x82, 0x96, 0xd8, 0x56, 0x72, 0xe2, 0x6d,
    0xc1, 0xcb, 0xac, 0x49, 0xa0, 0x15, 0xdf, 0x0e, 0x7d, 0x93, 0x8c, 0x80,
    0x64, 0x2a, 0x29, 0x80, 0x49, 0x2e, 0xfb, 0xe4, 0x9d, 0x31, 0x5f, 0xe1,
    0xe9, 0xd8, 0x8a, 0xf4, 0xcc, 0x94, 0xf7, 0xda, 0x0d, 0x4c, 0x13, 0x2f,
    0xd1, 0xec, 0xad, 0xfa, 0xfd, 0xd9, 0x76, 0xca, 0x4c, 0x6e, 0xfa, 0x25,
    0xc0, 0xa7, 0xd8, 0x98, 0x90, 0x99, 0x7f, 0x87, 0x81, 0x21, 0x64, 0xfc,
    0xe2, 0xca, 0x4f, 0x02, 0x50, 0x29, 0x95, 0x8b, 0x4d, 0x7c, 0x9a, 0x63,
    0xda, 0x79, 0x4c, 0x9a, 0xc9, 0xad, 0x90, 0xcb, 0x85, 0x7a, 0xad, 0x72,
    0x0a, 0x2a, 0xb2, 0x50, 0x2a, 0xe4, 0x19, 0xe3, 0xad, 0xe9, 0x40, 0xf0,
    0xd6, 0xb1, 0x0e, 0x8f, 0x10, 0x86, 0xe8, 0x52, 0x3b, 0x31, 0x7b, 0xe5,
    0x68, 0x64, 0x3f, 0x73, 0x05, 0x2b, 0x43, 0x00, 0xe2, 0x88, 0x5a, 0x22,
    0xa0, 0x34, 0xf8, 0x0a, 0xcc, 0x16, 0xde, 0x69, 0x6c, 0x6a, 0x9c, 0x15,
    0xb9, 0x1e, 0x98, 0xf9, 0xdd, 0x05, 0x64, 0xbc, 0xf8, 0xfe, 0xb0, 0xbe,
    0xeb, 0xf3, 0xd9, 0x92, 0x1e, 0xc6, 0xed, 0xb3, 0x7e, 0xdd, 0x6f, 0x37,
    0xa5, 0xea, 0x04, 0xe8, 0x94, 0xbd, 0x31, 0x3d, 0x20, 0x9e, 0xe1, 0x0a,
    0x6f, 0xfc, 0xb7, 0x3c, 0xac, 0x45, 0xbf, 0x8d, 0x68, 0x62, 0x97, 0x27,
    0x5c, 0xc3, 0x95, 0xef, 0xb9, 0x16, 0x96, 0x8a, 0x45, 0x01, 0x1c, 0x2f,
    0x41, 0x04, 0x92, 0xcd, 0xc3, 0x3f, 0x2e, 0xdb, 0xb9, 0xcc, 0x31, 0x30,
    0xf5, 0x33, 0x24, 0xc3, 0x7d, 0x44, 0xc6, 0xac, 0x57, 0x3a, 0x81, 0x23,
    0xf5, 0x72, 0x42, 0x69, 0xf3, 0x13, 0x83, 0x16, 0x16, 0xbe, 0x83, 0xf3,
    0xf2, 0x18, 0xb8, 0xa4, 0x2c, 0x11, 0x4d, 0x22, 0x17, 0x45, 0x9b, 0x9f,
    0x6e, 0x9d, 0x20, 0x21, 0xc6, 0xea, 0xbc, 0x96, 0xc3, 0x4c, 0xbc, 0x65,
    0xeb, 0x90, 0x41, 0x31, 0xff, 0x9f, 0x89, 0x7f, 0xc5, 0x31, 0xf6, 0xb1,
    0x40, 0xcf, 0xf2, 0xe1, 0x5c, 0xf6, 0xcc, 0xef, 0x81, 0x4d, 0x03, 0x4f,
    0xb5, 0x4d, 0x07, 0x34, 0xd9, 0x3b, 0x3b, 0x99, 0xca, 0x84, 0x84, 0x74,
    0x5a, 0xc0, 0x4d, 0xb8, 0x93, 0x1e, 0xd7, 0x4e, 0xf4, 0x9b, 0x64, 0x8e,
    0xc2, 0x15, 0x39, 0x40, 0x8b, 0xbb, 0xea, 0x68, 0x03, 0xac, 0x13, 0xf4,
    0x9a, 0x29, 0xba, 0x42, 0x86, 0x68, 0xf3, 0x9c, 0x7d, 0xc2, 0x10, 0xcb,
    0xd9, 0x4a, 0x21, 0xf4, 0x25, 0x0a, 0x60, 0x87, 0xfc, 0xdd, 0x6a, 0xde,
    0x54, 0xf2, 0x16, 0x61, 0x90, 0xeb, 0xbc, 0x3e, 0xdb, 0xb3, 0x81, 0xf9,
    0xc8, 0x7b, 0x98, 0x15, 0x83, 0x22, 0x50, 0x36, 0x56, 0x9d, 0x11, 0x24,
    0x9e, 0x59, 0xe4, 0xc1, 0xd3, 0x35, 0x91, 0xb8, 0x65, 0x93, 0xcb, 0xe3,
    0x92, 0xa9, 0x4a, 0xa8, 0x35, 0x72, 0xd1, 0x8f, 0xa8, 0x50, 0xba, 0x4e,
    0x29, 0x88, 0x80, 0x49, 0xa5, 0x5f, 0x15, 0x2f, 0x2d, 0x93, 0x4c, 0x0b,
    0xc3, 0x50, 0x66, 0x4c, 0xd9, 0x71, 0x28, 0x0b, 0x7a, 0xf5, 0x72, 0x58,
    0xba, 0xb4, 0x45, 0xb2, 0xb9, 0x91, 0xb2, 0x03, 0xcf, 0x7b, 0x7e, 0x95,
    0xff, 0x08, 0x74, 0x16, 0xfa, 0x44, 0x85, 0x9c, 0x96, 0x4c, 0xfe, 0x5f,
    0x76, 0x97, 0xc5, 0x35, 0x39, 0x33, 0xf0, 0xc0, 0x10, 0x83, 0x07, 0x8b,
    0xcf, 0x9a, 0x5d, 0xc4, 0xf2, 0x3a, 0x3c, 0x13, 0x28, 0x91, 0x49, 0x41,
    0xf5, 0x3b, 0xdb, 0x3e, 0xfe, 0x78, 0xdf, 0x1b, 0x91, 0x38, 0x15, 0xe5,
    0x3d, 0xfa, 0x95, 0xf1, 0x65, 0xd2, 0x9a, 0x76, 0x79, 0x6c, 0xb9, 0x5e,
    0x08, 0xfc, 0x91, 0x04, 0xff, 0x53, 0x4e, 0xd9, 0x91, 0x47, 0x18, 0xa6,
    0xa2, 0x08, 0xc0, 0xc8, 0x52, 0x0b, 0xdd, 0x0a, 0x82, 0xb0, 0xf9, 0x36,
    0x7a, 0xbf, 0xd7, 0xfa, 0x1b, 0x10, 0x75, 0x40, 0xeb, 0xd9, 0xbd, 0x94,
    0xdc, 0x3d, 0xb9, 0x04, 0x8f, 0xe9, 0x50, 0xf6, 0xc1, 0x1e, 0xc5, 0x76,
    0x19, 0x98, 0x2c, 0xe0, 0x7e, 0x78, 0x83, 0x07, 0x9c, 0xf1, 0x7d, 0x28,
    0x0f, 0x0f, 0x23, 0x40, 0xdf, 0xb9, 0xac, 0x1e, 0xf7, 0x2e, 0xcd, 0xe6,
    0xef, 0xe3, 0x89, 0x1f, 0xc5, 0xf5, 0x64, 0x04, 0x5e, 0xc2, 0x31, 0x38,
    0xa1, 0x80, 0x01, 0x31, 0x70, 0x52, 0x52, 0xeb, 0x94, 0x4c, 0x5c, 0xad,
    0x96, 0x2a, 0xb8, 0xd8, 0x08, 0x8d, 0x34, 0x07, 0x42, 0x59, 0x51, 0xf2,
    0x8e, 0xd3, 0x4e, 0x0a, 0x96, 0x9f, 0x89, 0x7f, 0x8d, 0x4a, 0xfa, 0x10,
    0x27, 0xb6, 0xba, 0xc7, 0x6b, 0xf4, 0x2d, 0x01, 0x49, 0xb7, 0xf8, 0xb7,
    0xd8, 0x30, 0x14, 0x83, 0x2a, 0x88, 0xa5, 0x31, 0x83, 0x57, 0xf5, 0xfd,
    0xfe, 0xca, 0xda, 0x69, 0x7b, 0x38, 0xf5, 0x5a, 0x9c, 0xea, 0xc9, 0x75,
    0xb0, 0x80, 0xb2, 0x91, 0xe7, 0x27, 0xf6, 0xf2, 0xfe, 0x42, 0x8e, 0x7e,
    0xac, 0x23, 0xc6, 0x60, 0x84, 0x74, 0xed, 0x3e, 0xec, 0x44, 0x9e, 0x07,
    0x6d, 0xcb, 0x0f, 0x49, 0xd1, 0x5d, 0xb9, 0x19, 0x86, 0x84, 0x33, 0x15,
    0x8e, 0xce, 0x70, 0x67, 0x1e, 0x49, 0x6c, 0x87, 0xd8, 0xd1, 0x1d, 0x83,
    0x77, 0xa5, 0xfc, 0x0c, 0xec, 0xa8, 0xcc, 0x40, 0x04, 0xca, 0x0d, 0xfd,
    0x85, 0xc3, 0x1c, 0x51, 0x37, 0x0a, 0xb5, 0xe6, 0x36, 0x74, 0x49, 0x32,
    0xd6, 0x99, 0x53, 0x53, 0x96, 0x41, 0x97, 0xf9, 0xac, 0x35, 0x6c, 0x3d,
    0xb9, 0x6e, 0x9b, 0x31, 0x97, 0xe2, 0x38, 0xf6, 0xd0, 0xb2, 0x61, 0xa1,
    0x67, 0x5b, 0xae, 0xb8, 0xfd, 0x87, 0x16, 0x33, 0x97, 0x9c, 0xce, 0x09,
    0xc6, 0x19, 0x0e, 0xf9, 0x28, 0x57, 0xd6, 0x84, 0x44, 0xd4, 0xf9, 0xb8,
    0xf5, 0x00, 0x24, 0x57, 0x2d, 0x31, 0xd0, 0x6c, 0xaf, 0x1d, 0x78, 0x30,
    0x08, 0x2c, 0x56, 0xae, 0xac, 0x8e, 0x64, 0x8f, 0xd8, 0x9a, 0xea, 0xd3,
    0x0b, 0x7d, 0x38, 0x1b, 0x78, 0x25, 0xcd, 0xb9, 0x92, 0xc1, 0x3d, 0x86,
    0xa9, 0xa5, 0xfb, 0x74, 0x00, 0x08, 0xbe, 0xc4, 0x39, 0x52, 0x52, 0x75,
    0xe1, 0x98, 0x02, 0x04, 0xc0, 0x7d, 0x8b, 0xb5, 0xb3, 0x22, 0x7b, 0x3e,
    0xb0, 0x8e, 0x17, 0x4e, 0x5d, 0xf4, 0x77, 0x50, 0x2b, 0x01, 0x4d, 0xdc,
    0x15, 0x15, 0x3c, 0x65, 0xed, 0x5f, 0x5d, 0x56, 0xe6, 0xb5, 0x7c, 0x71,
    0x44, 0x3b, 0xcc, 0xab, 0xdb, 0x91, 0xdd, 0x53, 0x58, 0xe1, 0x4f, 0x92,
    0x22, 0x48, 0xd1, 0x74, 0xb3, 0x92, 0xac, 0x38, 0x83, 0x27, 0x7d, 0x0c,
    0x92, 0x9e, 0xbc, 0xc6, 0xe5, 0xca, 0x0c, 0xe4, 0xca, 0x40, 0xfb, 0x61,
    0x49, 0xe8, 0xb6, 0x4e, 0xc0, 0xe2, 0x66, 0x8b, 0x9a, 0x13, 0xdc, 0x89,
    0x36, 0x2f, 0x08, 0xe4, 0xb3, 0x2a, 0x17, 0x47, 0x18, 0x04, 0xdf, 0x43,
    0xf5, 0xed, 0x69, 0xdd, 0x74, 0xcd, 0x94, 0x82, 0x7d, 0x92, 0x05, 0x4a,
    0x2d, 0x26, 0xd6, 0xa4, 0xca, 0x43, 0xc0, 0xdd, 0x60, 0x2c, 0xd5, 0x74,
    0x95, 0x3a, 0x27, 0xa2, 0xa4, 0x8d, 0xe7, 0xb7, 0x88, 0x46, 0x82, 0x79,
    0x65, 0x42, 0xd4, 0xe1, 0xbe, 0x9a, 0x99, 0x6e, 0x5d, 0x41, 0x84, 0xd4,
    0xb0, 0xcf, 0x66, 0x63, 0x3c, 0x53, 0x3a, 0x7c, 0xfc, 0x16, 0xc4, 0x77,
    0x7b, 0x6c, 0x45, 0x25, 0x54, 0x4b, 0x09, 0x0f, 0xb1, 0x5a, 0x8c, 0x82,
    0xc6, 0x8e, 0x0c, 0x8a, 0xbe, 0x92, 0x12, 0xc2, 0xa5, 0x09, 0xb6, 0x2c,
    0x0b, 0x1c, 0xf4, 0x65, 0x91, 0x85, 0x69, 0xac, 0x0d, 0x11, 0xa1, 0x9a,
    0x8c, 0xe8, 0x55, 0x45, 0x9e, 0xef, 0xd6, 0xfd, 0xbd, 0x43, 0xe3, 0x5b,
    0x51, 0x46, 0xa3, 0x3c, 0x64, 0x61, 0x68, 0xe2, 0xd7, 0xc6, 0xf4, 0x56,
    0xfc, 0x92, 0x27, 0x2f, 0x2a, 0x40, 0x40, 0x3a, 0x88, 0xa9, 0x53, 0xd3,
    0x72, 0xec, 0xe5, 0xe9, 0x79, 0x05, 0x5b, 0x9e, 0x3c, 0x5e, 0x20, 0x56,
    0x86, 0x96, 0x46, 0xba, 0x9d, 0x6c, 0x2e, 0x24, 0xa4, 0xd2, 0xfc, 0x0a,
    0x2e, 0x66, 0x32, 0x16, 0xcf, 0x57, 0x6c, 0xb5, 0xbb, 0x65, 0xb4, 0xbd,
    0xd8, 0x80, 0xa2, 0x0c, 0x53, 0x11, 0xd4, 0x43, 0x77, 0x60, 0x01, 0x38,
    0x6d, 0x2e, 0xae, 0xe9, 0x12, 0x95, 0xbc, 0xb4, 0x69, 0x9b, 0xfd, 0x69,
    0x44, 0x6a, 0x5a, 0x71, 0x4a, 0x2d, 0xf3, 0x7f, 0xd1, 0x70, 0x6e, 0x54,
    0x39, 0x03, 0x05, 0x71, 0x92, 0x3c, 0x52, 0x8c, 0x9d, 0xa4, 0x40, 0x34,
    0x2a, 0x97, 0x2d, 0x5d, 0xf7, 0x49, 0xb2, 0x99, 0x0b, 0x10, 0x92, 0x33,
    0x99, 0x87, 0xa9, 0xa5, 0xe5, 0xdf, 0xd4, 0x32, 0xb8, 0x51, 0x71, 0x42,
    0x7b, 0xab, 0x57, 0x23, 0x9d, 0xcc, 0x9b, 0x50, 0x9c, 0x9a, 0x69, 0x6b,
    0x23, 0x4a, 0x3c, 0x03, 0x84, 0x1a, 0xed, 0x65, 0x3c, 0x89, 0x09, 0xc4,
    0x70, 0xff, 0x8c, 0x43, 0x18, 0xce, 0xa7, 0xbf, 0x14, 0xc8, 0x79, 0xd8,
    0x56, 0x14, 0x7e, 0x03, 0xc8, 0x74, 0x2d, 0x48, 0xb8, 0xa3, 0x47, 0xc6,
    0x9d, 0xbf, 0x48, 0xe6, 0x49, 0x88, 0x08, 0x01, 0xb3, 0x16, 0x48, 0x32,
    0x33, 0xda, 0xc8, 0x62, 0x7e, 0x6b, 0xa8, 0x06, 0xc7, 0x24, 0x95, 0xb5,
    0xdf, 0x0a, 0xd3, 0x01, 0xbe, 0xdc, 0xa8, 0x56, 0x4f, 0xc1, 0x7b, 0xf6,
    0x8c, 0x46, 0x7a, 0x4d, 0x22, 0x0d, 0x96, 0x20, 0x9d, 0xe3, 0xcd, 0xb7,
    0x92, 0x71, 0x98, 0x98, 0x18, 0x45, 0xb9, 0x86, 0x78, 0x46, 0x92, 0xcb,
    0xa8, 0x34, 0x02, 0xbd, 0x09, 0xdf, 0x10, 0x1b, 0x61, 0x0b, 0x70, 0xb1,
    0x6e, 0xdd, 0xaa, 0xe2, 0x58, 0x4a, 0xcf, 0x1d, 0x15, 0xab, 0xeb, 0x2a,
    0xac, 0xdd, 0x1a, 0xae, 0x41, 0x73, 0xb1, 0x69, 0x36, 0x04, 0x63, 0x7c,
    0x2b, 0x3e, 0x59, 0x0c, 0x51, 0xd2, 0xfb, 0xb4, 0x0b, 0x4b, 0xdb, 0x02,
    0x4b, 0x0d, 0x42, 0xe9, 0x60, 0xdc, 0xb2, 0x41, 0x71, 0x77, 0xa6, 0x4a,
    0x24, 0x63, 0xa4, 0xbc, 0x2b, 0x88, 0x6c, 0xd2, 0xb2, 0x77, 0xb7, 0xe1,
    0x0e, 0xa4, 0x99, 0x1b, 0x91, 0x3d, 0x04, 0xee, 0xf8, 0x5f, 0x8b, 0xfb,
    0x27, 0x64, 0x8a, 0xca, 0x39, 0x53, 0x6e, 0xfe, 0x9a, 0x7c, 0x58, 0x02,
    0xc5, 0x00, 0xd2, 0xb1, 0x57, 0x59, 0x13, 0x0a, 0x9d, 0x22, 0x27, 0xde,
    0x6a, 0x60, 0x7a, 0x71, 0x68, 0xad, 0x5f, 0x02, 0x8b, 0xc8, 0x00, 0x63,
    0x12, 0x1a, 0x87, 0x34, 0x4f, 0x4d, 0xe5, 0xce, 0x3b, 0x2d, 0x08, 0x53,
    0xde, 0x77, 0xa8, 0x2e, 0x3b, 0xfd, 0x2c, 0xff, 0x0f, 0x08, 0x38, 0x35,
    0x8d, 0xc7, 0xf4, 0x27, 0x3a, 0xbc, 0xad, 0xa6, 0x35, 0x48, 0x2c, 0x9c,
    0x38, 0xdc, 0x2c, 0x63, 0xde, 0x3d, 0x18, 0x9e, 0x19, 0x02, 0x8b, 0x1b,
    0x93, 0x53, 0xce, 0xb7, 0x05, 0x7e, 0xed, 0x4c, 0xa6, 0x5f, 0x0e, 0x8e,
    0xe2, 0x13, 0x6b, 0xdd, 0xcf, 0xa3, 0x1b, 0xd9, 0xdf, 0xbf, 0x3e, 0xb1,
    0xe9, 0x63, 0x20, 0x5d, 0xdd, 0x69, 0xc4, 0x0c, 0x90, 0xad, 0x59, 0x2e,
    0x6a, 0x68, 0x48, 0x4e, 0x79, 0x38, 0xac, 0xb4, 0xd6, 0x9d, 0xde, 0xe8,
    0x17, 0xdb, 0xd0, 0x6f, 0x2b, 0x4f, 0x43, 0x36, 0x11, 0x4d, 0xe9, 0x86,
    0xb1, 0xac, 0xc0, 0xf5, 0xd9, 0x77, 0xf2, 0x7c, 0x11, 0x42, 0x1d, 0x24,
    0xae, 0x63, 0x92, 0x1f, 0xd4, 0xdb, 0xb7, 0xdd, 0x7d, 0x24, 0xb6, 0x23,
    0x9f, 0x25, 0xce, 0xa2, 0xb6, 0x82, 0x1d, 0x20, 0x56, 0x78, 0x85, 0x6a,
    0x2c, 0x24, 0x87, 0x23, 0xfe, 0x09, 0xbc, 0x2c, 0x28, 0xea, 0xcd, 0x2c,
    0x05, 0xd9, 0x7d, 0x74, 0xfb, 0x8b, 0x9e, 0x2c, 0xf9, 0x8e, 0xcb, 0xd9,
    0xf1, 0x62, 0x6a, 0x8a, 0xeb, 0x6c, 0x76, 0x74, 0xb6, 0x31, 0xbf, 0xae,
    0x36, 0x18, 0x9e, 0x8d, 0xe7, 0x18, 0x4a, 0x19, 0xe0, 0x95, 0x0d, 0x6e,
    0x9b, 0x85, 0xba, 0xe1, 0x46, 0x65, 0x4e, 0xe0, 0x91, 0x25, 0x56, 0xc8,
    0x02, 0x9f, 0xba, 0xa4, 0x6a, 0xab, 0xbb, 0xd2, 0x4b, 0x7a, 0xe1, 0x6b,
    0xa4, 0xc2, 0xbb, 0xb4, 0x6e, 0x7e, 0x0e, 0x9e, 0x6e, 0x2d, 0x93, 0x88,
    0x2c, 0x28, 0xb9, 0x0a, 0xc4, 0x1b, 0x69, 0x4d, 0xf6, 0xc9, 0x96, 0x24,
    0xc1, 0x52, 0x42, 0x6e, 0x1d, 0x2f, 0xff, 0xf9, 0xbc, 0x90, 0x2c, 0xc5,
    0xae, 0xe5, 0xa7, 0x7b, 0x4c, 0x6f, 0x4a, 0x62, 0xbb, 0xbb, 0x9a, 0x78,
    0x02, 0xc2, 0x5b, 0x40, 0x89, 0x50, 0x82, 0x8a, 0x9e, 0xf1, 0xa4, 0x44,
    0xa1, 0xf8, 0x3b, 0x02, 0x23, 0xd8, 0xe8, 0x63, 0xb3, 0xe2, 0x93, 0xc6,
    0x97, 0xfa, 0xd9, 0x28, 0xb0, 0xc5, 0x64, 0x3c, 0xe2, 0xc8, 0xf4, 0xbe,
    0x5e, 0x80, 0x3e, 0x50, 0xf7, 0x75, 0xeb, 0xc7, 0xe6, 0x36, 0xc2, 0x3c,
    0x1c, 0x4c, 0xe9, 0x1a, 0x27, 0x3f, 0xe0, 0xc0, 0xc5, 0x8a, 0x62, 0x9c,
    0x22, 0x85, 0x9a, 0x51, 0x0b, 0x61, 0x76, 0xa6, 0x49, 0x81, 0xc0, 0x29,
    0x12, 0xef, 0x4b, 0xb8, 0xb4, 0xa4, 0x9d, 0x09, 0x39, 0x95, 0x43, 0xfb,
    0x7f, 0x1a, 0x6d, 0x2f, 0xa7, 0x94, 0x8c, 0xf3, 0x90, 0x9c, 0xfe, 0x11,
    0x6f, 0x2c, 0xb9, 0x08, 0x66, 0x77, 0x48, 0xac, 0x95, 0x9e, 0xd7, 0x92,
    0xd9, 0x9a, 0x0a, 0xc1, 0x9a, 0x15, 0x4e, 0x11, 0xe7, 0x90, 0x9f, 0xfc,
    0x01, 0x12, 0xd4, 0x04, 0xb5, 0x9f, 0x0a, 0x79, 0xe6, 0xdf, 0x33, 0x0d,
    0x73, 0x74, 0xe4, 0x4c, 0x5d, 0xe9, 0xfb, 0x04, 0xb4, 0x1b, 0xea, 0xf4,
    0x05, 0x22, 0x61, 0x84, 0x2b, 0xbc, 0x20, 0xd0, 0x3e, 0x0a, 0x8b, 0x53,
    0x40, 0x81, 0x96, 0x73, 0x6b, 0xa7, 0xc1, 0xe0, 0x03, 0x30, 0xe2, 0x51,
    0x39, 0x94, 0x71, 0xa6, 0x52, 0x43, 0x42, 0xc7, 0x76, 0x43, 0x4a, 0xdb,
    0x5b, 0xeb, 0x78, 0x25, 0xf2, 0x66, 0x6b, 0x6d, 0x71, 0x35, 0x9b, 0xff,
    0xa8, 0xc0, 0x75, 0xc0, 0x60, 0x9a, 0xe6, 0xde, 0xb0, 0x45, 0x24, 0x6d,
    0x23, 0xd2, 0x13, 0x74, 0x98, 0xf3, 0x68, 0x96, 0x41, 0x6e, 0x77, 0xd5,
    0x06, 0x05, 0xa8, 0xde, 0xe3, 0xd3, 0x57, 0x71, 0x2c, 0x84, 0xef, 0x75,
    0x2b, 0x6c, 0x09, 0xa9, 0xf7, 0xeb, 0x2f, 0x8c, 0x92, 0x44, 0x32, 0xed,
    0xbf, 0x16, 0x1c, 0xdb, 0x5b, 0xd1, 0xd4, 0xec, 0x58, 0x22, 0x4f, 0xd4,
    0x18, 0x25, 0x76, 0x93, 0xa3, 0xa1, 0x4c, 0xf2, 0xa4, 0xa9, 0xe3, 0x38,
    0x8a, 0x8d, 0xb7, 0xca, 0xdf, 0x06, 0xa6, 0xd2, 0x7b, 0x86, 0x50, 0xc0,
    0xda, 0xb4, 0xc0, 0xa8, 0x3b, 0xf8, 0x22, 0x39, 0x7c, 0x15, 0x75, 0x6b,
    0x17, 0xef, 0xd2, 0xd6, 0x1a, 0xf3, 0x5a, 0x21, 0x81, 0xd5, 0x9a, 0x8d,
    0x8f, 0x6e, 0x29, 0x99, 0x97, 0x39, 0xb1, 0x1c, 0x42, 0x90, 0x61, 0x03,
    0xfb, 0xf1, 0x8b, 0xb4, 0x42, 0xd8, 0x86, 0x31, 0xc8, 0x1c, 0x36, 0xe6,
    0xa8, 0x9b, 0xa2, 0x40, 0xe4, 0x62, 0x10, 0xe8, 0xaa, 0xe9, 0x38, 0xed,
    0x37, 0x2e, 0xc4, 0x89, 0x0b, 0x6e, 0x95, 0x3e, 0xce, 0x6d, 0x7c, 0x60,
    0xef, 0x24, 0xe7, 0xf6, 0xb6, 0x28, 0xa9, 0x2c, 0x2b, 0x5f, 0xbc, 0xd7,
    0x6e, 0xe8, 0xef, 0x73, 0x2d, 0x1e, 0x85, 0xa4, 0xb9, 0x56, 0xfe, 0x29,
    0x43, 0x5a, 0x64, 0xa5, 0x08, 0x2e, 0x1d, 0x79, 0x45, 0x83, 0xf2, 0x47,
    0xee, 0x25, 0x01, 0xfc, 0xb9, 0x12, 0xe6, 0xa7, 0x19, 0x8d, 0x19, 0xcc,
    0xc1, 0x42, 0x73, 0xb4, 0xb6, 0xa7, 0x3b, 0xf6, 0x01, 0xa4, 0x0b, 0x5f,
    0xb4, 0xb1, 0xb2, 0x76, 0xcc, 0xe4, 0xef, 0xfe, 0x5e, 0xdf, 0x43, 0xfa,
    0xde, 0xbb, 0xc8, 0x7b, 0x5c, 0xae, 0x62, 0xd2, 0xff, 0x69, 0x93, 0x7e,
    0xc3, 0x55, 0x17, 0x83, 0xa1, 0xa5, 0xe8, 0xa7, 0xd3, 0x46, 0x76, 0xce,
    0xfc, 0xa2, 0x5d, 0x65, 0x52, 0x90, 0x17, 0x66, 0x64, 0x9f, 0x38, 0x92,
    0x6f, 0x01, 0x3a, 0xbb, 0x6f, 0xc5, 0x23, 0x86, 0x1b, 0x4a, 0x4b, 0xa8,
    0x0c, 0x50, 0x1f, 0x0f, 0x7c, 0x12, 0xd9, 0x61, 0x2f, 0xd7, 0x90, 0x24,
    0x1b, 0x0a, 0xb8, 0xa9, 0x55, 0x41, 0x9e, 0xb3, 0xb2, 0xb7, 0x08, 0x9e,
    0xfc, 0x4f, 0x6e, 0x0a, 0xae, 0x6c, 0x33, 0x75, 0x50, 0xdd, 0xe2, 0x81,
    0x1e, 0x12, 0xe3, 0xb3, 0x65, 0x30, 0x07, 0x56, 0xc6, 0x39, 0x14, 0x75,
    0x83, 0xb7, 0x86, 0xbf, 0x82, 0x5f, 0xc4, 0xf8, 0x4c, 0x39, 0x44, 0x90,
    0xad, 0x18, 0xee, 0x8a, 0x5c, 0x5f, 0x34, 0x6c, 0x4a, 0x0d, 0xdf, 0xf0,
    0x7c, 0xb4, 0x33, 0x3f, 0x95, 0x38, 0x62, 0x6d, 0xaa, 0x23, 0x13, 0x80,
    0x89, 0x23, 0x9c, 0x8e, 0x5b, 0xb7, 0x95, 0x92, 0x3d, 0x2a, 0xc7, 0x0b,
    0x30, 0xe7, 0x88, 0xdc, 0x82, 0xfa, 0x20, 0x2e, 0xf3, 0x54, 0xe9, 0x79,
    0x75, 0x36, 0x10, 0xf2, 0x74, 0xdb, 0x19, 0x6e, 0x81, 0xaf, 0x69, 0xbc,
    0x20, 0x52, 0xdd, 0x58, 0xaa, 0xed, 0x2e, 0xcd, 0x95, 0x00, 0x07, 0xe4,
    0x61, 0xf6, 0x7c, 0x85, 0x71, 0x18, 0xcf, 0xba, 0x0e, 0xe7, 0x4f, 0x92,
    0x24, 0x6c, 0xec, 0x67, 0x1a, 0x8c, 0xd5, 0x2f, 0x83, 0x44, 0x5e, 0xa5,
    0x56, 0x36, 0x89, 0x0c, 0x82, 0x98, 0xf4, 0x75, 0x5c, 0xd0, 0x11, 0x92,
    0xbe, 0xc5, 0xed, 0xa1, 0x9a, 0x55, 0x11, 0xd0, 0xfe, 0xbe, 0x97, 0x74,
    0x45, 0x61, 0x5d, 0x74, 0x08, 0xff, 0x87, 0xc2, 0xff, 0xd3, 0x1b, 0xa9,
    0x74, 0xb9, 0xd0, 0x11, 0xdd, 0xf1, 0x19, 0xc4, 0x16, 0x84, 0xdd, 0xa0,
    0x13, 0x2b, 0x4c, 0xdb, 0x24, 0xbd, 0x40, 0x10, 0xfd, 0xbc, 0x66, 0x62,
    0x8d, 0xc5, 0x26, 0x73, 0xa9, 0x74, 0xd6, 0x76, 0x74, 0x2c, 0x76, 0xb7,
    0x84, 0xb3, 0x47, 0x01, 0x22, 0x32, 0xf1, 0xc0, 0x47, 0x50, 0x56, 0x81,
    0xb9, 0xc2, 0xd2, 0xec, 0x09, 0x13, 0x35, 0x39, 0x5a, 0x77, 0x8f, 0xb9,
    0xc2, 0xd5, 0xff, 0x91, 0xa2, 0xa3, 0x09, 0x21, 0x29, 0x84, 0x95, 0xb7,
    0xe7, 0xf4, 0x85, 0x86, 0xfe, 0x10, 0x15, 0xbd, 0xde, 0x03, 0x4d, 0x52,
    0x6c, 0x7f, 0x8b, 0xba, 0xbb, 0xc7, 0xd8, 0xf9, 0xff, 0x1c, 0x1e, 0x30,
    0x38, 0x63, 0x6c, 0x6f, 0x70, 0xc3, 0xcb, 0x00, 0x00, 0x00, 0x00, 0x00,
    0x00, 0x00, 0x00, 0x00, 0x00, 0x00, 0x00, 0x00, 0x00, 0x00, 0x00, 0x08,
    0x13, 0x16, 0x1e, 0x21, 0x25, 0x31, 0x3b
};
static const unsigned char kat_mldsa87_sig_ph512[] = {
    0xa6, 0x9f, 0x4a, 0x18, 0xff, 0xa1, 0x89, 0x2c, 0x8c, 0x80, 0xf3, 0x17,
    0xa5, 0x20, 0xd3, 0x60, 0x4d, 0x31, 0x86, 0x41, 0xa0, 0x62, 0xd8, 0x40,
    0x43, 0xdf, 0x7f, 0xeb, 0xaf, 0x5c, 0x3e, 0xed, 0x82, 0x5a, 0x59, 0xaf,
    0x4d, 0xcf, 0x8d, 0x37, 0x6c, 0x67, 0x63, 0x34, 0x29, 0xb0, 0xdb, 0x40,
    0x12, 0xad, 0x54, 0xea, 0xd9, 0xa2, 0x13, 0xdd, 0x6d, 0xd4, 0xd5, 0x36,
    0xfe, 0x91, 0x6c, 0x91, 0x61, 0x8c, 0x70, 0x3a, 0xd7, 0x78, 0x66, 0x2e,
    0x72, 0x4f, 0x2e, 0x1b, 0xa0, 0xee, 0x69, 0x31, 0xc2, 0x4d, 0x1b, 0x2b,
    0xd0, 0x70, 0x0f, 0xe3, 0x64, 0x24, 0xbe, 0x66, 0x08, 0x5e, 0xe4, 0x77,
    0x2c, 0xb1, 0xa6, 0x45, 0xa7, 0x80, 0xee, 0x4a, 0x11, 0x7e, 0x98, 0xf0,
    0xd8, 0x6b, 0xd3, 0x0b, 0x80, 0x36, 0x68, 0x01, 0x83, 0x65, 0x66, 0xe6,
    0xd0, 0xba, 0x7c, 0xfd, 0x2c, 0x74, 0x03, 0x0c, 0x92, 0xee, 0xb3, 0x9f,
    0x10, 0xdb, 0x4c, 0x2a, 0xe6, 0xff, 0x01, 0xec, 0xd6, 0xa0, 0x6e, 0x9a,
    0x8f, 0xfe, 0xab, 0x99, 0x2d, 0x55, 0x68, 0x06, 0x4f, 0x76, 0xa0, 0xa7,
    0x48, 0xbe, 0x9e, 0x7f, 0x71, 0xac, 0xc9, 0xe9, 0xab, 0xbb, 0x43, 0xcc,
    0x62, 0x32, 0xa1, 0x22, 0x25, 0x74, 0x07, 0xe7, 0x78, 0x4f, 0x7f, 0xd9,
    0xb4, 0x64, 0x35, 0x8e, 0x98, 0xc6, 0xfe, 0x7f, 0xdf, 0x54, 0xc6, 0x2e,
    0xde, 0xe9, 0xb9, 0x6b, 0x5a, 0x13, 0xc6, 0xc0, 0xaa, 0x06, 0x5e, 0xa6,
    0x26, 0x50, 0x45, 0x0e, 0xfe, 0xcb, 0xee, 0x16, 0x91, 0xe6, 0xec, 0x5b,
    0x9c, 0xcb, 0x6e, 0x59, 0x76, 0xc1, 0x95, 0x72, 0x5e, 0x41, 0x57, 0xcf,
    0xa6, 0x51, 0x6a, 0x19, 0x25, 0x2d, 0xd8, 0x76, 0x7d, 0xc5, 0xda, 0xd9,
    0x95, 0xdc, 0x09, 0x8b, 0xe0, 0x60, 0x7a, 0x9e, 0x53, 0xb0, 0x88, 0x86,
    0xa3, 0x1d, 0x82, 0x4b, 0x7b, 0xda, 0xdb, 0x0c, 0x1b, 0xc0, 0x95, 0x80,
    0x7f, 0xcb, 0x8f, 0x05, 0xbe, 0xa9, 0x4c, 0x57, 0x67, 0x3e, 0x43, 0x05,
    0x5f, 0x1f, 0x50, 0xe1, 0x3e, 0x83, 0x5c, 0xc6, 0xe0, 0x5c, 0x9d, 0xa4,
    0x5a, 0xf3, 0xf0, 0x3e, 0x3c, 0x26, 0x74, 0x85, 0x2b, 0x2d, 0xb8, 0x82,
    0x5f, 0x61, 0x15, 0xf8, 0x50, 0xc5, 0xf6, 0xf3, 0x5f, 0x97, 0x25, 0x4f,
    0xbd, 0x3a, 0x10, 0xbe, 0xf9, 0xd3, 0x68, 0xee, 0xd0, 0x6f, 0x1b, 0xc2,
    0xfb, 0x35, 0xca, 0xca, 0x77, 0xbb, 0x91, 0x74, 0x39, 0xae, 0x6c, 0x1c,
    0x71, 0x02, 0x7b, 0x6a, 0xb8, 0xfb, 0x14, 0x42, 0x20, 0x48, 0x85, 0x90,
    0x03, 0x81, 0x8a, 0xa1, 0x3c, 0xbc, 0x00, 0x1e, 0x0b, 0xaa, 0x71, 0x59,
    0xb8, 0xcc, 0x03, 0xbd, 0xf3, 0xd1, 0xa1, 0x6f, 0x7e, 0xaa, 0x10, 0xfe,
    0x44, 0x48, 0x47, 0x39, 0xec, 0x0c, 0x7b, 0x4c, 0x8b, 0xdc, 0x0a, 0x51,
    0x75, 0x0b, 0x35, 0xaa, 0xae, 0x00, 0x7b, 0x9f, 0x32, 0x55, 0x97, 0x0e,
    0xb0, 0x23, 0xf2, 0xc0, 0xa3, 0x6a, 0xea, 0x7e, 0x42, 0x55, 0xe1, 0x8c,
    0x39, 0xc6, 0x56, 0xfa, 0x0d, 0x5f, 0xfe, 0x96, 0xb8, 0x7f, 0xce, 0xe3,
    0x79, 0xb4, 0x3c, 0xb0, 0x54, 0x09, 0x08, 0xf4, 0x0b, 0x44, 0xdb, 0xd8,
    0xee, 0xab, 0x06, 0x80, 0xb6, 0x33, 0x27, 0xa7, 0x32, 0x63, 0x25, 0x6b,
    0x07, 0xc6, 0x25, 0x2a, 0x25, 0x46, 0xfc, 0xa4, 0x36, 0xc9, 0x5b, 0xca,
    0xa6, 0x23, 0x82, 0xff, 0xfe, 0x85, 0xe3, 0x00, 0xe9, 0x4e, 0xde, 0xd6,
    0xc5, 0xa8, 0x80, 0x52, 0x4a, 0xd7, 0x53, 0xcd, 0x10, 0xa2, 0xb7, 0x1c,
    0x9b, 0x1b, 0x19, 0x16, 0x00, 0xc6, 0xee, 0xde, 0x30, 0x5e, 0x00, 0xc2,
    0xa7, 0x2a, 0x48, 0x33, 0xe2, 0x4d, 0xfb, 0x2e, 0x7d, 0xff, 0xa8, 0xd8,
    0x98, 0xca, 0xa7, 0xe0, 0x0d, 0xf4, 0x08, 0x4a, 0x36, 0xf2, 0x54, 0xe3,
    0xe8, 0xb3, 0xd5, 0xb4, 0xb6, 0x1e, 0xbc, 0x7d, 0x5c, 0x2e, 0x74, 0xcd,
    0x16, 0x67, 0x7d, 0xe1, 0xa7, 0xb4, 0x43, 0x5b, 0x51, 0xf1, 0xd2, 0xd8,
    0x4b, 0xe6, 0x42, 0x7a, 0x84, 0x2d, 0xa3, 0xae, 0x87, 0xd1, 0x13, 0x1a,
    0x8b, 0x71, 0x7d, 0x3b, 0xf9, 0x81, 0x51, 0x5c, 0x9f, 0x93, 0x0e, 0xcd,
    0x30, 0x6c, 0x4b, 0x1d, 0x50, 0x28, 0x53, 0x7e, 0xdf, 0x4f, 0xfd, 0xc1,
    0x7a, 0xc0, 0x95, 0xed, 0xf2, 0x59, 0xe2, 0x8b, 0x72, 0x4a, 0xc6, 0xff,
    0x56, 0xd4, 0xda, 0xd5, 0x1c, 0xdc, 0xe7, 0x76, 0x4d, 0xe5, 0xb2, 0x80,
    0xe8, 0xda, 0x5a, 0xd9, 0x29, 0x28, 0x9f, 0xec, 0x7b, 0x88, 0x54, 0x5d,
    0x44, 0x06, 0x6c, 0xf2, 0x51, 0x66, 0xa7, 0x23, 0x98, 0x22, 0x09, 0xff,
    0xdc, 0xf6, 0x91, 0x73, 0xa4, 0xe1, 0x5b, 0xb4, 0xe9, 0xb3, 0xec, 0xb8,
    0x61, 0x3a, 0x3c, 0xa7, 0xb8, 0xd3, 0x51, 0x90, 0x67, 0xbf, 0x56, 0xc1,
    0x7f, 0xef, 0x62, 0xb7, 0x99, 0x3b, 0x6f, 0xff, 0x17, 0xb8, 0x22, 0xb2,
    0x39, 0xfb, 0x70, 0x9e, 0x57, 0x76, 0xee, 0x7f, 0xb8, 0x16, 0xfb, 0x41,
    0x3f, 0x3e, 0x23, 0xc3, 0x8c, 0x93, 0xc7, 0x0f, 0x05, 0x22, 0xf7, 0x14,
    0x91, 0x16, 0xcb, 0xa4, 0x4e, 0xdd, 0xfc, 0xc2, 0x71, 0x71, 0x3a, 0x72,
    0x39, 0x56, 0x05, 0xa0, 0x05, 0xe8, 0xe6, 0xa8, 0xfe, 0xbc, 0x6a, 0xc7,
    0x8b, 0x7a, 0x39, 0x43, 0x85, 0xd9, 0x70, 0x4d, 0x6a, 0x41, 0x9b, 0xd8,
    0xcd, 0x04, 0x45, 0x6d, 0x00, 0xd0, 0xd0, 0x47, 0x9d, 0xcf, 0xfd, 0xeb,
    0xcd, 0xa4, 0x7e, 0x3a, 0x20, 0x72, 0x59, 0x9d, 0x00, 0x57, 0x1d, 0xff,
    0x37, 0x2f, 0x60, 0x70, 0x35, 0xdf, 0x84, 0x34, 0x86, 0x8e, 0x4b, 0x21,
    0xf0, 0x31, 0x4a, 0xbf, 0x80, 0x21, 0xa0, 0x58, 0x4b, 0x98, 0x4e, 0x77,
    0xbf, 0xf0, 0xc5, 0x58, 0xe3, 0xac, 0x43, 0x63, 0x02, 0x90, 0xa7, 0x6e,
    0x4b, 0x58, 0xa2, 0xfa, 0xba, 0x4d, 0xb7, 0xa5, 0x97, 0xce, 0xbc, 0xbe,
    0xd4, 0x2b, 0xd8, 0x13, 0x32, 0x5b, 0xd3, 0xce, 0xd8, 0xd9, 0xde, 0xd2,
    0xcf, 0x66, 0x91, 0x01, 0x83, 0x92, 0xd0, 0x36, 0xc7, 0x7d, 0x45, 0x81,
    0xf1, 0x9e, 0xb0, 0xff, 0x0f, 0x54, 0xb6, 0x78, 0x7b, 0x10, 0x76, 0x94,
    0xbe, 0x8c, 0xad, 0xba, 0x70, 0xe6, 0x9b, 0xf5, 0x9b, 0x52, 0xef, 0xb5,
    0xd9, 0x09, 0xf0, 0x88, 0xc1, 0xbe, 0x79, 0xc6, 0xaa, 0xd6, 0x37, 0x3f,
    0x04, 0x27, 0x76, 0x7f, 0x2f, 0xb1, 0x51, 0x07, 0x91, 0xe2, 0x66, 0xb8,
    0x11, 0x57, 0xfd, 0x6a, 0x53, 0x6a, 0x15, 0xf8, 0x30, 0x98, 0x05, 0x9f,
    0x33, 0x3f, 0xd5, 0x29, 0xc5, 0x6d, 0xf2, 0x20, 0xa5, 0xfe, 0xcd, 0x4d,
    0xbe, 0xee, 0x19, 0xc1, 0x38, 0x7f, 0x59, 0x9a, 0x71, 0x05, 0xac, 0x51,
    0x06, 0x22, 0xc6, 0xbe, 0x98, 0xc9, 0x83, 0x05, 0x7d, 0xf1, 0xe2, 0xc7,
    0xad, 0xa5, 0x8e, 0x60, 0xdb, 0x49, 0x1d, 0x34, 0x75, 0xf8, 0xdd, 0x58,
    0x0f, 0x51, 0x25, 0xf9, 0x8b, 0xc5, 0xf7, 0xcb, 0xb7, 0xd0, 0x80, 0xfd,
    0xc5, 0x5f, 0xa9, 0xcf, 0x1f, 0x14, 0xfd, 0x4f, 0xd1, 0xa2, 0x65, 0x32,
    0x89, 0x65, 0x5d, 0x0d, 0x54, 0x07, 0xf2, 0xd5, 0x21, 0x6c, 0x65, 0x91,
    0xf0, 0xac, 0xb5, 0xd7, 0xbb, 0xc1, 0x74, 0x5c, 0x6d, 0xdb, 0x83, 0x09,
    0x8a, 0x84, 0x9c, 0xc9, 0xa3, 0x20, 0xf1, 0xc0, 0x63, 0x0c, 0xfd, 0xf9,
    0x3e, 0x9c, 0xb1, 0xb7, 0x42, 0x19, 0x60, 0x05, 0x6b, 0xec, 0x85, 0x3b,
    0xf2, 0x9e, 0x7d, 0x44, 0xbf, 0x3a, 0x04, 0x38, 0x87, 0x64, 0xf7, 0x99,
    0xe6, 0xef, 0x7e, 0x7b, 0x5a, 0x17, 0x8d, 0x6a, 0x96, 0x62, 0xc0, 0x0a,
    0x45, 0x2a, 0x47, 0x62, 0xa9, 0x3b, 0x22, 0x7f, 0x85, 0x58, 0x4c, 0xbe,
    0x6a, 0x59, 0x31, 0xfd, 0x73, 0x7a, 0xdc, 0x47, 0x65, 0x91, 0x2a, 0x3d,
    0xc6, 0x78, 0x2b, 0x75, 0x08, 0xa3, 0x20, 0xb3, 0x7e, 0x8d, 0xec, 0x68,
    0x4e, 0x04, 0x18, 0xad, 0x5f, 0xba, 0x3f, 0x26, 0xdf, 0x0c, 0xdb, 0xab,
    0x77, 0x47, 0xdd, 0xd9, 0xa9, 0x0a, 0x88, 0x70, 0xa4, 0x50, 0xea, 0xd4,
    0x36, 0xe3, 0x91, 0x17, 0x81, 0x48, 0x6a, 0xc7, 0x02, 0x86, 0x31, 0xe8,
    0x40, 0x0b, 0xb0, 0x73, 0x3e, 0x68, 0x9c, 0x78, 0xf9, 0x5a, 0xd1, 0x22,
    0x59, 0x26, 0x47, 0x72, 0x1b, 0xef, 0x21, 0xb0, 0x69, 0xe4, 0x6b, 0xa8,
    0xb5, 0x5c, 0xf7, 0xf8, 0x13, 0x72, 0x93, 0xb2, 0xd7, 0x7f, 0xfe, 0xa4,
    0x3d, 0x43, 0x8c, 0x05, 0x88, 0x69, 0x98, 0x2f, 0xe1, 0xba, 0x1d, 0xf0,
    0x81, 0x2e, 0xf0, 0x0a, 0x21, 0x61, 0xc2, 0x98, 0x6b, 0x6e, 0x29, 0x4c,
    0xe1, 0x86, 0xa1, 0x87, 0x9e, 0x1e, 0x5e, 0x30, 0xdf, 0x47, 0x29, 0xf6,
    0xd5, 0x7d, 0x6a, 0x0e, 0x49, 0x11, 0x29, 0x2d, 0x88, 0xf3, 0x26, 0xaf,
    0x36, 0x30, 0x10, 0x2e, 0xf6, 0xf8, 0x4e, 0xe1, 0x9b, 0xe0, 0x68, 0xbb,
    0x70, 0x08, 0x38, 0xb9, 0x10, 0xa8, 0x6c, 0x09, 0x2b, 0xb5, 0x70, 0xbb,
    0xaf, 0x8b, 0xbe, 0x8b, 0xd5, 0xe3, 0x57, 0x1f, 0xc2, 0x5c, 0xfa, 0x2a,
    0x6e, 0x79, 0x92, 0x5e, 0xad, 0x98, 0x9d, 0x48, 0x60, 0xe1, 0xa0, 0xe0,
    0x70, 0xec, 0xa1, 0xc4, 0x0f, 0x62, 0xc5, 0x12, 0xde, 0xab, 0x3f, 0x09,
    0x75, 0xa4, 0xca, 0xb0, 0xf0, 0x48, 0xdc, 0x4b, 0xd3, 0x8b, 0x83, 0xc4,
    0x01, 0x30, 0xf5, 0x50, 0xa3, 0xc9, 0xef, 0xd9, 0x25, 0x9b, 0x1b, 0xfd,
    0xb0, 0x06, 0x74, 0x98, 0x2d, 0x0b, 0x33, 0xa7, 0x19, 0x40, 0xaa, 0x18,
    0xc7, 0x90, 0x11, 0x6e, 0x5a, 0xe9, 0xd4, 0x07, 0x6b, 0x26, 0xb4, 0xf6,
    0xfe, 0x4d, 0x86, 0x61, 0x3e, 0x3b, 0x4d, 0x89, 0x2e, 0x73, 0xdb, 0x98,
    0xa9, 0x4a, 0x40, 0x4e, 0x12, 0x06, 0xbd, 0xa3, 0x26, 0x47, 0x3a, 0x53,
    0x11, 0xd1, 0x86, 0x17, 0x34, 0x90, 0xd8, 0xdd, 0x65, 0x14, 0x1c, 0x00,
    0x8f, 0x72, 0x71, 0x97, 0x46, 0x98, 0x2b, 0x27, 0x6b, 0x90, 0xed, 0xc6,
    0xc7, 0x7b, 0x7a, 0x7d, 0x64, 0x96, 0xfa, 0xab, 0x53, 0xcf, 0x40, 0x24,
    0xc7, 0x7a, 0x3e, 0x53, 0xa5, 0x22, 0x5e, 0x62, 0xac, 0xe3, 0x77, 0xc3,
    0xef, 0xf0, 0x02, 0xd9, 0x82, 0x8c, 0x7f, 0x53, 0x53, 0xf7, 0x9d, 0xe8,
    0x9a, 0xd7, 0x26, 0x1e, 0x67, 0xbc, 0x68, 0xe0, 0x83, 0x76, 0xda, 0xea,
    0x41, 0x98, 0x63, 0x99, 0x06, 0x11, 0xc8, 0x6b, 0x0d, 0x6b, 0x68, 0xdf,
    0xed, 0xbb, 0x30, 0x46, 0xc0, 0x82, 0xf9, 0x1c, 0x94, 0x7c, 0x25, 0xbb,
    0x60, 0x02, 0x39, 0x46, 0xc7, 0x91, 0xae, 0xaa, 0xb5, 0x30, 0xb9, 0x5d,
    0xfc, 0xbd, 0xea, 0xdf, 0x53, 0x43, 0xe0, 0xae, 0xbb, 0xae, 0x0f, 0x93,
    0xda, 0x10, 0x01, 0xee, 0x4a, 0x70, 0x0f, 0x07, 0x36, 0x3e, 0x8f, 0x7d,
    0xd1, 0x5a, 0xd2, 0x3e, 0x5a, 0x0f, 0x29, 0xfd, 0xf9, 0x23, 0x90, 0x5a,
    0x9b, 0xa0, 0x16, 0x6c, 0xc0, 0xb7, 0x27, 0xe9, 0x6b, 0x6c, 0xb6, 0x75,
    0xb7, 0xe6, 0xdd, 0xd7, 0x8c, 0xb2, 0x9c, 0x50, 0x33, 0x9e, 0x5b, 0xa5,
    0x77, 0x4b, 0xff, 0xd5, 0x26, 0x78, 0xa2, 0xb0, 0xd0, 0xb8, 0x03, 0x25,
    0xd7, 0xa4, 0x78, 0x80, 0x9c, 0xf2, 0xee, 0xb2, 0xcd, 0x45, 0x15, 0x15,
    0xd8, 0x6c, 0xbf, 0x6b, 0xdf, 0x97, 0x97, 0x49, 0x10, 0x4b, 0xa3, 0x49,
    0xcf, 0xea, 0x41, 0x59, 0x99, 0x63, 0xb6, 0x99, 0xdf, 0x16, 0xe6, 0x22,
    0xb7, 0xaa, 0x3a, 0xc5, 0xf2, 0x11, 0xd4, 0xc3, 0x08, 0xb2, 0x57, 0xe0,
    0x0f, 0x89, 0x2c, 0x4e, 0x51, 0x64, 0xe6, 0x40, 0xb7, 0x26, 0x42, 0x06,
    0xc0, 0xd4, 0xc9, 0x1e, 0x5a, 0x5e, 0x5e, 0x54, 0x41, 0xdb, 0xe5, 0xa2,
    0x5a, 0x76, 0xce, 0xe9, 0xd8, 0xe2, 0x81, 0xb4, 0x78, 0x3d, 0x79, 0x55,
    0xa8, 0xd7, 0x74, 0x2d, 0xba, 0xc9, 0xed, 0xae, 0x10, 0x6e, 0x22, 0x46,
    0x4f, 0x91, 0xd8, 0x87, 0x15, 0x78, 0x56, 0xb5, 0x23, 0x6e, 0x3c, 0xc8,
    0x18, 0xf5, 0x92, 0xbf, 0x54, 0x0e, 0x17, 0x2d, 0x79, 0x49, 0x5c, 0x9d,
    0x67, 0x63, 0xab, 0x29, 0x5d, 0xe6, 0xc5, 0x84, 0x6d, 0x52, 0xe7, 0x28,
    0xa6, 0x36, 0xe1, 0xda, 0x6b, 0x45, 0xdb, 0xda, 0x0e, 0xf0, 0x9c, 0xc8,
    0xdc, 0xbe, 0x3b, 0x8f, 0x08, 0x87, 0x8e, 0xc9, 0xc4, 0xc0, 0xda, 0xc9,
    0xc2, 0x7f, 0xdf, 0x08, 0xd9, 0x85, 0x5c, 0xc2, 0x56, 0x26, 0x07, 0x4d,
    0x8a, 0x43, 0x31, 0xf4, 0x49, 0x53, 0x68, 0x3a, 0x9a, 0xd6, 0x4d, 0x2d,
    0xe9, 0x3e, 0xdc, 0x2f, 0x2e, 0x80, 0x33, 0xaf, 0xf4, 0x56, 0x97, 0x8e,
    0x39, 0x57, 0x78, 0x1f, 0x9e, 0x88, 0x6f, 0x86, 0xf5, 0x3d, 0x78, 0x19,
    0x04, 0xd8, 0xa1, 0x30, 0x94, 0x52, 0x49, 0x12, 0x7b, 0xbf, 0x6f, 0x34,
    0x01, 0x5a, 0xef, 0xca, 0x4e, 0x13, 0x8f, 0xb6, 0xec, 0xc0, 0xb3, 0x01,
    0x18, 0xdb, 0x84, 0x6e, 0x54, 0x37, 0x2f, 0x23, 0x58, 0x38, 0x2c, 0x93,
    0x1a, 0xdd, 0x13, 0xdd, 0x18, 0xf8, 0xbd, 0xda, 0xbd, 0xe4, 0x8d, 0x2c,
    0x5a, 0x7b, 0xde, 0xc8, 0x5a, 0x97, 0x6e, 0x1a, 0xf9, 0x62, 0x4c, 0x4e,
    0xe4, 0x7b, 0x69, 0x6c, 0xc1, 0xd1, 0x47, 0x00, 0x8c, 0x23, 0x3d, 0x89,
    0x9b, 0x1f, 0x18, 0x98, 0x8e, 0x13, 0xb6, 0xc8, 0xdc, 0xbd, 0x4e, 0x2e,
    0x1b, 0x9f, 0xbc, 0xba, 0x38, 0x4f, 0x55, 0x05, 0x64, 0x93, 0xb0, 0xed,
    0xfc, 0xb3, 0x60, 0x5c, 0xea, 0x2b, 0xd6, 0xeb, 0x4b, 0x5a, 0x65, 0x0e,
    0xe1, 0x35, 0x58, 0x68, 0x5f, 0x98, 0x17, 0x9c, 0x77, 0xe2, 0x36, 0xa0,
    0x5a, 0xdb, 0x3c, 0x08, 0x6c, 0x23, 0x70, 0x21, 0xf1, 0xbc, 0xb2, 0x4c,
    0xaf, 0x74, 0xaf, 0x0d, 0x0d, 0x11, 0xdb, 0x12, 0x4a, 0x72, 0xb1, 0x7e,
    0x32, 0xa6, 0xf9, 0x2a, 0x55, 0x76, 0x30, 0xb8, 0xf4, 0x43, 0x14, 0xf1,
    0xc3, 0x70, 0xcf, 0xd9, 0xc4, 0xc6, 0x90, 0xda, 0xf7, 0x00, 0xfa, 0xea,
    0x93, 0xdc, 0x19, 0xef, 0x11, 0x09, 0x86, 0x68, 0xd8, 0x52, 0xc6, 0xac,
    0x08, 0xca, 0x8f, 0xc8, 0x71, 0x15, 0x5c, 0x8a, 0x9f, 0x9b, 0x71, 0x3d,
    0x3e, 0x8f, 0x79, 0x93, 0xb7, 0xa4, 0x0a, 0x6f, 0xff, 0xa2, 0xfd, 0xec,
    0x4c, 0x4c, 0x14, 0xee, 0xe1, 0xcf, 0xc6, 0x5c, 0x8a, 0xee, 0x3a, 0x3e,
    0xaf, 0xee, 0x33, 0xea, 0x31, 0x85, 0x16, 0x63, 0x8f, 0x1a, 0x33, 0x9e,
    0xc8, 0xba, 0x5c, 0xe9, 0x30, 0x21, 0x5c, 0x96, 0xb7, 0x66, 0x14, 0xd6,
    0x13, 0x17, 0xbe, 0xe1, 0x6e, 0x1f, 0xb8, 0x03, 0xe8, 0x84, 0xb1, 0xe2,
    0x10, 0x70, 0x9f, 0x1a, 0x30, 0x41, 0xc7, 0xed, 0xf0, 0x93, 0xb3, 0x3f,
    0x74, 0x48, 0x6f, 0xce, 0x9b, 0x2c, 0x66, 0xb4, 0xd4, 0x56, 0x91, 0xba,
    0x38, 0x38, 0x9e, 0x7a, 0xb9, 0x95, 0xe5, 0x0b, 0xa9, 0xf5, 0x60, 0x02,
    0xa0, 0x30, 0xce, 0x60, 0x78, 0x6d, 0xbc, 0x22, 0x7e, 0xf1, 0x7b, 0x91,
    0x83, 0x9c, 0xb4, 0xe8, 0x91, 0x80, 0xcf, 0x8a, 0xa5, 0x4e, 0x17, 0x6a,
    0x43, 0x09, 0x92, 0x30, 0x64, 0xd8, 0x42, 0x21, 0xf7, 0xf0, 0x1c, 0x6f,
    0x19, 0x5f, 0xb8, 0x2c, 0x60, 0xc9, 0x9d, 0xc7, 0x65, 0x5b, 0xb5, 0x24,
    0x87, 0x66, 0x18, 0x3e, 0xc1, 0xdf, 0x48, 0xed, 0xe6, 0x90, 0x17, 0x8d,
    0x3f, 0xee, 0x70, 0x78, 0x6b, 0xaa, 0xdd, 0x2d, 0xca, 0x8c, 0x72, 0x0a,
    0xf2, 0x3f, 0x49, 0x1a, 0x0a, 0x7a, 0x01, 0x30, 0xcc, 0xd7, 0xee, 0x19,
    0x01, 0xca, 0x41, 0xb9, 0x02, 0x02, 0xe0, 0xe4, 0x07, 0x1a, 0xcf, 0x07,
    0x16, 0xe8, 0xbc, 0x54, 0x3f, 0x0f, 0x98, 0xc2, 0x1e, 0x94, 0xfd, 0x1f,
    0xc6, 0x31, 0x5d, 0x0f, 0x94, 0xe0, 0xe1, 0xb3, 0xb7, 0x40, 0x31, 0xcc,
    0xea, 0x5d, 0xf2, 0x49, 0x2b, 0x43, 0xe7, 0x82, 0x12, 0xf8, 0x10, 0x39,
    0xda, 0x31, 0x8f, 0x77, 0xfd, 0x23, 0x0b, 0xa6, 0x8c, 0xcb, 0x29, 0xd0,
    0x30, 0x57, 0xbf, 0x62, 0x9a, 0xe0, 0xd1, 0xe4, 0x3e, 0xc6, 0x3b, 0x44,
    0x62, 0xa9, 0x30, 0xcd, 0x13, 0x28, 0xc9, 0x7d, 0x01, 0xa9, 0xf7, 0x3d,
    0x0d, 0x83, 0x89, 0xac, 0x69, 0x7a, 0xe1, 0x70, 0x84, 0xc3, 0xfd, 0xa1,
    0x5e, 0xe8, 0x77, 0x18, 0x9b, 0xb3, 0x8a, 0x86, 0x36, 0x09, 0x7f, 0xe2,
    0x73, 0x3a, 0xc5, 0xf8, 0x41, 0x08, 0x65, 0xfd, 0x31, 0x99, 0x28, 0x83,
    0xae, 0x7e, 0xc6, 0xb5, 0xb7, 0x27, 0x39, 0xb7, 0x26, 0xe7, 0x49, 0xc9,
    0xc3, 0xaf, 0x86, 0xa3, 0x51, 0xc1, 0xa6, 0x42, 0xd6, 0x36, 0x4c, 0x72,
    0xed, 0xd7, 0x7f, 0x1b, 0x29, 0xe8, 0xdb, 0x59, 0x57, 0x16, 0xf2, 0x19,
    0x53, 0x9c, 0x6c, 0x28, 0x7c, 0x5b, 0x95, 0xe3, 0xf2, 0xda, 0xbc, 0x1d,
    0xbc, 0xbc, 0xce, 0x79, 0x17, 0x68, 0x4b, 0xe9, 0xc1, 0xc0, 0x7f, 0x53,
    0x52, 0x80, 0x51, 0x0a, 0x74, 0x11, 0x43, 0xd0, 0xee, 0xda, 0x12, 0xdd,
    0x0e, 0x8f, 0x39, 0xf4, 0x87, 0x59, 0x96, 0x2e, 0xc5, 0x83, 0x02, 0x21,
    0xf3, 0x1b, 0xe6, 0x45, 0x29, 0x62, 0xd4, 0x60, 0x92, 0x03, 0x45, 0x53,
    0xbc, 0x1b, 0xfa, 0x55, 0x12, 0x50, 0x6b, 0xeb, 0xb2, 0x88, 0xf2, 0xfb,
    0x8d, 0xed, 0xc6, 0x78, 0xbf, 0xea, 0x1b, 0xe2, 0x6f, 0x6f, 0x09, 0xed,
    0x29, 0x8b, 0xa8, 0x17, 0x9c, 0x61, 0x61, 0x9b, 0xc0, 0xbd, 0xc9, 0x8b,
    0x15, 0x16, 0x05, 0xfe, 0xa4, 0xbd, 0xac, 0x74, 0x6e, 0x1b, 0xfa, 0x0e,
    0xbd, 0xe5, 0xa8, 0x38, 0x0f, 0x91, 0x26, 0x69, 0x6c, 0x35, 0x49, 0xf3,
    0x7a, 0xb6, 0x5a, 0xc4, 0x62, 0xe0, 0x9b, 0x34, 0x88, 0x8d, 0xf3, 0x04,
    0x6c, 0x13, 0x3e, 0x72, 0x9b, 0xf5, 0xde, 0x7a, 0x97, 0x9b, 0x57, 0x62,
    0xb8, 0xa2, 0x7a, 0x2e, 0xf6, 0xbc, 0x51, 0x6d, 0xe6, 0xb0, 0xe3, 0x06,
    0x75, 0xed, 0x3c, 0xe1, 0x27, 0x46, 0x51, 0xdf, 0x23, 0x7f, 0x9a, 0x33,
    0xe4, 0x97, 0x87, 0x06, 0x1f, 0x4f, 0x16, 0x28, 0xc9, 0x1a, 0x32, 0x7c,
    0x7c, 0x04, 0x1f, 0xf4, 0x67, 0x21, 0xe7, 0x67, 0xfb, 0x92, 0xda, 0x36,
    0x60, 0x29, 0xfc, 0xdf, 0x80, 0x25, 0x46, 0x62, 0x61, 0xd2, 0xa7, 0xdb,
    0xa3, 0xe1, 0x1f, 0x8a, 0x5f, 0x09, 0xf5, 0x3c, 0x3c, 0x11, 0xb3, 0xd7,
    0x60, 0x9d, 0x39, 0x00, 0xad, 0xa7, 0xaf, 0x22, 0x1b, 0xb7, 0x2b, 0x3b,
    0x5b, 0xdc, 0x73, 0xbf, 0x0f, 0xe9, 0x10, 0x44, 0x63, 0x50, 0x11, 0xfc,
    0xaa, 0x37, 0x46, 0x68, 0xdc, 0x47, 0x86, 0x2a, 0x1e, 0x1a, 0x71, 0x3a,
    0x21, 0xbb, 0x57, 0x5a, 0xed, 0x98, 0xe8, 0xbf, 0x53, 0xf0, 0x37, 0x9d,
    0x18, 0x5b, 0x47, 0x5d, 0x1a, 0x77, 0xd5, 0xeb, 0x18, 0x32, 0x86, 0xe3,
    0x12, 0x98, 0xe9, 0xf0, 0x5a, 0x2f, 0xfb, 0x5b, 0xce, 0x38, 0xa2, 0x5d,
    0x72, 0x5b, 0x02, 0xd3, 0x61, 0x52, 0x59, 0x0b, 0x8a, 0x7a, 0x30, 0x3e,
    0x0f, 0xf2, 0x6b, 0x87, 0xe7, 0x44, 0x73, 0x00, 0xbd, 0x5a, 0x7f, 0xc4,
    0xf8, 0x02, 0x3f, 0xef, 0x32, 0x6a, 0x26, 0x3f, 0xb2, 0x63, 0x7c, 0x59,
    0x0d, 0x17, 0xe5, 0x3a, 0xe6, 0xe8, 0x2d, 0x1c, 0x75, 0x50, 0xf1, 0xd0,
    0x97, 0x17, 0xb3, 0x1f, 0x8e, 0x22, 0x27, 0xc5, 0xea, 0x2d, 0xf7, 0x33,
    0xfc, 0x50, 0x22, 0xc4, 0x34, 0xa6, 0x72, 0xa5, 0xd9, 0x75, 0xbf, 0x96,
    0xf3, 0x1c, 0x07, 0x63, 0x89, 0x3e, 0xde, 0x58, 0x9c, 0x42, 0x2c, 0xbc,
    0xf6, 0xb1, 0xf1, 0x67, 0x25, 0xd9, 0x87, 0x5d, 0x98, 0x42, 0xf6, 0xa5,
    0x9d, 0x3e, 0xc3, 0x46, 0x88, 0x72, 0xf1, 0x6e, 0xf2, 0x62, 0x8f, 0x58,
    0x1b, 0x70, 0xea, 0x7c, 0xde, 0x7b, 0x1e, 0x1d, 0x3c, 0x27, 0x40, 0x79,
    0xf4, 0x59, 0x6f, 0xde, 0x36, 0xf1, 0xdf, 0x8d, 0x8e, 0xff, 0x0c, 0x81,
    0x04, 0x94, 0x1e, 0xaa, 0x65, 0x6e, 0x4b, 0x0f, 0x00, 0xcd, 0xa4, 0x4c,
    0x30, 0x5b, 0xd4, 0xa4, 0x48, 0x6a, 0x06, 0x1d, 0x8c, 0xc6, 0xee, 0x5c,
    0xd9, 0x90, 0x31, 0xeb, 0x5d, 0x60, 0x03, 0xe3, 0x18, 0x2b, 0x92, 0xc1,
    0x6e, 0x6d, 0x53, 0xae, 0xa2, 0xf3, 0xc0, 0x33, 0x27, 0x58, 0xbe, 0xd9,
    0x1a, 0xaf, 0x5d, 0x1c, 0xfd, 0xab, 0x18, 0x8a, 0x11, 0x31, 0x11, 0x7a,
    0x8b, 0x72, 0x91, 0xfd, 0x60, 0xf7, 0xce, 0x0d, 0x13, 0xb8, 0xb6, 0xa2,
    0x9c, 0x0b, 0x32, 0x7a, 0x17, 0x93, 0x1a, 0x6b, 0xfc, 0x35, 0x1a, 0x0f,
    0x6e, 0x77, 0x10, 0x9c, 0x8c, 0x8c, 0x14, 0x0b, 0xe8, 0x1d, 0x88, 0xf9,
    0xbd, 0xff, 0xcc, 0xfd, 0x36, 0x49, 0x32, 0x45, 0x4a, 0xc3, 0x35, 0xf6,
    0x80, 0x1d, 0x72, 0x08, 0x8b, 0x9d, 0xfa, 0xaa, 0xae, 0x67, 0x6e, 0xd0,
    0x54, 0xe0, 0x90, 0x29, 0x9d, 0xcf, 0x3c, 0x00, 0xd7, 0x78, 0x7a, 0x47,
    0xa2, 0xbb, 0x49, 0xdd, 0x46, 0x0c, 0x1d, 0x97, 0x93, 0x80, 0xee, 0xc0,
    0x17, 0xb6, 0xff, 0x85, 0x36, 0x57, 0xd8, 0x5c, 0xaf, 0x87, 0x4a, 0x10,
    0xe6, 0xd5, 0xaa, 0x27, 0x62, 0x5c, 0x61, 0x8e, 0xd5, 0xa1, 0xd4, 0x61,
    0xe3, 0xf2, 0x5a, 0x20, 0x97, 0xe7, 0xa9, 0x85, 0xd7, 0xbf, 0x34, 0x29,
    0x02, 0x43, 0x8b, 0x00, 0x46, 0x9c, 0xe4, 0x12, 0xa4, 0xeb, 0xbc, 0x3a,
    0x27, 0x3d, 0x08, 0xfd, 0xa0, 0xa1, 0x82, 0x3c, 0x4b, 0x9d, 0x16, 0x2b,
    0x6c, 0x8f, 0x21, 0x73, 0x93, 0x30, 0x7c, 0x6b, 0x50, 0xd2, 0x30, 0x82,
    0x1e, 0x3a, 0xa0, 0xce, 0x84, 0xe5, 0xf2, 0x3c, 0xa9, 0x52, 0x14, 0x8c,
    0xc2, 0x3d, 0x21, 0xe0, 0xcb, 0x4e, 0x08, 0x69, 0x97, 0x22, 0x25, 0x7c,
    0xac, 0x08, 0xf4, 0xdd, 0x98, 0x27, 0x52, 0xb5, 0x24, 0x64, 0x92, 0x4a,
    0xae, 0x0b, 0xb2, 0xba, 0x87, 0x1a, 0x8e, 0x1c, 0x1a, 0x9a, 0x3b, 0x82,
    0x8a, 0xd6, 0xf3, 0x90, 0x01, 0x65, 0x8e, 0x9b, 0xd5, 0x62, 0x23, 0x03,
    0xa3, 0x93, 0x85, 0x35, 0x3d, 0x64, 0x74, 0xbf, 0x68, 0x77, 0x1b, 0xed,
    0x07, 0x61, 0xa1, 0xfd, 0xd6, 0x38, 0xc7, 0x68, 0x14, 0x73, 0x02, 0x01,
    0x34, 0x03, 0x5f, 0x27, 0x96, 0xf4, 0x5e, 0xf5, 0x66, 0x87, 0xf4, 0x75,
    0x0a, 0x46, 0x41, 0x0b, 0xd9, 0x7f, 0xad, 0x4c, 0x0b, 0x3f, 0xcd, 0x48,
    0x97, 0xd6, 0x04, 0x02, 0x5c, 0x59, 0x2d, 0xea, 0xf2, 0xc2, 0x83, 0xb3,
    0x25, 0x49, 0x39, 0xc5, 0xcd, 0x9d, 0x9d, 0x52, 0x77, 0x3c, 0x80, 0xdb,
    0x82, 0x75, 0xb4, 0xbe, 0x64, 0x8c, 0x97, 0xe8, 0xad, 0x27, 0x12, 0xb7,
    0x1b, 0x50, 0xf1, 0x79, 0xc6, 0xd3, 0x2b, 0xad, 0x2e, 0x2b, 0xd4, 0xf5,
    0x4d, 0xdf, 0xbc, 0xff, 0x0e, 0x15, 0x45, 0x8b, 0x7a, 0x7b, 0x7e, 0x31,
    0x11, 0x8c, 0x3d, 0x12, 0xa9, 0x48, 0x3b, 0xf0, 0xd0, 0xe5, 0xa0, 0x2d,
    0xe1, 0xd9, 0x45, 0xa0, 0x49, 0x8e, 0x71, 0x3c, 0xda, 0x6a, 0x80, 0xee,
    0x71, 0x8b, 0x00, 0xbb, 0x6c, 0x06, 0xad, 0xbb, 0xcc, 0xdb, 0xd4, 0x74,
    0x40, 0x5b, 0xbe, 0xa1, 0x4b, 0x8f, 0xc9, 0x32, 0x22, 0x76, 0x9d, 0x9d,
    0x8c, 0xd2, 0xa4, 0x42, 0x68, 0xb2, 0x04, 0xe9, 0x37, 0x83, 0x52, 0xd4,
    0xf1, 0x29, 0x4c, 0x07, 0x2b, 0x91, 0x75, 0xbf, 0xe8, 0x9b, 0xfb, 0xa3,
    0xd6, 0xe6, 0x65, 0xf7, 0xd9, 0x87, 0x50, 0xcb, 0xb0, 0x91, 0x67, 0x66,
    0x14, 0x9e, 0x56, 0x82, 0xeb, 0x41, 0xed, 0x64, 0x2a, 0xb1, 0xb4, 0xf2,
    0xd1, 0x84, 0x98, 0xa8, 0xc8, 0x9c, 0x73, 0xd9, 0x54, 0x38, 0x88, 0xb2,
    0x35, 0xa4, 0x1b, 0x6c, 0xde, 0x6a, 0x52, 0xfc, 0x2a, 0xe1, 0x6e, 0x22,
    0x0e, 0x07, 0x8e, 0x84, 0xc1, 0x38, 0x03, 0xbf, 0xe3, 0xbd, 0x47, 0xc2,
    0x56, 0xad, 0x00, 0xae, 0x89, 0xb0, 0x09, 0xf7, 0xd8, 0x1d, 0xbc, 0xc4,
    0x8b, 0x0e, 0xc8, 0x2e, 0x5c, 0x03, 0xc8, 0x22, 0x4b, 0xf7, 0x09, 0xc7,
    0x1a, 0xb2, 0x72, 0x50, 0x7a, 0xfd, 0x3b, 0xa5, 0xbd, 0x99, 0xa9, 0x63,
    0x46, 0x5f, 0xa7, 0x6b, 0xa6, 0xb2, 0xcb, 0x65, 0x33, 0xc6, 0x6f, 0x51,
    0xbd, 0x3e, 0x40, 0xd8, 0xb2, 0x15, 0x94, 0x67, 0x4c, 0x40, 0x5c, 0xee,
    0x20, 0xbb, 0x76, 0x24, 0xe1, 0x5d, 0x3d, 0xf0, 0x95, 0x52, 0xbb, 0x62,
    0xc5, 0xb7, 0xa9, 0xc6, 0x4e, 0xf5, 0xd2, 0x2e, 0xbd, 0x0f, 0xdd, 0x75,
    0x1a, 0x5f, 0x37, 0x99, 0x55, 0x7a, 0x3e, 0xee, 0x04, 0x2f, 0x7c, 0x22,
    0xd9, 0x52, 0xe4, 0xef, 0x78, 0xeb, 0xf3, 0x6b, 0x7a, 0x57, 0xca, 0x30,
    0x08, 0xb0, 0xde, 0xa0, 0x13, 0x24, 0xaa, 0x73, 0x54, 0x1a, 0xa9, 0x37,
    0x0b, 0x6a, 0x5f, 0x67, 0xfa, 0xf8, 0x24, 0x48, 0x88, 0x7b, 0xb9, 0xdb,
    0xe7, 0x88, 0x67, 0xb7, 0x3a, 0xe1, 0xe4, 0x98, 0x6b, 0xca, 0xee, 0x94,
    0xfe, 0xdb, 0xad, 0xb8, 0x27, 0xb2, 0x58, 0x49, 0x7e, 0x16, 0x76, 0xf9,
    0xc4, 0xdb, 0x6c, 0xa7, 0xaa, 0x15, 0xdb, 0x1c, 0x42, 0xac, 0xd0, 0x66,
    0xfa, 0xd7, 0x0b, 0xb8, 0xa0, 0x64, 0x35, 0x34, 0x9c, 0x95, 0x52, 0x3a,
    0xa1, 0xbf, 0xb3, 0x50, 0xf9, 0x2a, 0x1b, 0xb0, 0x8e, 0x19, 0x46, 0xc5,
    0x66, 0xcb, 0x61, 0xe4, 0x76, 0xa3, 0x74, 0xcb, 0x0f, 0x6a, 0x8b, 0x2e,
    0xad, 0xf4, 0x88, 0x00, 0x80, 0xe7, 0x31, 0xfa, 0x56, 0x7d, 0xb3, 0xee,
    0xfb, 0xb0, 0x59, 0xe1, 0xab, 0xc0, 0xa0, 0x8b, 0xcd, 0x77, 0x9d, 0x59,
    0x06, 0xf3, 0x16, 0x31, 0x20, 0x39, 0x90, 0xdc, 0x6e, 0xd6, 0x1d, 0x97,
    0x7b, 0x0a, 0x17, 0x8e, 0x01, 0x5b, 0x34, 0x4e, 0x3c, 0x5c, 0xc8, 0x26,
    0x0d, 0x4a, 0x53, 0xf8, 0x88, 0x87, 0xa7, 0xf2, 0x1a, 0xd5, 0x6a, 0x91,
    0x3d, 0x5f, 0x62, 0x81, 0x71, 0x03, 0xb2, 0xe8, 0xed, 0xeb, 0x0f, 0x8b,
    0x19, 0xf9, 0x0e, 0xf1, 0x12, 0x9c, 0xcf, 0x18, 0x02, 0x00, 0x81, 0x08,
    0x3e, 0x42, 0x9b, 0x1c, 0xd2, 0xa0, 0x64, 0xb6, 0xc0, 0xd4, 0xd6, 0x1e,
    0xd3, 0x65, 0x75, 0xb8, 0xcb, 0x25, 0xd2, 0xc1, 0x33, 0x68, 0xf0, 0xb8,
    0x25, 0x95, 0x43, 0x57, 0xf2, 0x0a, 0xab, 0x2d, 0x99, 0x08, 0x14, 0xab,
    0x2c, 0xd9, 0x99, 0x6e, 0x15, 0x0f, 0x9d, 0x82, 0xa5, 0x45, 0xf5, 0x38,
    0x78, 0x80, 0x8c, 0x17, 0xec, 0xfc, 0x25, 0x88, 0x1b, 0xe2, 0x3a, 0x6a,
    0x3d, 0x4d, 0x49, 0x9c, 0x59, 0x95, 0xe8, 0xb3, 0xdf, 0x66, 0xe2, 0x77,
    0x55, 0x1d, 0x3e, 0x22, 0xc0, 0xf8, 0x57, 0xe5, 0xac, 0x24, 0x8d, 0x2e,
    0x02, 0x0d, 0xb3, 0xd0, 0x85, 0x7b, 0x36, 0x4d, 0x1e, 0x41, 0x50, 0xcb,
    0x0c, 0x08, 0xe2, 0x36, 0x9b, 0x84, 0x00, 0xac, 0x7b, 0xd0, 0x21, 0xea,
    0x29, 0xa8, 0x18, 0x10, 0xa1, 0x34, 0x45, 0x37, 0xb3, 0xb5, 0x5a, 0x98,
    0xa7, 0xde, 0x61, 0x15, 0xc6, 0x1e, 0xd3, 0x8f, 0x6c, 0x36, 0x3e, 0x59,
    0xcb, 0x9a, 0x92, 0x7c, 0x48, 0xa5, 0x5f, 0x96, 0x3d, 0xde, 0xc8, 0x16,
    0x30, 0xe4, 0x97, 0xf2, 0x17, 0xa9, 0x20, 0x90, 0x6e, 0x11, 0xbd, 0x34,
    0x0f, 0x1d, 0xe9, 0xab, 0xac, 0xe9, 0xa5, 0x28, 0x85, 0x83, 0x6e, 0x1a,
    0xa1, 0x06, 0x77, 0x4f, 0x7c, 0xfe, 0x69, 0x0f, 0x06, 0x59, 0xd0, 0x23,
    0xd0, 0xce, 0xaa, 0x9d, 0x27, 0xb6, 0x3d, 0x36, 0x50, 0x75, 0x70, 0x5f,
    0xef, 0xe8, 0xe7, 0x5d, 0xd3, 0x2b, 0x95, 0xe1, 0x91, 0x39, 0x7a, 0x90,
    0x3d, 0x96, 0x16, 0xfa, 0xbf, 0x6e, 0x76, 0x07, 0x30, 0xea, 0xd7, 0x9d,
    0xc3, 0x39, 0x79, 0xa9, 0xca, 0x56, 0x67, 0x2e, 0xba, 0xe0, 0xfb, 0x9a,
    0x66, 0xa9, 0x36, 0x2f, 0x7e, 0xce, 0x03, 0x3a, 0xa0, 0x2f, 0x92, 0xeb,
    0xfd, 0x2a, 0x68, 0x93, 0x42, 0xde, 0x2d, 0x26, 0x56, 0xb2, 0x5a, 0x22,
    0x9f, 0x92, 0x5e, 0xb4, 0x5e, 0x14, 0x65, 0x6e, 0x89, 0x77, 0xfe, 0xde,
    0xb7, 0xba, 0x62, 0x9b, 0x0a, 0xab, 0x8e, 0xdb, 0x04, 0x4f, 0xc4, 0x38,
    0xa1, 0x4d, 0x1a, 0x5d, 0x17, 0x95, 0xa8, 0xcd, 0x8f, 0x82, 0x6f, 0xa5,
    0x6b, 0xf7, 0x43, 0x78, 0x9b, 0x32, 0xc7, 0x25, 0x16, 0x48, 0x61, 0x20,
    0x67, 0x2f, 0x0e, 0x1f, 0xbd, 0x6f, 0x73, 0x50, 0x10, 0x01, 0xc0, 0x3d,
    0xe7, 0xe2, 0xf2, 0x74, 0x99, 0x76, 0xe2, 0xd9, 0xce, 0x14, 0x96, 0x2d,
    0xc7, 0x50, 0x7e, 0xcc, 0x60, 0xa9, 0x52, 0x6e, 0x48, 0xf9, 0xb8, 0xa3,
    0x3a, 0x72, 0xe4, 0x24, 0x3c, 0x6d, 0xb1, 0xd3, 0x76, 0xed, 0xbf, 0xfb,
    0xde, 0xad, 0x4b, 0x1b, 0x7f, 0xdd, 0xc7, 0x74, 0xaf, 0x3c, 0x80, 0x38,
    0xdb, 0x47, 0x95, 0x75, 0xb7, 0x4b, 0x89, 0x20, 0x0a, 0xfe, 0xce, 0x0c,
    0x22, 0x78, 0xa4, 0xa6, 0xad, 0x5e, 0x26, 0x24, 0x6d, 0x4c, 0x82, 0x64,
    0x42, 0x11, 0xc0, 0x19, 0xb5, 0xaf, 0x9d, 0xf2, 0xef, 0xf1, 0xd4, 0x20,
    0x67, 0xb9, 0x43, 0xce, 0xeb, 0x48, 0x72, 0x36, 0xf2, 0x7d, 0xfa, 0x76,
    0x6f, 0xa3, 0x63, 0x03, 0x2f, 0x45, 0x86, 0x98, 0x71, 0xdb, 0x5b, 0x62,
    0x68, 0x54, 0x06, 0x6f, 0x6d, 0x56, 0x7b, 0x36, 0x38, 0x3d, 0x31, 0xb2,
    0x73, 0x09, 0x62, 0x82, 0x9f, 0xe8, 0x87, 0x93, 0xed, 0x1f, 0xfe, 0x44,
    0xc3, 0x5d, 0xa1, 0xdf, 0x42, 0x45, 0x31, 0x86, 0xa1, 0x72, 0x7e, 0x73,
    0x9c, 0x2c, 0x33, 0xa0, 0xe8, 0x07, 0xe2, 0x8e, 0x5c, 0xf9, 0xb2, 0x61,
    0xfe, 0x82, 0x63, 0xf7, 0xc6, 0x2a, 0x4d, 0xac, 0xea, 0x8a, 0xe0, 0x99,
    0xea, 0x02, 0x8b, 0xbd, 0x7f, 0x68, 0x3f, 0x38, 0x40, 0xc0, 0x75, 0x01,
    0xaf, 0xeb, 0x31, 0x62, 0x53, 0x4f, 0x34, 0x0b, 0x96, 0x20, 0x7d, 0x8c,
    0xde, 0xec, 0xf4, 0x17, 0xdd, 0xc8, 0x9b, 0x5f, 0x04, 0xfa, 0xe3, 0x33,
    0xbf, 0x96, 0xd0, 0xb3, 0xe0, 0x8a, 0x4d, 0xdf, 0xf9, 0xb4, 0x72, 0xf9,
    0x5a, 0xa6, 0xb6, 0xd2, 0x80, 0x6d, 0xcd, 0x38, 0x08, 0x11, 0xee, 0x48,
    0xa7, 0xd3, 0x8b, 0x42, 0x61, 0x5c, 0xfb, 0x81, 0xb0, 0x71, 0x0d, 0x8e,
    0x0c, 0x72, 0xf4, 0x8a, 0x3c, 0xf1, 0x69, 0x0a, 0x4e, 0x97, 0xbd, 0x96,
    0x26, 0x49, 0x4b, 0x45, 0x5c, 0x45, 0xf1, 0xdd, 0x27, 0x92, 0x03, 0xe4,
    0x16, 0xf8, 0x4a, 0x77, 0x37, 0xdc, 0xe5, 0x4a, 0x34, 0x08, 0x11, 0x5b,
    0xb9, 0x57, 0x3e, 0xc7, 0x6d, 0x34, 0x9d, 0x74, 0xae, 0xf7, 0x9d, 0xdd,
    0x10, 0xac, 0x52, 0x51, 0xc6, 0xce, 0xb3, 0x95, 0x01, 0xc7, 0x13, 0x4f,
    0x0c, 0x0b, 0x25, 0xb5, 0xca, 0x78, 0x86, 0xbb, 0xa4, 0xbd, 0x38, 0xcc,
    0xc3, 0xa1, 0x25, 0x94, 0xe0, 0x5c, 0xc2, 0x5e, 0xd4, 0xf1, 0x7b, 0x59,
    0xb0, 0x35, 0x72, 0x01, 0x65, 0x54, 0xb3, 0xf7, 0xc2, 0x59, 0x06, 0xc0,
    0xb6, 0xf0, 0x21, 0x7b, 0x18, 0xef, 0x68, 0x10, 0x0c, 0xaf, 0x7d, 0xcf,
    0x18, 0x32, 0x18, 0x4e, 0x0b, 0xdb, 0x18, 0x8d, 0xc1, 0x92, 0x8a, 0x7a,
    0xce, 0xfc, 0x99, 0xa3, 0x69, 0x95, 0xb1, 0xa5, 0x9b, 0xd4, 0x3f, 0x0d,
    0x1a, 0xbd, 0x83, 0xfa, 0xa5, 0x7f, 0x1b, 0x42, 0xec, 0x6f, 0xd7, 0xc0,
    0xe8, 0x48, 0x37, 0xcf, 0x70, 0xce, 0xcd, 0x54, 0x07, 0x43, 0x8c, 0xbc,
    0x6b, 0x09, 0x8d, 0x8b, 0xc3, 0xde, 0x50, 0x1b, 0x8c, 0x12, 0x14, 0x90,
    0xd6, 0x4c, 0xb7, 0xcf, 0x8a, 0x4b, 0xc7, 0x4b, 0x80, 0x20, 0xdb, 0xa8,
    0x46, 0x81, 0x7e, 0x58, 0x56, 0x38, 0xfc, 0xb2, 0x7b, 0xdc, 0xdb, 0x1b,
    0x99, 0x58, 0x07, 0xb6, 0x69, 0x58, 0x2c, 0xb5, 0xb4, 0xde, 0x67, 0x28,
    0x1b, 0xd6, 0xd6, 0xdd, 0xb7, 0x2a, 0x78, 0x15, 0x41, 0x2b, 0x41, 0xa2,
    0x3f, 0xd8, 0x3a, 0x7e, 0x31, 0x0c, 0x6d, 0x5a, 0x69, 0x14, 0x49, 0x08,
    0xa7, 0x9d, 0x30, 0x05, 0xf8, 0x64, 0x24, 0xcf, 0x71, 0xdd, 0x74, 0x4f,
    0x4c, 0xdb, 0x85, 0x9e, 0xf8, 0x4b, 0xc6, 0xa4, 0x4c, 0x22, 0x4c, 0x1a,
    0xeb, 0x12, 0x24, 0x6b, 0xe4, 0x8b, 0x43, 0x63, 0x33, 0xc3, 0x75, 0x5d,
    0xa1, 0xfe, 0x8e, 0xfe, 0x41, 0xdb, 0x38, 0x64, 0x47, 0xe4, 0x14, 0x1a,
    0x99, 0x87, 0x2a, 0xd3, 0xdd, 0x7d, 0x1b, 0xe6, 0x79, 0x8e, 0x74, 0x9e,
    0x9b, 0x64, 0x42, 0xe0, 0x13, 0xd8, 0x62, 0xff, 0x04, 0xaf, 0x49, 0xdc,
    0xce, 0x09, 0x14, 0x18, 0x11, 0x35, 0xd9, 0x91, 0x85, 0x08, 0x73, 0xae,
    0xc1, 0xff, 0xd7, 0x00, 0x1f, 0xdb, 0xa4, 0xaf, 0x58, 0x52, 0xb4, 0xc0,
    0xe5, 0xf8, 0x3e, 0x65, 0x94, 0x36, 0xfe, 0x8c, 0x41, 0xa2, 0x03, 0x8c,
    0xf8, 0xb3, 0x65, 0x0d, 0x8c, 0x4c, 0xde, 0x29, 0xe4, 0x08, 0x43, 0xf7,
    0x98, 0x02, 0x21, 0xb7, 0xce, 0xaf, 0x1d, 0x33, 0x5b, 0x91, 0x00, 0x33,
    0x67, 0x8b, 0x8a, 0xec, 0x95, 0x08, 0x1d, 0x53, 0x0d, 0x4e, 0x72, 0x7f,
    0xee, 0xa9, 0x10, 0xf8, 0x14, 0xb2, 0x03, 0x70, 0x90, 0x03, 0xc1, 0x53,
    0x26, 0x4f, 0xe8, 0xf1, 0xe5, 0xa8, 0xdf, 0x5d, 0x54, 0x6a, 0x3c, 0xb3,
    0xf4, 0x55, 0xcb, 0x62, 0x20, 0x8c, 0x95, 0x42, 0x56, 0x11, 0x03, 0x3d,
    0x44, 0x76, 0x1d, 0x5e, 0x6f, 0xb4, 0x29, 0x8a, 0xeb, 0x83, 0xa7, 0xdd,
    0x1a, 0x6b, 0x3e, 0xb5, 0xff, 0x2b, 0xdc, 0x55, 0x86, 0x52, 0x05, 0x66,
    0x7d, 0x00, 0x42, 0x42, 0x09, 0x25, 0x47, 0xdf, 0x90, 0xcb, 0x57, 0xd0,
    0x6b, 0x0f, 0x89, 0x79, 0xde, 0x07, 0x48, 0xa1, 0xa0, 0x11, 0x76, 0xd4,
    0x8e, 0x52, 0x00, 0x13, 0xdd, 0x3b, 0xda, 0x88, 0x0c, 0x19, 0x5c, 0x2c,
    0x81, 0x38, 0x9f, 0xc7, 0xf1, 0x25, 0x38, 0xc5, 0xca, 0x49, 0x12, 0x85,
    0x57, 0x66, 0xa9, 0x9f, 0x76, 0x06, 0x67, 0x57, 0xbe, 0x55, 0x5d, 0x82,
    0x65, 0xf7, 0xaa, 0x58, 0xc0, 0xb5, 0xde, 0x10, 0xcd, 0xce, 0x7f, 0x96,
    0x0e, 0xe5, 0x9f, 0xb2, 0x45, 0x64, 0xe7, 0xf3, 0x48, 0xc4, 0xd3, 0xea,
    0x18, 0xd7, 0x4d, 0xa5, 0x10, 0x1d, 0x2d, 0xec, 0x64, 0xf6, 0xc2, 0x13,
    0x5b, 0xba, 0x24, 0x94, 0xcf, 0x27, 0xce, 0x0f, 0xf1, 0xcf, 0x5d, 0x1f,
    0x56, 0xa0, 0xe6, 0x72, 0x17, 0x23, 0x55, 0x5f, 0x38, 0x3e, 0x62, 0x89,
    0x8e, 0xba, 0xf3, 0xf6, 0x03, 0x32, 0x36, 0x5c, 0x5e, 0x68, 0xc1, 0xc3,
    0xc9, 0xef, 0xfe, 0x01, 0x12, 0x48, 0x4e, 0x53, 0x6b, 0x83, 0xb0, 0x1c,
    0x3b, 0x62, 0x9a, 0xde, 0x7d, 0x90, 0xc1, 0xd1, 0xf0, 0x40, 0x5e, 0x72,
    0x8f, 0xb7, 0xd3, 0xdb, 0xe6, 0xe7, 0xf6, 0x1d, 0x2d, 0x70, 0x8b, 0x0c,
    0x24, 0x89, 0xb4, 0x00, 0x00, 0x00, 0x00, 0x00, 0x00, 0x00, 0x00, 0x00,
    0x00, 0x00, 0x00, 0x00, 0x00, 0x00, 0x00, 0x00, 0x00, 0x00, 0x00, 0x08,
    0x13, 0x1b, 0x20, 0x25, 0x2f, 0x33, 0x37
};

#endif /* MLDSA_OCTET_KAT_H */
